#pragma once

// Generated by tools/generate-fonts.py; do not edit.
// Source: fonts/ndot-57/Ndot57-Regular.ttf, 80px, 1bpp.

#include <FreeInkUIFont.h>

namespace platform::fonts::generated {

inline constexpr uint8_t kNDot4XLBitmap[] = {
    0x03, 0xC0, 0x07, 0xE0, 0x0F, 0xF0, 0x0F, 0xF0, 0x0F, 0xF0, 0x0F, 0xF0, 0x07, 0xE0, 0x03, 0xC0, 0x03, 0xC0, 0x07,
    0xE0, 0x0F, 0xF0, 0x0F, 0xF0, 0x0F, 0xF0, 0x0F, 0xF0, 0x07, 0xE0, 0x03, 0xC0, 0x03, 0xC0, 0x07, 0xE0, 0x0F, 0xF0,
    0x0F, 0xF0, 0x0F, 0xF0, 0x0F, 0xF0, 0x07, 0xE0, 0x03, 0xC0, 0x03, 0xC0, 0x07, 0xE0, 0x0F, 0xF0, 0x0F, 0xF0, 0x0F,
    0xF0, 0x0F, 0xF0, 0x07, 0xE0, 0x03, 0xC0, 0x00, 0x00, 0x00, 0x00, 0x00, 0x00, 0x00, 0x00, 0x00, 0x00, 0x00, 0x00,
    0x00, 0x00, 0x00, 0x00, 0x03, 0xC0, 0x07, 0xE0, 0x0F, 0xF0, 0x0F, 0xF0, 0x0F, 0xF0, 0x0F, 0xF0, 0x07, 0xE0, 0x03,
    0xC0, 0x03, 0xC0, 0x07, 0xE0, 0x0F, 0xF0, 0x0F, 0xF0, 0x0F, 0xF0, 0x0F, 0xF0, 0x07, 0xE0, 0x03, 0xC0, 0x03, 0xC3,
    0xC0, 0x07, 0xE7, 0xE0, 0x0F, 0xFF, 0xF0, 0x0F, 0xFF, 0xF0, 0x0F, 0xFF, 0xF0, 0x0F, 0xFF, 0xF0, 0x07, 0xE7, 0xE0,
    0x03, 0xC3, 0xC0, 0x03, 0xC3, 0xC0, 0x07, 0xE7, 0xE0, 0x0F, 0xFF, 0xF0, 0x0F, 0xFF, 0xF0, 0x0F, 0xFF, 0xF0, 0x0F,
    0xFF, 0xF0, 0x07, 0xE7, 0xE0, 0x03, 0xC3, 0xC0, 0x03, 0xC3, 0xC0, 0x07, 0xE7, 0xE0, 0x0F, 0xFF, 0xF0, 0x0F, 0xFF,
    0xF0, 0x0F, 0xFF, 0xF0, 0x0F, 0xFF, 0xF0, 0x07, 0xE7, 0xE0, 0x03, 0xC3, 0xC0, 0x00, 0x00, 0x00, 0x00, 0x00, 0x00,
    0x00, 0x00, 0x00, 0x00, 0x00, 0x00, 0x00, 0x00, 0x00, 0x00, 0x00, 0x00, 0x00, 0x00, 0x00, 0x00, 0x00, 0x00, 0x00,
    0x00, 0x00, 0x00, 0x00, 0x00, 0x00, 0x00, 0x00, 0x00, 0x00, 0x00, 0x00, 0x00, 0x00, 0x00, 0x00, 0x00, 0x00, 0x00,
    0x00, 0x00, 0x00, 0x00, 0x00, 0x00, 0x00, 0x00, 0x00, 0x00, 0x00, 0x00, 0x00, 0x00, 0x00, 0x00, 0x00, 0x00, 0x00,
    0x00, 0x00, 0x00, 0x00, 0x00, 0x00, 0x00, 0x00, 0x00, 0x00, 0x00, 0x00, 0x00, 0x00, 0x00, 0x00, 0x00, 0x00, 0x00,
    0x00, 0x00, 0x00, 0x00, 0x00, 0x00, 0x00, 0x00, 0x00, 0x00, 0x00, 0x00, 0x00, 0x00, 0x00, 0x03, 0xC0, 0x03, 0xC0,
    0x00, 0x00, 0x07, 0xE0, 0x07, 0xE0, 0x00, 0x00, 0x0F, 0xF0, 0x0F, 0xF0, 0x00, 0x00, 0x0F, 0xF0, 0x0F, 0xF0, 0x00,
    0x00, 0x0F, 0xF0, 0x0F, 0xF0, 0x00, 0x00, 0x0F, 0xF0, 0x0F, 0xF0, 0x00, 0x00, 0x07, 0xE0, 0x07, 0xE0, 0x00, 0x00,
    0x03, 0xC0, 0x03, 0xC0, 0x00, 0x00, 0x03, 0xC0, 0x03, 0xC0, 0x00, 0x00, 0x07, 0xE0, 0x07, 0xE0, 0x00, 0x00, 0x0F,
    0xF0, 0x0F, 0xF0, 0x00, 0x00, 0x0F, 0xF0, 0x0F, 0xF0, 0x00, 0x00, 0x0F, 0xF0, 0x0F, 0xF0, 0x00, 0x00, 0x0F, 0xF0,
    0x0F, 0xF0, 0x00, 0x00, 0x07, 0xE0, 0x07, 0xE0, 0x00, 0x00, 0x03, 0xC0, 0x03, 0xC0, 0x00, 0x03, 0xC3, 0xC3, 0xC3,
    0xC3, 0xC0, 0x07, 0xE7, 0xE7, 0xE7, 0xE7, 0xE0, 0x0F, 0xFF, 0xFF, 0xFF, 0xFF, 0xF0, 0x0F, 0xFF, 0xFF, 0xFF, 0xFF,
    0xF0, 0x0F, 0xFF, 0xFF, 0xFF, 0xFF, 0xF0, 0x0F, 0xFF, 0xFF, 0xFF, 0xFF, 0xF0, 0x07, 0xE7, 0xE7, 0xE7, 0xE7, 0xE0,
    0x03, 0xC3, 0xC3, 0xC3, 0xC3, 0xC0, 0x00, 0x03, 0xC0, 0x03, 0xC0, 0x00, 0x00, 0x07, 0xE0, 0x07, 0xE0, 0x00, 0x00,
    0x0F, 0xF0, 0x0F, 0xF0, 0x00, 0x00, 0x0F, 0xF0, 0x0F, 0xF0, 0x00, 0x00, 0x0F, 0xF0, 0x0F, 0xF0, 0x00, 0x00, 0x0F,
    0xF0, 0x0F, 0xF0, 0x00, 0x00, 0x07, 0xE0, 0x07, 0xE0, 0x00, 0x00, 0x03, 0xC0, 0x03, 0xC0, 0x00, 0x03, 0xC3, 0xC3,
    0xC3, 0xC3, 0xC0, 0x07, 0xE7, 0xE7, 0xE7, 0xE7, 0xE0, 0x0F, 0xFF, 0xFF, 0xFF, 0xFF, 0xF0, 0x0F, 0xFF, 0xFF, 0xFF,
    0xFF, 0xF0, 0x0F, 0xFF, 0xFF, 0xFF, 0xFF, 0xF0, 0x0F, 0xFF, 0xFF, 0xFF, 0xFF, 0xF0, 0x07, 0xE7, 0xE7, 0xE7, 0xE7,
    0xE0, 0x03, 0xC3, 0xC3, 0xC3, 0xC3, 0xC0, 0x00, 0x03, 0xC0, 0x03, 0xC0, 0x00, 0x00, 0x07, 0xE0, 0x07, 0xE0, 0x00,
    0x00, 0x0F, 0xF0, 0x0F, 0xF0, 0x00, 0x00, 0x0F, 0xF0, 0x0F, 0xF0, 0x00, 0x00, 0x0F, 0xF0, 0x0F, 0xF0, 0x00, 0x00,
    0x0F, 0xF0, 0x0F, 0xF0, 0x00, 0x00, 0x07, 0xE0, 0x07, 0xE0, 0x00, 0x00, 0x03, 0xC0, 0x03, 0xC0, 0x00, 0x00, 0x03,
    0xC0, 0x03, 0xC0, 0x00, 0x00, 0x07, 0xE0, 0x07, 0xE0, 0x00, 0x00, 0x0F, 0xF0, 0x0F, 0xF0, 0x00, 0x00, 0x0F, 0xF0,
    0x0F, 0xF0, 0x00, 0x00, 0x0F, 0xF0, 0x0F, 0xF0, 0x00, 0x00, 0x0F, 0xF0, 0x0F, 0xF0, 0x00, 0x00, 0x07, 0xE0, 0x07,
    0xE0, 0x00, 0x00, 0x03, 0xC0, 0x03, 0xC0, 0x00, 0x00, 0x00, 0x03, 0xC0, 0x00, 0x00, 0x00, 0x00, 0x07, 0xE0, 0x00,
    0x00, 0x00, 0x00, 0x0F, 0xF0, 0x00, 0x00, 0x00, 0x00, 0x0F, 0xF0, 0x00, 0x00, 0x00, 0x00, 0x0F, 0xF0, 0x00, 0x00,
    0x00, 0x00, 0x0F, 0xF0, 0x00, 0x00, 0x00, 0x00, 0x07, 0xE0, 0x00, 0x00, 0x00, 0x00, 0x03, 0xC0, 0x00, 0x00, 0x00,
    0x03, 0xC3, 0xC3, 0xC0, 0x00, 0x00, 0x07, 0xE7, 0xE7, 0xE0, 0x00, 0x00, 0x0F, 0xFF, 0xFF, 0xF0, 0x00, 0x00, 0x0F,
    0xFF, 0xFF, 0xF0, 0x00, 0x00, 0x0F, 0xFF, 0xFF, 0xF0, 0x00, 0x00, 0x0F, 0xFF, 0xFF, 0xF0, 0x00, 0x00, 0x07, 0xE7,
    0xE7, 0xE0, 0x00, 0x00, 0x03, 0xC3, 0xC3, 0xC0, 0x00, 0x03, 0xC0, 0x03, 0xC0, 0x03, 0xC0, 0x07, 0xE0, 0x07, 0xE0,
    0x07, 0xE0, 0x0F, 0xF0, 0x0F, 0xF0, 0x0F, 0xF0, 0x0F, 0xF0, 0x0F, 0xF0, 0x0F, 0xF0, 0x0F, 0xF0, 0x0F, 0xF0, 0x0F,
    0xF0, 0x0F, 0xF0, 0x0F, 0xF0, 0x0F, 0xF0, 0x07, 0xE0, 0x07, 0xE0, 0x07, 0xE0, 0x03, 0xC0, 0x03, 0xC0, 0x03, 0xC0,
    0x03, 0xC0, 0x03, 0xC0, 0x00, 0x00, 0x07, 0xE0, 0x07, 0xE0, 0x00, 0x00, 0x0F, 0xF0, 0x0F, 0xF0, 0x00, 0x00, 0x0F,
    0xF0, 0x0F, 0xF0, 0x00, 0x00, 0x0F, 0xF0, 0x0F, 0xF0, 0x00, 0x00, 0x0F, 0xF0, 0x0F, 0xF0, 0x00, 0x00, 0x07, 0xE0,
    0x07, 0xE0, 0x00, 0x00, 0x03, 0xC0, 0x03, 0xC0, 0x00, 0x00, 0x00, 0x03, 0xC3, 0xC3, 0xC0, 0x00, 0x00, 0x07, 0xE7,
    0xE7, 0xE0, 0x00, 0x00, 0x0F, 0xFF, 0xFF, 0xF0, 0x00, 0x00, 0x0F, 0xFF, 0xFF, 0xF0, 0x00, 0x00, 0x0F, 0xFF, 0xFF,
    0xF0, 0x00, 0x00, 0x0F, 0xFF, 0xFF, 0xF0, 0x00, 0x00, 0x07, 0xE7, 0xE7, 0xE0, 0x00, 0x00, 0x03, 0xC3, 0xC3, 0xC0,
    0x00, 0x00, 0x00, 0x03, 0xC0, 0x03, 0xC0, 0x00, 0x00, 0x07, 0xE0, 0x07, 0xE0, 0x00, 0x00, 0x0F, 0xF0, 0x0F, 0xF0,
    0x00, 0x00, 0x0F, 0xF0, 0x0F, 0xF0, 0x00, 0x00, 0x0F, 0xF0, 0x0F, 0xF0, 0x00, 0x00, 0x0F, 0xF0, 0x0F, 0xF0, 0x00,
    0x00, 0x07, 0xE0, 0x07, 0xE0, 0x00, 0x00, 0x03, 0xC0, 0x03, 0xC0, 0x03, 0xC0, 0x03, 0xC0, 0x03, 0xC0, 0x07, 0xE0,
    0x07, 0xE0, 0x07, 0xE0, 0x0F, 0xF0, 0x0F, 0xF0, 0x0F, 0xF0, 0x0F, 0xF0, 0x0F, 0xF0, 0x0F, 0xF0, 0x0F, 0xF0, 0x0F,
    0xF0, 0x0F, 0xF0, 0x0F, 0xF0, 0x0F, 0xF0, 0x0F, 0xF0, 0x07, 0xE0, 0x07, 0xE0, 0x07, 0xE0, 0x03, 0xC0, 0x03, 0xC0,
    0x03, 0xC0, 0x00, 0x03, 0xC3, 0xC3, 0xC0, 0x00, 0x00, 0x07, 0xE7, 0xE7, 0xE0, 0x00, 0x00, 0x0F, 0xFF, 0xFF, 0xF0,
    0x00, 0x00, 0x0F, 0xFF, 0xFF, 0xF0, 0x00, 0x00, 0x0F, 0xFF, 0xFF, 0xF0, 0x00, 0x00, 0x0F, 0xFF, 0xFF, 0xF0, 0x00,
    0x00, 0x07, 0xE7, 0xE7, 0xE0, 0x00, 0x00, 0x03, 0xC3, 0xC3, 0xC0, 0x00, 0x00, 0x00, 0x03, 0xC0, 0x00, 0x00, 0x00,
    0x00, 0x07, 0xE0, 0x00, 0x00, 0x00, 0x00, 0x0F, 0xF0, 0x00, 0x00, 0x00, 0x00, 0x0F, 0xF0, 0x00, 0x00, 0x00, 0x00,
    0x0F, 0xF0, 0x00, 0x00, 0x00, 0x00, 0x0F, 0xF0, 0x00, 0x00, 0x00, 0x00, 0x07, 0xE0, 0x00, 0x00, 0x00, 0x00, 0x03,
    0xC0, 0x00, 0x00, 0x00, 0x03, 0xC3, 0xC0, 0x00, 0x00, 0x00, 0x03, 0xC0, 0x00, 0x00, 0x07, 0xE7, 0xE0, 0x00, 0x00,
    0x00, 0x07, 0xE0, 0x00, 0x00, 0x0F, 0xFF, 0xF0, 0x00, 0x00, 0x00, 0x0F, 0xF0, 0x00, 0x00, 0x0F, 0xFF, 0xF0, 0x00,
    0x00, 0x00, 0x0F, 0xF0, 0x00, 0x00, 0x0F, 0xFF, 0xF0, 0x00, 0x00, 0x00, 0x0F, 0xF0, 0x00, 0x00, 0x0F, 0xFF, 0xF0,
    0x00, 0x00, 0x00, 0x0F, 0xF0, 0x00, 0x00, 0x07, 0xE7, 0xE0, 0x00, 0x00, 0x00, 0x07, 0xE0, 0x00, 0x00, 0x03, 0xC3,
    0xC0, 0x00, 0x00, 0x00, 0x03, 0xC0, 0x00, 0x03, 0xC0, 0x00, 0x03, 0xC0, 0x00, 0x03, 0xC0, 0x00, 0x00, 0x07, 0xE0,
    0x00, 0x07, 0xE0, 0x00, 0x07, 0xE0, 0x00, 0x00, 0x0F, 0xF0, 0x00, 0x0F, 0xF0, 0x00, 0x0F, 0xF0, 0x00, 0x00, 0x0F,
    0xF0, 0x00, 0x0F, 0xF0, 0x00, 0x0F, 0xF0, 0x00, 0x00, 0x0F, 0xF0, 0x00, 0x0F, 0xF0, 0x00, 0x0F, 0xF0, 0x00, 0x00,
    0x0F, 0xF0, 0x00, 0x0F, 0xF0, 0x00, 0x0F, 0xF0, 0x00, 0x00, 0x07, 0xE0, 0x00, 0x07, 0xE0, 0x00, 0x07, 0xE0, 0x00,
    0x00, 0x03, 0xC0, 0x00, 0x03, 0xC0, 0x00, 0x03, 0xC0, 0x00, 0x00, 0x03, 0xC0, 0x00, 0x03, 0xC0, 0x03, 0xC0, 0x00,
    0x00, 0x00, 0x07, 0xE0, 0x00, 0x07, 0xE0, 0x07, 0xE0, 0x00, 0x00, 0x00, 0x0F, 0xF0, 0x00, 0x0F, 0xF0, 0x0F, 0xF0,
    0x00, 0x00, 0x00, 0x0F, 0xF0, 0x00, 0x0F, 0xF0, 0x0F, 0xF0, 0x00, 0x00, 0x00, 0x0F, 0xF0, 0x00, 0x0F, 0xF0, 0x0F,
    0xF0, 0x00, 0x00, 0x00, 0x0F, 0xF0, 0x00, 0x0F, 0xF0, 0x0F, 0xF0, 0x00, 0x00, 0x00, 0x07, 0xE0, 0x00, 0x07, 0xE0,
    0x07, 0xE0, 0x00, 0x00, 0x00, 0x03, 0xC0, 0x00, 0x03, 0xC0, 0x03, 0xC0, 0x00, 0x00, 0x00, 0x00, 0x03, 0xC3, 0xC0,
    0x03, 0xC0, 0x03, 0xC3, 0xC0, 0x00, 0x00, 0x07, 0xE7, 0xE0, 0x07, 0xE0, 0x07, 0xE7, 0xE0, 0x00, 0x00, 0x0F, 0xFF,
    0xF0, 0x0F, 0xF0, 0x0F, 0xFF, 0xF0, 0x00, 0x00, 0x0F, 0xFF, 0xF0, 0x0F, 0xF0, 0x0F, 0xFF, 0xF0, 0x00, 0x00, 0x0F,
    0xFF, 0xF0, 0x0F, 0xF0, 0x0F, 0xFF, 0xF0, 0x00, 0x00, 0x0F, 0xFF, 0xF0, 0x0F, 0xF0, 0x0F, 0xFF, 0xF0, 0x00, 0x00,
    0x07, 0xE7, 0xE0, 0x07, 0xE0, 0x07, 0xE7, 0xE0, 0x00, 0x00, 0x03, 0xC3, 0xC0, 0x03, 0xC0, 0x03, 0xC3, 0xC0, 0x00,
    0x00, 0x00, 0x00, 0x03, 0xC0, 0x03, 0xC0, 0x00, 0x03, 0xC0, 0x00, 0x00, 0x00, 0x07, 0xE0, 0x07, 0xE0, 0x00, 0x07,
    0xE0, 0x00, 0x00, 0x00, 0x0F, 0xF0, 0x0F, 0xF0, 0x00, 0x0F, 0xF0, 0x00, 0x00, 0x00, 0x0F, 0xF0, 0x0F, 0xF0, 0x00,
    0x0F, 0xF0, 0x00, 0x00, 0x00, 0x0F, 0xF0, 0x0F, 0xF0, 0x00, 0x0F, 0xF0, 0x00, 0x00, 0x00, 0x0F, 0xF0, 0x0F, 0xF0,
    0x00, 0x0F, 0xF0, 0x00, 0x00, 0x00, 0x07, 0xE0, 0x07, 0xE0, 0x00, 0x07, 0xE0, 0x00, 0x00, 0x00, 0x03, 0xC0, 0x03,
    0xC0, 0x00, 0x03, 0xC0, 0x00, 0x00, 0x03, 0xC0, 0x00, 0x03, 0xC0, 0x00, 0x03, 0xC0, 0x00, 0x00, 0x07, 0xE0, 0x00,
    0x07, 0xE0, 0x00, 0x07, 0xE0, 0x00, 0x00, 0x0F, 0xF0, 0x00, 0x0F, 0xF0, 0x00, 0x0F, 0xF0, 0x00, 0x00, 0x0F, 0xF0,
    0x00, 0x0F, 0xF0, 0x00, 0x0F, 0xF0, 0x00, 0x00, 0x0F, 0xF0, 0x00, 0x0F, 0xF0, 0x00, 0x0F, 0xF0, 0x00, 0x00, 0x0F,
    0xF0, 0x00, 0x0F, 0xF0, 0x00, 0x0F, 0xF0, 0x00, 0x00, 0x07, 0xE0, 0x00, 0x07, 0xE0, 0x00, 0x07, 0xE0, 0x00, 0x00,
    0x03, 0xC0, 0x00, 0x03, 0xC0, 0x00, 0x03, 0xC0, 0x00, 0x03, 0xC0, 0x00, 0x00, 0x00, 0x03, 0xC3, 0xC0, 0x00, 0x00,
    0x07, 0xE0, 0x00, 0x00, 0x00, 0x07, 0xE7, 0xE0, 0x00, 0x00, 0x0F, 0xF0, 0x00, 0x00, 0x00, 0x0F, 0xFF, 0xF0, 0x00,
    0x00, 0x0F, 0xF0, 0x00, 0x00, 0x00, 0x0F, 0xFF, 0xF0, 0x00, 0x00, 0x0F, 0xF0, 0x00, 0x00, 0x00, 0x0F, 0xFF, 0xF0,
    0x00, 0x00, 0x0F, 0xF0, 0x00, 0x00, 0x00, 0x0F, 0xFF, 0xF0, 0x00, 0x00, 0x07, 0xE0, 0x00, 0x00, 0x00, 0x07, 0xE7,
    0xE0, 0x00, 0x00, 0x03, 0xC0, 0x00, 0x00, 0x00, 0x03, 0xC3, 0xC0, 0x00, 0x00, 0x03, 0xC3, 0xC0, 0x00, 0x00, 0x00,
    0x00, 0x07, 0xE7, 0xE0, 0x00, 0x00, 0x00, 0x00, 0x0F, 0xFF, 0xF0, 0x00, 0x00, 0x00, 0x00, 0x0F, 0xFF, 0xF0, 0x00,
    0x00, 0x00, 0x00, 0x0F, 0xFF, 0xF0, 0x00, 0x00, 0x00, 0x00, 0x0F, 0xFF, 0xF0, 0x00, 0x00, 0x00, 0x00, 0x07, 0xE7,
    0xE0, 0x00, 0x00, 0x00, 0x00, 0x03, 0xC3, 0xC0, 0x00, 0x00, 0x00, 0x03, 0xC0, 0x00, 0x03, 0xC0, 0x00, 0x00, 0x07,
    0xE0, 0x00, 0x07, 0xE0, 0x00, 0x00, 0x0F, 0xF0, 0x00, 0x0F, 0xF0, 0x00, 0x00, 0x0F, 0xF0, 0x00, 0x0F, 0xF0, 0x00,
    0x00, 0x0F, 0xF0, 0x00, 0x0F, 0xF0, 0x00, 0x00, 0x0F, 0xF0, 0x00, 0x0F, 0xF0, 0x00, 0x00, 0x07, 0xE0, 0x00, 0x07,
    0xE0, 0x00, 0x00, 0x03, 0xC0, 0x00, 0x03, 0xC0, 0x00, 0x00, 0x03, 0xC0, 0x00, 0x03, 0xC0, 0x00, 0x00, 0x07, 0xE0,
    0x00, 0x07, 0xE0, 0x00, 0x00, 0x0F, 0xF0, 0x00, 0x0F, 0xF0, 0x00, 0x00, 0x0F, 0xF0, 0x00, 0x0F, 0xF0, 0x00, 0x00,
    0x0F, 0xF0, 0x00, 0x0F, 0xF0, 0x00, 0x00, 0x0F, 0xF0, 0x00, 0x0F, 0xF0, 0x00, 0x00, 0x07, 0xE0, 0x00, 0x07, 0xE0,
    0x00, 0x00, 0x03, 0xC0, 0x00, 0x03, 0xC0, 0x00, 0x00, 0x00, 0x03, 0xC3, 0xC0, 0x00, 0x00, 0x00, 0x00, 0x07, 0xE7,
    0xE0, 0x00, 0x00, 0x00, 0x00, 0x0F, 0xFF, 0xF0, 0x00, 0x00, 0x00, 0x00, 0x0F, 0xFF, 0xF0, 0x00, 0x00, 0x00, 0x00,
    0x0F, 0xFF, 0xF0, 0x00, 0x00, 0x00, 0x00, 0x0F, 0xFF, 0xF0, 0x00, 0x00, 0x00, 0x00, 0x07, 0xE7, 0xE0, 0x00, 0x00,
    0x00, 0x00, 0x03, 0xC3, 0xC0, 0x00, 0x00, 0x00, 0x03, 0xC0, 0x00, 0x03, 0xC0, 0x03, 0xC0, 0x07, 0xE0, 0x00, 0x07,
    0xE0, 0x07, 0xE0, 0x0F, 0xF0, 0x00, 0x0F, 0xF0, 0x0F, 0xF0, 0x0F, 0xF0, 0x00, 0x0F, 0xF0, 0x0F, 0xF0, 0x0F, 0xF0,
    0x00, 0x0F, 0xF0, 0x0F, 0xF0, 0x0F, 0xF0, 0x00, 0x0F, 0xF0, 0x0F, 0xF0, 0x07, 0xE0, 0x00, 0x07, 0xE0, 0x07, 0xE0,
    0x03, 0xC0, 0x00, 0x03, 0xC0, 0x03, 0xC0, 0x03, 0xC0, 0x00, 0x00, 0x03, 0xC0, 0x00, 0x07, 0xE0, 0x00, 0x00, 0x07,
    0xE0, 0x00, 0x0F, 0xF0, 0x00, 0x00, 0x0F, 0xF0, 0x00, 0x0F, 0xF0, 0x00, 0x00, 0x0F, 0xF0, 0x00, 0x0F, 0xF0, 0x00,
    0x00, 0x0F, 0xF0, 0x00, 0x0F, 0xF0, 0x00, 0x00, 0x0F, 0xF0, 0x00, 0x07, 0xE0, 0x00, 0x00, 0x07, 0xE0, 0x00, 0x03,
    0xC0, 0x00, 0x00, 0x03, 0xC0, 0x00, 0x00, 0x03, 0xC3, 0xC3, 0xC0, 0x03, 0xC0, 0x00, 0x07, 0xE7, 0xE7, 0xE0, 0x07,
    0xE0, 0x00, 0x0F, 0xFF, 0xFF, 0xF0, 0x0F, 0xF0, 0x00, 0x0F, 0xFF, 0xFF, 0xF0, 0x0F, 0xF0, 0x00, 0x0F, 0xFF, 0xFF,
    0xF0, 0x0F, 0xF0, 0x00, 0x0F, 0xFF, 0xFF, 0xF0, 0x0F, 0xF0, 0x00, 0x07, 0xE7, 0xE7, 0xE0, 0x07, 0xE0, 0x00, 0x03,
    0xC3, 0xC3, 0xC0, 0x03, 0xC0, 0x03, 0xC0, 0x07, 0xE0, 0x0F, 0xF0, 0x0F, 0xF0, 0x0F, 0xF0, 0x0F, 0xF0, 0x07, 0xE0,
    0x03, 0xC0, 0x03, 0xC0, 0x07, 0xE0, 0x0F, 0xF0, 0x0F, 0xF0, 0x0F, 0xF0, 0x0F, 0xF0, 0x07, 0xE0, 0x03, 0xC0, 0x03,
    0xC0, 0x07, 0xE0, 0x0F, 0xF0, 0x0F, 0xF0, 0x0F, 0xF0, 0x0F, 0xF0, 0x07, 0xE0, 0x03, 0xC0, 0x00, 0x00, 0x00, 0x00,
    0x00, 0x00, 0x00, 0x00, 0x00, 0x00, 0x00, 0x00, 0x00, 0x00, 0x00, 0x00, 0x00, 0x00, 0x00, 0x00, 0x00, 0x00, 0x00,
    0x00, 0x00, 0x00, 0x00, 0x00, 0x00, 0x00, 0x00, 0x00, 0x00, 0x00, 0x00, 0x00, 0x00, 0x00, 0x00, 0x00, 0x00, 0x00,
    0x00, 0x00, 0x00, 0x00, 0x00, 0x00, 0x00, 0x00, 0x00, 0x00, 0x00, 0x00, 0x00, 0x00, 0x00, 0x00, 0x00, 0x00, 0x00,
    0x00, 0x00, 0x00, 0x00, 0x03, 0xC3, 0xC0, 0x00, 0x07, 0xE7, 0xE0, 0x00, 0x0F, 0xFF, 0xF0, 0x00, 0x0F, 0xFF, 0xF0,
    0x00, 0x0F, 0xFF, 0xF0, 0x00, 0x0F, 0xFF, 0xF0, 0x00, 0x07, 0xE7, 0xE0, 0x00, 0x03, 0xC3, 0xC0, 0x03, 0xC0, 0x00,
    0x00, 0x07, 0xE0, 0x00, 0x00, 0x0F, 0xF0, 0x00, 0x00, 0x0F, 0xF0, 0x00, 0x00, 0x0F, 0xF0, 0x00, 0x00, 0x0F, 0xF0,
    0x00, 0x00, 0x07, 0xE0, 0x00, 0x00, 0x03, 0xC0, 0x00, 0x00, 0x03, 0xC0, 0x00, 0x00, 0x07, 0xE0, 0x00, 0x00, 0x0F,
    0xF0, 0x00, 0x00, 0x0F, 0xF0, 0x00, 0x00, 0x0F, 0xF0, 0x00, 0x00, 0x0F, 0xF0, 0x00, 0x00, 0x07, 0xE0, 0x00, 0x00,
    0x03, 0xC0, 0x00, 0x00, 0x03, 0xC0, 0x00, 0x00, 0x07, 0xE0, 0x00, 0x00, 0x0F, 0xF0, 0x00, 0x00, 0x0F, 0xF0, 0x00,
    0x00, 0x0F, 0xF0, 0x00, 0x00, 0x0F, 0xF0, 0x00, 0x00, 0x07, 0xE0, 0x00, 0x00, 0x03, 0xC0, 0x00, 0x00, 0x03, 0xC0,
    0x00, 0x00, 0x07, 0xE0, 0x00, 0x00, 0x0F, 0xF0, 0x00, 0x00, 0x0F, 0xF0, 0x00, 0x00, 0x0F, 0xF0, 0x00, 0x00, 0x0F,
    0xF0, 0x00, 0x00, 0x07, 0xE0, 0x00, 0x00, 0x03, 0xC0, 0x00, 0x00, 0x03, 0xC0, 0x00, 0x00, 0x07, 0xE0, 0x00, 0x00,
    0x0F, 0xF0, 0x00, 0x00, 0x0F, 0xF0, 0x00, 0x00, 0x0F, 0xF0, 0x00, 0x00, 0x0F, 0xF0, 0x00, 0x00, 0x07, 0xE0, 0x00,
    0x00, 0x03, 0xC0, 0x00, 0x00, 0x00, 0x03, 0xC3, 0xC0, 0x00, 0x07, 0xE7, 0xE0, 0x00, 0x0F, 0xFF, 0xF0, 0x00, 0x0F,
    0xFF, 0xF0, 0x00, 0x0F, 0xFF, 0xF0, 0x00, 0x0F, 0xFF, 0xF0, 0x00, 0x07, 0xE7, 0xE0, 0x00, 0x03, 0xC3, 0xC0, 0x03,
    0xC3, 0xC0, 0x00, 0x07, 0xE7, 0xE0, 0x00, 0x0F, 0xFF, 0xF0, 0x00, 0x0F, 0xFF, 0xF0, 0x00, 0x0F, 0xFF, 0xF0, 0x00,
    0x0F, 0xFF, 0xF0, 0x00, 0x07, 0xE7, 0xE0, 0x00, 0x03, 0xC3, 0xC0, 0x00, 0x00, 0x00, 0x03, 0xC0, 0x00, 0x00, 0x07,
    0xE0, 0x00, 0x00, 0x0F, 0xF0, 0x00, 0x00, 0x0F, 0xF0, 0x00, 0x00, 0x0F, 0xF0, 0x00, 0x00, 0x0F, 0xF0, 0x00, 0x00,
    0x07, 0xE0, 0x00, 0x00, 0x03, 0xC0, 0x00, 0x00, 0x03, 0xC0, 0x00, 0x00, 0x07, 0xE0, 0x00, 0x00, 0x0F, 0xF0, 0x00,
    0x00, 0x0F, 0xF0, 0x00, 0x00, 0x0F, 0xF0, 0x00, 0x00, 0x0F, 0xF0, 0x00, 0x00, 0x07, 0xE0, 0x00, 0x00, 0x03, 0xC0,
    0x00, 0x00, 0x03, 0xC0, 0x00, 0x00, 0x07, 0xE0, 0x00, 0x00, 0x0F, 0xF0, 0x00, 0x00, 0x0F, 0xF0, 0x00, 0x00, 0x0F,
    0xF0, 0x00, 0x00, 0x0F, 0xF0, 0x00, 0x00, 0x07, 0xE0, 0x00, 0x00, 0x03, 0xC0, 0x00, 0x00, 0x03, 0xC0, 0x00, 0x00,
    0x07, 0xE0, 0x00, 0x00, 0x0F, 0xF0, 0x00, 0x00, 0x0F, 0xF0, 0x00, 0x00, 0x0F, 0xF0, 0x00, 0x00, 0x0F, 0xF0, 0x00,
    0x00, 0x07, 0xE0, 0x00, 0x00, 0x03, 0xC0, 0x00, 0x00, 0x03, 0xC0, 0x00, 0x00, 0x07, 0xE0, 0x00, 0x00, 0x0F, 0xF0,
    0x00, 0x00, 0x0F, 0xF0, 0x00, 0x00, 0x0F, 0xF0, 0x00, 0x00, 0x0F, 0xF0, 0x00, 0x00, 0x07, 0xE0, 0x00, 0x00, 0x03,
    0xC0, 0x03, 0xC3, 0xC0, 0x00, 0x07, 0xE7, 0xE0, 0x00, 0x0F, 0xFF, 0xF0, 0x00, 0x0F, 0xFF, 0xF0, 0x00, 0x0F, 0xFF,
    0xF0, 0x00, 0x0F, 0xFF, 0xF0, 0x00, 0x07, 0xE7, 0xE0, 0x00, 0x03, 0xC3, 0xC0, 0x00, 0x00, 0x03, 0xC0, 0x00, 0x00,
    0x07, 0xE0, 0x00, 0x00, 0x0F, 0xF0, 0x00, 0x00, 0x0F, 0xF0, 0x00, 0x00, 0x0F, 0xF0, 0x00, 0x00, 0x0F, 0xF0, 0x00,
    0x00, 0x07, 0xE0, 0x00, 0x00, 0x03, 0xC0, 0x00, 0x03, 0xC3, 0xC3, 0xC0, 0x07, 0xE7, 0xE7, 0xE0, 0x0F, 0xFF, 0xFF,
    0xF0, 0x0F, 0xFF, 0xFF, 0xF0, 0x0F, 0xFF, 0xFF, 0xF0, 0x0F, 0xFF, 0xFF, 0xF0, 0x07, 0xE7, 0xE7, 0xE0, 0x03, 0xC3,
    0xC3, 0xC0, 0x00, 0x03, 0xC0, 0x00, 0x00, 0x07, 0xE0, 0x00, 0x00, 0x0F, 0xF0, 0x00, 0x00, 0x0F, 0xF0, 0x00, 0x00,
    0x0F, 0xF0, 0x00, 0x00, 0x0F, 0xF0, 0x00, 0x00, 0x07, 0xE0, 0x00, 0x00, 0x03, 0xC0, 0x00, 0x00, 0x00, 0x00, 0x00,
    0x00, 0x00, 0x00, 0x00, 0x00, 0x00, 0x00, 0x00, 0x00, 0x00, 0x00, 0x00, 0x00, 0x00, 0x00, 0x00, 0x00, 0x00, 0x00,
    0x00, 0x00, 0x00, 0x00, 0x00, 0x00, 0x00, 0x00, 0x00, 0x00, 0x00, 0x00, 0x00, 0x00, 0x00, 0x00, 0x00, 0x00, 0x00,
    0x00, 0x00, 0x00, 0x00, 0x00, 0x00, 0x00, 0x00, 0x00, 0x00, 0x00, 0x00, 0x00, 0x00, 0x00, 0x00, 0x00, 0x00, 0x00,
    0x00, 0x00, 0x00, 0x00, 0x00, 0x00, 0x00, 0x00, 0x00, 0x00, 0x00, 0x00, 0x00, 0x00, 0x00, 0x00, 0x00, 0x00, 0x00,
    0x00, 0x00, 0x00, 0x00, 0x00, 0x00, 0x00, 0x00, 0x00, 0x00, 0x00, 0x00, 0x00, 0x00, 0x00, 0x00, 0x00, 0x00, 0x00,
    0x00, 0x00, 0x00, 0x00, 0x00, 0x00, 0x00, 0x00, 0x00, 0x00, 0x00, 0x00, 0x00, 0x00, 0x00, 0x00, 0x00, 0x00, 0x00,
    0x00, 0x00, 0x00, 0x00, 0x00, 0x00, 0x00, 0x00, 0x00, 0x00, 0x00, 0x00, 0x03, 0xC0, 0x00, 0x00, 0x00, 0x00, 0x07,
    0xE0, 0x00, 0x00, 0x00, 0x00, 0x0F, 0xF0, 0x00, 0x00, 0x00, 0x00, 0x0F, 0xF0, 0x00, 0x00, 0x00, 0x00, 0x0F, 0xF0,
    0x00, 0x00, 0x00, 0x00, 0x0F, 0xF0, 0x00, 0x00, 0x00, 0x00, 0x07, 0xE0, 0x00, 0x00, 0x00, 0x00, 0x03, 0xC0, 0x00,
    0x00, 0x00, 0x00, 0x03, 0xC0, 0x00, 0x00, 0x00, 0x00, 0x07, 0xE0, 0x00, 0x00, 0x00, 0x00, 0x0F, 0xF0, 0x00, 0x00,
    0x00, 0x00, 0x0F, 0xF0, 0x00, 0x00, 0x00, 0x00, 0x0F, 0xF0, 0x00, 0x00, 0x00, 0x00, 0x0F, 0xF0, 0x00, 0x00, 0x00,
    0x00, 0x07, 0xE0, 0x00, 0x00, 0x00, 0x00, 0x03, 0xC0, 0x00, 0x00, 0x03, 0xC3, 0xC3, 0xC3, 0xC3, 0xC0, 0x07, 0xE7,
    0xE7, 0xE7, 0xE7, 0xE0, 0x0F, 0xFF, 0xFF, 0xFF, 0xFF, 0xF0, 0x0F, 0xFF, 0xFF, 0xFF, 0xFF, 0xF0, 0x0F, 0xFF, 0xFF,
    0xFF, 0xFF, 0xF0, 0x0F, 0xFF, 0xFF, 0xFF, 0xFF, 0xF0, 0x07, 0xE7, 0xE7, 0xE7, 0xE7, 0xE0, 0x03, 0xC3, 0xC3, 0xC3,
    0xC3, 0xC0, 0x00, 0x00, 0x03, 0xC0, 0x00, 0x00, 0x00, 0x00, 0x07, 0xE0, 0x00, 0x00, 0x00, 0x00, 0x0F, 0xF0, 0x00,
    0x00, 0x00, 0x00, 0x0F, 0xF0, 0x00, 0x00, 0x00, 0x00, 0x0F, 0xF0, 0x00, 0x00, 0x00, 0x00, 0x0F, 0xF0, 0x00, 0x00,
    0x00, 0x00, 0x07, 0xE0, 0x00, 0x00, 0x00, 0x00, 0x03, 0xC0, 0x00, 0x00, 0x00, 0x00, 0x03, 0xC0, 0x00, 0x00, 0x00,
    0x00, 0x07, 0xE0, 0x00, 0x00, 0x00, 0x00, 0x0F, 0xF0, 0x00, 0x00, 0x00, 0x00, 0x0F, 0xF0, 0x00, 0x00, 0x00, 0x00,
    0x0F, 0xF0, 0x00, 0x00, 0x00, 0x00, 0x0F, 0xF0, 0x00, 0x00, 0x00, 0x00, 0x07, 0xE0, 0x00, 0x00, 0x00, 0x00, 0x03,
    0xC0, 0x00, 0x00, 0x00, 0x00, 0x00, 0x00, 0x00, 0x00, 0x00, 0x00, 0x00, 0x00, 0x00, 0x00, 0x00, 0x00, 0x00, 0x00,
    0x00, 0x00, 0x00, 0x00, 0x00, 0x00, 0x00, 0x00, 0x00, 0x00, 0x00, 0x00, 0x00, 0x00, 0x00, 0x00, 0x00, 0x00, 0x00,
    0x00, 0x00, 0x00, 0x00, 0x00, 0x00, 0x00, 0x00, 0x00, 0x00, 0x00, 0x00, 0x00, 0x00, 0x03, 0xC0, 0x00, 0x07, 0xE0,
    0x00, 0x0F, 0xF0, 0x00, 0x0F, 0xF0, 0x00, 0x0F, 0xF0, 0x00, 0x0F, 0xF0, 0x00, 0x07, 0xE0, 0x00, 0x03, 0xC0, 0x03,
    0xC0, 0x00, 0x07, 0xE0, 0x00, 0x0F, 0xF0, 0x00, 0x0F, 0xF0, 0x00, 0x0F, 0xF0, 0x00, 0x0F, 0xF0, 0x00, 0x07, 0xE0,
    0x00, 0x03, 0xC0, 0x00, 0x03, 0xC3, 0xC3, 0xC0, 0x07, 0xE7, 0xE7, 0xE0, 0x0F, 0xFF, 0xFF, 0xF0, 0x0F, 0xFF, 0xFF,
    0xF0, 0x0F, 0xFF, 0xFF, 0xF0, 0x0F, 0xFF, 0xFF, 0xF0, 0x07, 0xE7, 0xE7, 0xE0, 0x03, 0xC3, 0xC3, 0xC0, 0x00, 0x00,
    0x00, 0x00, 0x00, 0x00, 0x00, 0x00, 0x00, 0x00, 0x00, 0x00, 0x00, 0x00, 0x00, 0x00, 0x00, 0x00, 0x00, 0x00, 0x00,
    0x00, 0x00, 0x00, 0x00, 0x00, 0x00, 0x00, 0x00, 0x00, 0x00, 0x00, 0x00, 0x00, 0x00, 0x00, 0x00, 0x00, 0x00, 0x00,
    0x00, 0x00, 0x00, 0x00, 0x00, 0x00, 0x00, 0x00, 0x00, 0x00, 0x00, 0x00, 0x00, 0x00, 0x00, 0x00, 0x00, 0x00, 0x00,
    0x00, 0x00, 0x00, 0x00, 0x00, 0x00, 0x00, 0x00, 0x00, 0x00, 0x00, 0x00, 0x00, 0x00, 0x00, 0x00, 0x00, 0x00, 0x00,
    0x00, 0x00, 0x00, 0x00, 0x00, 0x00, 0x00, 0x00, 0x00, 0x00, 0x00, 0x00, 0x00, 0x00, 0x00, 0x00, 0x00, 0x00, 0x03,
    0xC3, 0xC0, 0x07, 0xE7, 0xE0, 0x0F, 0xFF, 0xF0, 0x0F, 0xFF, 0xF0, 0x0F, 0xFF, 0xF0, 0x0F, 0xFF, 0xF0, 0x07, 0xE7,
    0xE0, 0x03, 0xC3, 0xC0, 0x03, 0xC3, 0xC0, 0x07, 0xE7, 0xE0, 0x0F, 0xFF, 0xF0, 0x0F, 0xFF, 0xF0, 0x0F, 0xFF, 0xF0,
    0x0F, 0xFF, 0xF0, 0x07, 0xE7, 0xE0, 0x03, 0xC3, 0xC0, 0x00, 0x00, 0x00, 0x00, 0x03, 0xC0, 0x00, 0x00, 0x00, 0x00,
    0x07, 0xE0, 0x00, 0x00, 0x00, 0x00, 0x0F, 0xF0, 0x00, 0x00, 0x00, 0x00, 0x0F, 0xF0, 0x00, 0x00, 0x00, 0x00, 0x0F,
    0xF0, 0x00, 0x00, 0x00, 0x00, 0x0F, 0xF0, 0x00, 0x00, 0x00, 0x00, 0x07, 0xE0, 0x00, 0x00, 0x00, 0x00, 0x03, 0xC0,
    0x00, 0x00, 0x00, 0x03, 0xC0, 0x00, 0x00, 0x00, 0x00, 0x07, 0xE0, 0x00, 0x00, 0x00, 0x00, 0x0F, 0xF0, 0x00, 0x00,
    0x00, 0x00, 0x0F, 0xF0, 0x00, 0x00, 0x00, 0x00, 0x0F, 0xF0, 0x00, 0x00, 0x00, 0x00, 0x0F, 0xF0, 0x00, 0x00, 0x00,
    0x00, 0x07, 0xE0, 0x00, 0x00, 0x00, 0x00, 0x03, 0xC0, 0x00, 0x00, 0x00, 0x03, 0xC0, 0x00, 0x00, 0x00, 0x00, 0x07,
    0xE0, 0x00, 0x00, 0x00, 0x00, 0x0F, 0xF0, 0x00, 0x00, 0x00, 0x00, 0x0F, 0xF0, 0x00, 0x00, 0x00, 0x00, 0x0F, 0xF0,
    0x00, 0x00, 0x00, 0x00, 0x0F, 0xF0, 0x00, 0x00, 0x00, 0x00, 0x07, 0xE0, 0x00, 0x00, 0x00, 0x00, 0x03, 0xC0, 0x00,
    0x00, 0x00, 0x03, 0xC0, 0x00, 0x00, 0x00, 0x00, 0x07, 0xE0, 0x00, 0x00, 0x00, 0x00, 0x0F, 0xF0, 0x00, 0x00, 0x00,
    0x00, 0x0F, 0xF0, 0x00, 0x00, 0x00, 0x00, 0x0F, 0xF0, 0x00, 0x00, 0x00, 0x00, 0x0F, 0xF0, 0x00, 0x00, 0x00, 0x00,
    0x07, 0xE0, 0x00, 0x00, 0x00, 0x00, 0x03, 0xC0, 0x00, 0x00, 0x00, 0x03, 0xC0, 0x00, 0x00, 0x00, 0x00, 0x07, 0xE0,
    0x00, 0x00, 0x00, 0x00, 0x0F, 0xF0, 0x00, 0x00, 0x00, 0x00, 0x0F, 0xF0, 0x00, 0x00, 0x00, 0x00, 0x0F, 0xF0, 0x00,
    0x00, 0x00, 0x00, 0x0F, 0xF0, 0x00, 0x00, 0x00, 0x00, 0x07, 0xE0, 0x00, 0x00, 0x00, 0x00, 0x03, 0xC0, 0x00, 0x00,
    0x00, 0x00, 0x00, 0x00, 0x00, 0x00, 0x00, 0x00, 0x00, 0x00, 0x00, 0x00, 0x00, 0x00, 0x00, 0x00, 0x00, 0x00, 0x00,
    0x00, 0x00, 0x00, 0x00, 0x00, 0x00, 0x00, 0x00, 0x00, 0x00, 0x00, 0x00, 0x00, 0x00, 0x00, 0x00, 0x00, 0x00, 0x00,
    0x00, 0x00, 0x00, 0x00, 0x00, 0x00, 0x00, 0x00, 0x00, 0x00, 0x00, 0x00, 0x00, 0x03, 0xC3, 0xC3, 0xC0, 0x00, 0x00,
    0x07, 0xE7, 0xE7, 0xE0, 0x00, 0x00, 0x0F, 0xFF, 0xFF, 0xF0, 0x00, 0x00, 0x0F, 0xFF, 0xFF, 0xF0, 0x00, 0x00, 0x0F,
    0xFF, 0xFF, 0xF0, 0x00, 0x00, 0x0F, 0xFF, 0xFF, 0xF0, 0x00, 0x00, 0x07, 0xE7, 0xE7, 0xE0, 0x00, 0x00, 0x03, 0xC3,
    0xC3, 0xC0, 0x00, 0x03, 0xC0, 0x00, 0x00, 0x03, 0xC0, 0x07, 0xE0, 0x00, 0x00, 0x07, 0xE0, 0x0F, 0xF0, 0x00, 0x00,
    0x0F, 0xF0, 0x0F, 0xF0, 0x00, 0x00, 0x0F, 0xF0, 0x0F, 0xF0, 0x00, 0x00, 0x0F, 0xF0, 0x0F, 0xF0, 0x00, 0x00, 0x0F,
    0xF0, 0x07, 0xE0, 0x00, 0x00, 0x07, 0xE0, 0x03, 0xC0, 0x00, 0x00, 0x03, 0xC0, 0x03, 0xC0, 0x00, 0x00, 0x03, 0xC0,
    0x07, 0xE0, 0x00, 0x00, 0x07, 0xE0, 0x0F, 0xF0, 0x00, 0x00, 0x0F, 0xF0, 0x0F, 0xF0, 0x00, 0x00, 0x0F, 0xF0, 0x0F,
    0xF0, 0x00, 0x00, 0x0F, 0xF0, 0x0F, 0xF0, 0x00, 0x00, 0x0F, 0xF0, 0x07, 0xE0, 0x00, 0x00, 0x07, 0xE0, 0x03, 0xC0,
    0x00, 0x00, 0x03, 0xC0, 0x03, 0xC0, 0x00, 0x00, 0x03, 0xC0, 0x07, 0xE0, 0x00, 0x00, 0x07, 0xE0, 0x0F, 0xF0, 0x00,
    0x00, 0x0F, 0xF0, 0x0F, 0xF0, 0x00, 0x00, 0x0F, 0xF0, 0x0F, 0xF0, 0x00, 0x00, 0x0F, 0xF0, 0x0F, 0xF0, 0x00, 0x00,
    0x0F, 0xF0, 0x07, 0xE0, 0x00, 0x00, 0x07, 0xE0, 0x03, 0xC0, 0x00, 0x00, 0x03, 0xC0, 0x03, 0xC0, 0x00, 0x00, 0x03,
    0xC0, 0x07, 0xE0, 0x00, 0x00, 0x07, 0xE0, 0x0F, 0xF0, 0x00, 0x00, 0x0F, 0xF0, 0x0F, 0xF0, 0x00, 0x00, 0x0F, 0xF0,
    0x0F, 0xF0, 0x00, 0x00, 0x0F, 0xF0, 0x0F, 0xF0, 0x00, 0x00, 0x0F, 0xF0, 0x07, 0xE0, 0x00, 0x00, 0x07, 0xE0, 0x03,
    0xC0, 0x00, 0x00, 0x03, 0xC0, 0x03, 0xC0, 0x00, 0x00, 0x03, 0xC0, 0x07, 0xE0, 0x00, 0x00, 0x07, 0xE0, 0x0F, 0xF0,
    0x00, 0x00, 0x0F, 0xF0, 0x0F, 0xF0, 0x00, 0x00, 0x0F, 0xF0, 0x0F, 0xF0, 0x00, 0x00, 0x0F, 0xF0, 0x0F, 0xF0, 0x00,
    0x00, 0x0F, 0xF0, 0x07, 0xE0, 0x00, 0x00, 0x07, 0xE0, 0x03, 0xC0, 0x00, 0x00, 0x03, 0xC0, 0x00, 0x03, 0xC3, 0xC3,
    0xC0, 0x00, 0x00, 0x07, 0xE7, 0xE7, 0xE0, 0x00, 0x00, 0x0F, 0xFF, 0xFF, 0xF0, 0x00, 0x00, 0x0F, 0xFF, 0xFF, 0xF0,
    0x00, 0x00, 0x0F, 0xFF, 0xFF, 0xF0, 0x00, 0x00, 0x0F, 0xFF, 0xFF, 0xF0, 0x00, 0x00, 0x07, 0xE7, 0xE7, 0xE0, 0x00,
    0x00, 0x03, 0xC3, 0xC3, 0xC0, 0x00, 0x00, 0x00, 0x03, 0xC0, 0x00, 0x00, 0x00, 0x00, 0x07, 0xE0, 0x00, 0x00, 0x00,
    0x00, 0x0F, 0xF0, 0x00, 0x00, 0x00, 0x00, 0x0F, 0xF0, 0x00, 0x00, 0x00, 0x00, 0x0F, 0xF0, 0x00, 0x00, 0x00, 0x00,
    0x0F, 0xF0, 0x00, 0x00, 0x00, 0x00, 0x07, 0xE0, 0x00, 0x00, 0x00, 0x00, 0x03, 0xC0, 0x00, 0x00, 0x00, 0x03, 0xC3,
    0xC0, 0x00, 0x00, 0x00, 0x07, 0xE7, 0xE0, 0x00, 0x00, 0x00, 0x0F, 0xFF, 0xF0, 0x00, 0x00, 0x00, 0x0F, 0xFF, 0xF0,
    0x00, 0x00, 0x00, 0x0F, 0xFF, 0xF0, 0x00, 0x00, 0x00, 0x0F, 0xFF, 0xF0, 0x00, 0x00, 0x00, 0x07, 0xE7, 0xE0, 0x00,
    0x00, 0x00, 0x03, 0xC3, 0xC0, 0x00, 0x00, 0x00, 0x00, 0x03, 0xC0, 0x00, 0x00, 0x00, 0x00, 0x07, 0xE0, 0x00, 0x00,
    0x00, 0x00, 0x0F, 0xF0, 0x00, 0x00, 0x00, 0x00, 0x0F, 0xF0, 0x00, 0x00, 0x00, 0x00, 0x0F, 0xF0, 0x00, 0x00, 0x00,
    0x00, 0x0F, 0xF0, 0x00, 0x00, 0x00, 0x00, 0x07, 0xE0, 0x00, 0x00, 0x00, 0x00, 0x03, 0xC0, 0x00, 0x00, 0x00, 0x00,
    0x03, 0xC0, 0x00, 0x00, 0x00, 0x00, 0x07, 0xE0, 0x00, 0x00, 0x00, 0x00, 0x0F, 0xF0, 0x00, 0x00, 0x00, 0x00, 0x0F,
    0xF0, 0x00, 0x00, 0x00, 0x00, 0x0F, 0xF0, 0x00, 0x00, 0x00, 0x00, 0x0F, 0xF0, 0x00, 0x00, 0x00, 0x00, 0x07, 0xE0,
    0x00, 0x00, 0x00, 0x00, 0x03, 0xC0, 0x00, 0x00, 0x00, 0x00, 0x03, 0xC0, 0x00, 0x00, 0x00, 0x00, 0x07, 0xE0, 0x00,
    0x00, 0x00, 0x00, 0x0F, 0xF0, 0x00, 0x00, 0x00, 0x00, 0x0F, 0xF0, 0x00, 0x00, 0x00, 0x00, 0x0F, 0xF0, 0x00, 0x00,
    0x00, 0x00, 0x0F, 0xF0, 0x00, 0x00, 0x00, 0x00, 0x07, 0xE0, 0x00, 0x00, 0x00, 0x00, 0x03, 0xC0, 0x00, 0x00, 0x00,
    0x00, 0x03, 0xC0, 0x00, 0x00, 0x00, 0x00, 0x07, 0xE0, 0x00, 0x00, 0x00, 0x00, 0x0F, 0xF0, 0x00, 0x00, 0x00, 0x00,
    0x0F, 0xF0, 0x00, 0x00, 0x00, 0x00, 0x0F, 0xF0, 0x00, 0x00, 0x00, 0x00, 0x0F, 0xF0, 0x00, 0x00, 0x00, 0x00, 0x07,
    0xE0, 0x00, 0x00, 0x00, 0x00, 0x03, 0xC0, 0x00, 0x00, 0x00, 0x03, 0xC3, 0xC3, 0xC0, 0x00, 0x00, 0x07, 0xE7, 0xE7,
    0xE0, 0x00, 0x00, 0x0F, 0xFF, 0xFF, 0xF0, 0x00, 0x00, 0x0F, 0xFF, 0xFF, 0xF0, 0x00, 0x00, 0x0F, 0xFF, 0xFF, 0xF0,
    0x00, 0x00, 0x0F, 0xFF, 0xFF, 0xF0, 0x00, 0x00, 0x07, 0xE7, 0xE7, 0xE0, 0x00, 0x00, 0x03, 0xC3, 0xC3, 0xC0, 0x00,
    0x00, 0x03, 0xC3, 0xC3, 0xC0, 0x00, 0x00, 0x07, 0xE7, 0xE7, 0xE0, 0x00, 0x00, 0x0F, 0xFF, 0xFF, 0xF0, 0x00, 0x00,
    0x0F, 0xFF, 0xFF, 0xF0, 0x00, 0x00, 0x0F, 0xFF, 0xFF, 0xF0, 0x00, 0x00, 0x0F, 0xFF, 0xFF, 0xF0, 0x00, 0x00, 0x07,
    0xE7, 0xE7, 0xE0, 0x00, 0x00, 0x03, 0xC3, 0xC3, 0xC0, 0x00, 0x03, 0xC0, 0x00, 0x00, 0x03, 0xC0, 0x07, 0xE0, 0x00,
    0x00, 0x07, 0xE0, 0x0F, 0xF0, 0x00, 0x00, 0x0F, 0xF0, 0x0F, 0xF0, 0x00, 0x00, 0x0F, 0xF0, 0x0F, 0xF0, 0x00, 0x00,
    0x0F, 0xF0, 0x0F, 0xF0, 0x00, 0x00, 0x0F, 0xF0, 0x07, 0xE0, 0x00, 0x00, 0x07, 0xE0, 0x03, 0xC0, 0x00, 0x00, 0x03,
    0xC0, 0x00, 0x00, 0x00, 0x00, 0x03, 0xC0, 0x00, 0x00, 0x00, 0x00, 0x07, 0xE0, 0x00, 0x00, 0x00, 0x00, 0x0F, 0xF0,
    0x00, 0x00, 0x00, 0x00, 0x0F, 0xF0, 0x00, 0x00, 0x00, 0x00, 0x0F, 0xF0, 0x00, 0x00, 0x00, 0x00, 0x0F, 0xF0, 0x00,
    0x00, 0x00, 0x00, 0x07, 0xE0, 0x00, 0x00, 0x00, 0x00, 0x03, 0xC0, 0x00, 0x00, 0x00, 0x03, 0xC0, 0x00, 0x00, 0x00,
    0x00, 0x07, 0xE0, 0x00, 0x00, 0x00, 0x00, 0x0F, 0xF0, 0x00, 0x00, 0x00, 0x00, 0x0F, 0xF0, 0x00, 0x00, 0x00, 0x00,
    0x0F, 0xF0, 0x00, 0x00, 0x00, 0x00, 0x0F, 0xF0, 0x00, 0x00, 0x00, 0x00, 0x07, 0xE0, 0x00, 0x00, 0x00, 0x00, 0x03,
    0xC0, 0x00, 0x00, 0x00, 0x03, 0xC0, 0x00, 0x00, 0x00, 0x00, 0x07, 0xE0, 0x00, 0x00, 0x00, 0x00, 0x0F, 0xF0, 0x00,
    0x00, 0x00, 0x00, 0x0F, 0xF0, 0x00, 0x00, 0x00, 0x00, 0x0F, 0xF0, 0x00, 0x00, 0x00, 0x00, 0x0F, 0xF0, 0x00, 0x00,
    0x00, 0x00, 0x07, 0xE0, 0x00, 0x00, 0x00, 0x00, 0x03, 0xC0, 0x00, 0x00, 0x00, 0x03, 0xC0, 0x00, 0x00, 0x00, 0x00,
    0x07, 0xE0, 0x00, 0x00, 0x00, 0x00, 0x0F, 0xF0, 0x00, 0x00, 0x00, 0x00, 0x0F, 0xF0, 0x00, 0x00, 0x00, 0x00, 0x0F,
    0xF0, 0x00, 0x00, 0x00, 0x00, 0x0F, 0xF0, 0x00, 0x00, 0x00, 0x00, 0x07, 0xE0, 0x00, 0x00, 0x00, 0x00, 0x03, 0xC0,
    0x00, 0x00, 0x00, 0x03, 0xC3, 0xC3, 0xC3, 0xC3, 0xC0, 0x07, 0xE7, 0xE7, 0xE7, 0xE7, 0xE0, 0x0F, 0xFF, 0xFF, 0xFF,
    0xFF, 0xF0, 0x0F, 0xFF, 0xFF, 0xFF, 0xFF, 0xF0, 0x0F, 0xFF, 0xFF, 0xFF, 0xFF, 0xF0, 0x0F, 0xFF, 0xFF, 0xFF, 0xFF,
    0xF0, 0x07, 0xE7, 0xE7, 0xE7, 0xE7, 0xE0, 0x03, 0xC3, 0xC3, 0xC3, 0xC3, 0xC0, 0x00, 0x03, 0xC3, 0xC3, 0xC0, 0x00,
    0x00, 0x07, 0xE7, 0xE7, 0xE0, 0x00, 0x00, 0x0F, 0xFF, 0xFF, 0xF0, 0x00, 0x00, 0x0F, 0xFF, 0xFF, 0xF0, 0x00, 0x00,
    0x0F, 0xFF, 0xFF, 0xF0, 0x00, 0x00, 0x0F, 0xFF, 0xFF, 0xF0, 0x00, 0x00, 0x07, 0xE7, 0xE7, 0xE0, 0x00, 0x00, 0x03,
    0xC3, 0xC3, 0xC0, 0x00, 0x03, 0xC0, 0x00, 0x00, 0x03, 0xC0, 0x07, 0xE0, 0x00, 0x00, 0x07, 0xE0, 0x0F, 0xF0, 0x00,
    0x00, 0x0F, 0xF0, 0x0F, 0xF0, 0x00, 0x00, 0x0F, 0xF0, 0x0F, 0xF0, 0x00, 0x00, 0x0F, 0xF0, 0x0F, 0xF0, 0x00, 0x00,
    0x0F, 0xF0, 0x07, 0xE0, 0x00, 0x00, 0x07, 0xE0, 0x03, 0xC0, 0x00, 0x00, 0x03, 0xC0, 0x00, 0x00, 0x00, 0x00, 0x03,
    0xC0, 0x00, 0x00, 0x00, 0x00, 0x07, 0xE0, 0x00, 0x00, 0x00, 0x00, 0x0F, 0xF0, 0x00, 0x00, 0x00, 0x00, 0x0F, 0xF0,
    0x00, 0x00, 0x00, 0x00, 0x0F, 0xF0, 0x00, 0x00, 0x00, 0x00, 0x0F, 0xF0, 0x00, 0x00, 0x00, 0x00, 0x07, 0xE0, 0x00,
    0x00, 0x00, 0x00, 0x03, 0xC0, 0x00, 0x00, 0x03, 0xC3, 0xC0, 0x00, 0x00, 0x00, 0x07, 0xE7, 0xE0, 0x00, 0x00, 0x00,
    0x0F, 0xFF, 0xF0, 0x00, 0x00, 0x00, 0x0F, 0xFF, 0xF0, 0x00, 0x00, 0x00, 0x0F, 0xFF, 0xF0, 0x00, 0x00, 0x00, 0x0F,
    0xFF, 0xF0, 0x00, 0x00, 0x00, 0x07, 0xE7, 0xE0, 0x00, 0x00, 0x00, 0x03, 0xC3, 0xC0, 0x00, 0x00, 0x00, 0x00, 0x00,
    0x03, 0xC0, 0x00, 0x00, 0x00, 0x00, 0x07, 0xE0, 0x00, 0x00, 0x00, 0x00, 0x0F, 0xF0, 0x00, 0x00, 0x00, 0x00, 0x0F,
    0xF0, 0x00, 0x00, 0x00, 0x00, 0x0F, 0xF0, 0x00, 0x00, 0x00, 0x00, 0x0F, 0xF0, 0x00, 0x00, 0x00, 0x00, 0x07, 0xE0,
    0x00, 0x00, 0x00, 0x00, 0x03, 0xC0, 0x03, 0xC0, 0x00, 0x00, 0x03, 0xC0, 0x07, 0xE0, 0x00, 0x00, 0x07, 0xE0, 0x0F,
    0xF0, 0x00, 0x00, 0x0F, 0xF0, 0x0F, 0xF0, 0x00, 0x00, 0x0F, 0xF0, 0x0F, 0xF0, 0x00, 0x00, 0x0F, 0xF0, 0x0F, 0xF0,
    0x00, 0x00, 0x0F, 0xF0, 0x07, 0xE0, 0x00, 0x00, 0x07, 0xE0, 0x03, 0xC0, 0x00, 0x00, 0x03, 0xC0, 0x00, 0x03, 0xC3,
    0xC3, 0xC0, 0x00, 0x00, 0x07, 0xE7, 0xE7, 0xE0, 0x00, 0x00, 0x0F, 0xFF, 0xFF, 0xF0, 0x00, 0x00, 0x0F, 0xFF, 0xFF,
    0xF0, 0x00, 0x00, 0x0F, 0xFF, 0xFF, 0xF0, 0x00, 0x00, 0x0F, 0xFF, 0xFF, 0xF0, 0x00, 0x00, 0x07, 0xE7, 0xE7, 0xE0,
    0x00, 0x00, 0x03, 0xC3, 0xC3, 0xC0, 0x00, 0x00, 0x00, 0x00, 0x03, 0xC0, 0x00, 0x00, 0x00, 0x00, 0x07, 0xE0, 0x00,
    0x00, 0x00, 0x00, 0x0F, 0xF0, 0x00, 0x00, 0x00, 0x00, 0x0F, 0xF0, 0x00, 0x00, 0x00, 0x00, 0x0F, 0xF0, 0x00, 0x00,
    0x00, 0x00, 0x0F, 0xF0, 0x00, 0x00, 0x00, 0x00, 0x07, 0xE0, 0x00, 0x00, 0x00, 0x00, 0x03, 0xC0, 0x00, 0x00, 0x00,
    0x03, 0xC3, 0xC0, 0x00, 0x00, 0x00, 0x07, 0xE7, 0xE0, 0x00, 0x00, 0x00, 0x0F, 0xFF, 0xF0, 0x00, 0x00, 0x00, 0x0F,
    0xFF, 0xF0, 0x00, 0x00, 0x00, 0x0F, 0xFF, 0xF0, 0x00, 0x00, 0x00, 0x0F, 0xFF, 0xF0, 0x00, 0x00, 0x00, 0x07, 0xE7,
    0xE0, 0x00, 0x00, 0x00, 0x03, 0xC3, 0xC0, 0x00, 0x00, 0x03, 0xC0, 0x03, 0xC0, 0x00, 0x00, 0x07, 0xE0, 0x07, 0xE0,
    0x00, 0x00, 0x0F, 0xF0, 0x0F, 0xF0, 0x00, 0x00, 0x0F, 0xF0, 0x0F, 0xF0, 0x00, 0x00, 0x0F, 0xF0, 0x0F, 0xF0, 0x00,
    0x00, 0x0F, 0xF0, 0x0F, 0xF0, 0x00, 0x00, 0x07, 0xE0, 0x07, 0xE0, 0x00, 0x00, 0x03, 0xC0, 0x03, 0xC0, 0x00, 0x03,
    0xC0, 0x00, 0x03, 0xC0, 0x00, 0x07, 0xE0, 0x00, 0x07, 0xE0, 0x00, 0x0F, 0xF0, 0x00, 0x0F, 0xF0, 0x00, 0x0F, 0xF0,
    0x00, 0x0F, 0xF0, 0x00, 0x0F, 0xF0, 0x00, 0x0F, 0xF0, 0x00, 0x0F, 0xF0, 0x00, 0x0F, 0xF0, 0x00, 0x07, 0xE0, 0x00,
    0x07, 0xE0, 0x00, 0x03, 0xC0, 0x00, 0x03, 0xC0, 0x00, 0x03, 0xC3, 0xC3, 0xC3, 0xC3, 0xC0, 0x07, 0xE7, 0xE7, 0xE7,
    0xE7, 0xE0, 0x0F, 0xFF, 0xFF, 0xFF, 0xFF, 0xF0, 0x0F, 0xFF, 0xFF, 0xFF, 0xFF, 0xF0, 0x0F, 0xFF, 0xFF, 0xFF, 0xFF,
    0xF0, 0x0F, 0xFF, 0xFF, 0xFF, 0xFF, 0xF0, 0x07, 0xE7, 0xE7, 0xE7, 0xE7, 0xE0, 0x03, 0xC3, 0xC3, 0xC3, 0xC3, 0xC0,
    0x00, 0x00, 0x00, 0x03, 0xC0, 0x00, 0x00, 0x00, 0x00, 0x07, 0xE0, 0x00, 0x00, 0x00, 0x00, 0x0F, 0xF0, 0x00, 0x00,
    0x00, 0x00, 0x0F, 0xF0, 0x00, 0x00, 0x00, 0x00, 0x0F, 0xF0, 0x00, 0x00, 0x00, 0x00, 0x0F, 0xF0, 0x00, 0x00, 0x00,
    0x00, 0x07, 0xE0, 0x00, 0x00, 0x00, 0x00, 0x03, 0xC0, 0x00, 0x00, 0x00, 0x00, 0x03, 0xC0, 0x00, 0x00, 0x00, 0x00,
    0x07, 0xE0, 0x00, 0x00, 0x00, 0x00, 0x0F, 0xF0, 0x00, 0x00, 0x00, 0x00, 0x0F, 0xF0, 0x00, 0x00, 0x00, 0x00, 0x0F,
    0xF0, 0x00, 0x00, 0x00, 0x00, 0x0F, 0xF0, 0x00, 0x00, 0x00, 0x00, 0x07, 0xE0, 0x00, 0x00, 0x00, 0x00, 0x03, 0xC0,
    0x00, 0x03, 0xC3, 0xC3, 0xC3, 0xC3, 0xC0, 0x07, 0xE7, 0xE7, 0xE7, 0xE7, 0xE0, 0x0F, 0xFF, 0xFF, 0xFF, 0xFF, 0xF0,
    0x0F, 0xFF, 0xFF, 0xFF, 0xFF, 0xF0, 0x0F, 0xFF, 0xFF, 0xFF, 0xFF, 0xF0, 0x0F, 0xFF, 0xFF, 0xFF, 0xFF, 0xF0, 0x07,
    0xE7, 0xE7, 0xE7, 0xE7, 0xE0, 0x03, 0xC3, 0xC3, 0xC3, 0xC3, 0xC0, 0x03, 0xC0, 0x00, 0x00, 0x00, 0x00, 0x07, 0xE0,
    0x00, 0x00, 0x00, 0x00, 0x0F, 0xF0, 0x00, 0x00, 0x00, 0x00, 0x0F, 0xF0, 0x00, 0x00, 0x00, 0x00, 0x0F, 0xF0, 0x00,
    0x00, 0x00, 0x00, 0x0F, 0xF0, 0x00, 0x00, 0x00, 0x00, 0x07, 0xE0, 0x00, 0x00, 0x00, 0x00, 0x03, 0xC0, 0x00, 0x00,
    0x00, 0x00, 0x03, 0xC0, 0x00, 0x00, 0x00, 0x00, 0x07, 0xE0, 0x00, 0x00, 0x00, 0x00, 0x0F, 0xF0, 0x00, 0x00, 0x00,
    0x00, 0x0F, 0xF0, 0x00, 0x00, 0x00, 0x00, 0x0F, 0xF0, 0x00, 0x00, 0x00, 0x00, 0x0F, 0xF0, 0x00, 0x00, 0x00, 0x00,
    0x07, 0xE0, 0x00, 0x00, 0x00, 0x00, 0x03, 0xC0, 0x00, 0x00, 0x00, 0x00, 0x03, 0xC3, 0xC3, 0xC3, 0xC0, 0x00, 0x07,
    0xE7, 0xE7, 0xE7, 0xE0, 0x00, 0x0F, 0xFF, 0xFF, 0xFF, 0xF0, 0x00, 0x0F, 0xFF, 0xFF, 0xFF, 0xF0, 0x00, 0x0F, 0xFF,
    0xFF, 0xFF, 0xF0, 0x00, 0x0F, 0xFF, 0xFF, 0xFF, 0xF0, 0x00, 0x07, 0xE7, 0xE7, 0xE7, 0xE0, 0x00, 0x03, 0xC3, 0xC3,
    0xC3, 0xC0, 0x00, 0x00, 0x00, 0x00, 0x00, 0x03, 0xC0, 0x00, 0x00, 0x00, 0x00, 0x07, 0xE0, 0x00, 0x00, 0x00, 0x00,
    0x0F, 0xF0, 0x00, 0x00, 0x00, 0x00, 0x0F, 0xF0, 0x00, 0x00, 0x00, 0x00, 0x0F, 0xF0, 0x00, 0x00, 0x00, 0x00, 0x0F,
    0xF0, 0x00, 0x00, 0x00, 0x00, 0x07, 0xE0, 0x00, 0x00, 0x00, 0x00, 0x03, 0xC0, 0x03, 0xC0, 0x00, 0x00, 0x03, 0xC0,
    0x07, 0xE0, 0x00, 0x00, 0x07, 0xE0, 0x0F, 0xF0, 0x00, 0x00, 0x0F, 0xF0, 0x0F, 0xF0, 0x00, 0x00, 0x0F, 0xF0, 0x0F,
    0xF0, 0x00, 0x00, 0x0F, 0xF0, 0x0F, 0xF0, 0x00, 0x00, 0x0F, 0xF0, 0x07, 0xE0, 0x00, 0x00, 0x07, 0xE0, 0x03, 0xC0,
    0x00, 0x00, 0x03, 0xC0, 0x00, 0x03, 0xC3, 0xC3, 0xC0, 0x00, 0x00, 0x07, 0xE7, 0xE7, 0xE0, 0x00, 0x00, 0x0F, 0xFF,
    0xFF, 0xF0, 0x00, 0x00, 0x0F, 0xFF, 0xFF, 0xF0, 0x00, 0x00, 0x0F, 0xFF, 0xFF, 0xF0, 0x00, 0x00, 0x0F, 0xFF, 0xFF,
    0xF0, 0x00, 0x00, 0x07, 0xE7, 0xE7, 0xE0, 0x00, 0x00, 0x03, 0xC3, 0xC3, 0xC0, 0x00, 0x00, 0x00, 0x03, 0xC3, 0xC3,
    0xC0, 0x00, 0x00, 0x07, 0xE7, 0xE7, 0xE0, 0x00, 0x00, 0x0F, 0xFF, 0xFF, 0xF0, 0x00, 0x00, 0x0F, 0xFF, 0xFF, 0xF0,
    0x00, 0x00, 0x0F, 0xFF, 0xFF, 0xF0, 0x00, 0x00, 0x0F, 0xFF, 0xFF, 0xF0, 0x00, 0x00, 0x07, 0xE7, 0xE7, 0xE0, 0x00,
    0x00, 0x03, 0xC3, 0xC3, 0xC0, 0x00, 0x03, 0xC0, 0x00, 0x00, 0x00, 0x00, 0x07, 0xE0, 0x00, 0x00, 0x00, 0x00, 0x0F,
    0xF0, 0x00, 0x00, 0x00, 0x00, 0x0F, 0xF0, 0x00, 0x00, 0x00, 0x00, 0x0F, 0xF0, 0x00, 0x00, 0x00, 0x00, 0x0F, 0xF0,
    0x00, 0x00, 0x00, 0x00, 0x07, 0xE0, 0x00, 0x00, 0x00, 0x00, 0x03, 0xC0, 0x00, 0x00, 0x00, 0x03, 0xC0, 0x00, 0x00,
    0x00, 0x00, 0x07, 0xE0, 0x00, 0x00, 0x00, 0x00, 0x0F, 0xF0, 0x00, 0x00, 0x00, 0x00, 0x0F, 0xF0, 0x00, 0x00, 0x00,
    0x00, 0x0F, 0xF0, 0x00, 0x00, 0x00, 0x00, 0x0F, 0xF0, 0x00, 0x00, 0x00, 0x00, 0x07, 0xE0, 0x00, 0x00, 0x00, 0x00,
    0x03, 0xC0, 0x00, 0x00, 0x00, 0x00, 0x03, 0xC3, 0xC3, 0xC3, 0xC0, 0x00, 0x07, 0xE7, 0xE7, 0xE7, 0xE0, 0x00, 0x0F,
    0xFF, 0xFF, 0xFF, 0xF0, 0x00, 0x0F, 0xFF, 0xFF, 0xFF, 0xF0, 0x00, 0x0F, 0xFF, 0xFF, 0xFF, 0xF0, 0x00, 0x0F, 0xFF,
    0xFF, 0xFF, 0xF0, 0x00, 0x07, 0xE7, 0xE7, 0xE7, 0xE0, 0x00, 0x03, 0xC3, 0xC3, 0xC3, 0xC0, 0x00, 0x03, 0xC0, 0x00,
    0x00, 0x03, 0xC0, 0x07, 0xE0, 0x00, 0x00, 0x07, 0xE0, 0x0F, 0xF0, 0x00, 0x00, 0x0F, 0xF0, 0x0F, 0xF0, 0x00, 0x00,
    0x0F, 0xF0, 0x0F, 0xF0, 0x00, 0x00, 0x0F, 0xF0, 0x0F, 0xF0, 0x00, 0x00, 0x0F, 0xF0, 0x07, 0xE0, 0x00, 0x00, 0x07,
    0xE0, 0x03, 0xC0, 0x00, 0x00, 0x03, 0xC0, 0x03, 0xC0, 0x00, 0x00, 0x03, 0xC0, 0x07, 0xE0, 0x00, 0x00, 0x07, 0xE0,
    0x0F, 0xF0, 0x00, 0x00, 0x0F, 0xF0, 0x0F, 0xF0, 0x00, 0x00, 0x0F, 0xF0, 0x0F, 0xF0, 0x00, 0x00, 0x0F, 0xF0, 0x0F,
    0xF0, 0x00, 0x00, 0x0F, 0xF0, 0x07, 0xE0, 0x00, 0x00, 0x07, 0xE0, 0x03, 0xC0, 0x00, 0x00, 0x03, 0xC0, 0x00, 0x03,
    0xC3, 0xC3, 0xC0, 0x00, 0x00, 0x07, 0xE7, 0xE7, 0xE0, 0x00, 0x00, 0x0F, 0xFF, 0xFF, 0xF0, 0x00, 0x00, 0x0F, 0xFF,
    0xFF, 0xF0, 0x00, 0x00, 0x0F, 0xFF, 0xFF, 0xF0, 0x00, 0x00, 0x0F, 0xFF, 0xFF, 0xF0, 0x00, 0x00, 0x07, 0xE7, 0xE7,
    0xE0, 0x00, 0x00, 0x03, 0xC3, 0xC3, 0xC0, 0x00, 0x03, 0xC3, 0xC3, 0xC3, 0xC3, 0xC0, 0x07, 0xE7, 0xE7, 0xE7, 0xE7,
    0xE0, 0x0F, 0xFF, 0xFF, 0xFF, 0xFF, 0xF0, 0x0F, 0xFF, 0xFF, 0xFF, 0xFF, 0xF0, 0x0F, 0xFF, 0xFF, 0xFF, 0xFF, 0xF0,
    0x0F, 0xFF, 0xFF, 0xFF, 0xFF, 0xF0, 0x07, 0xE7, 0xE7, 0xE7, 0xE7, 0xE0, 0x03, 0xC3, 0xC3, 0xC3, 0xC3, 0xC0, 0x00,
    0x00, 0x00, 0x00, 0x03, 0xC0, 0x00, 0x00, 0x00, 0x00, 0x07, 0xE0, 0x00, 0x00, 0x00, 0x00, 0x0F, 0xF0, 0x00, 0x00,
    0x00, 0x00, 0x0F, 0xF0, 0x00, 0x00, 0x00, 0x00, 0x0F, 0xF0, 0x00, 0x00, 0x00, 0x00, 0x0F, 0xF0, 0x00, 0x00, 0x00,
    0x00, 0x07, 0xE0, 0x00, 0x00, 0x00, 0x00, 0x03, 0xC0, 0x00, 0x00, 0x00, 0x03, 0xC0, 0x00, 0x00, 0x00, 0x00, 0x07,
    0xE0, 0x00, 0x00, 0x00, 0x00, 0x0F, 0xF0, 0x00, 0x00, 0x00, 0x00, 0x0F, 0xF0, 0x00, 0x00, 0x00, 0x00, 0x0F, 0xF0,
    0x00, 0x00, 0x00, 0x00, 0x0F, 0xF0, 0x00, 0x00, 0x00, 0x00, 0x07, 0xE0, 0x00, 0x00, 0x00, 0x00, 0x03, 0xC0, 0x00,
    0x00, 0x00, 0x03, 0xC0, 0x00, 0x00, 0x00, 0x00, 0x07, 0xE0, 0x00, 0x00, 0x00, 0x00, 0x0F, 0xF0, 0x00, 0x00, 0x00,
    0x00, 0x0F, 0xF0, 0x00, 0x00, 0x00, 0x00, 0x0F, 0xF0, 0x00, 0x00, 0x00, 0x00, 0x0F, 0xF0, 0x00, 0x00, 0x00, 0x00,
    0x07, 0xE0, 0x00, 0x00, 0x00, 0x00, 0x03, 0xC0, 0x00, 0x00, 0x00, 0x03, 0xC0, 0x00, 0x00, 0x00, 0x00, 0x07, 0xE0,
    0x00, 0x00, 0x00, 0x00, 0x0F, 0xF0, 0x00, 0x00, 0x00, 0x00, 0x0F, 0xF0, 0x00, 0x00, 0x00, 0x00, 0x0F, 0xF0, 0x00,
    0x00, 0x00, 0x00, 0x0F, 0xF0, 0x00, 0x00, 0x00, 0x00, 0x07, 0xE0, 0x00, 0x00, 0x00, 0x00, 0x03, 0xC0, 0x00, 0x00,
    0x00, 0x00, 0x03, 0xC0, 0x00, 0x00, 0x00, 0x00, 0x07, 0xE0, 0x00, 0x00, 0x00, 0x00, 0x0F, 0xF0, 0x00, 0x00, 0x00,
    0x00, 0x0F, 0xF0, 0x00, 0x00, 0x00, 0x00, 0x0F, 0xF0, 0x00, 0x00, 0x00, 0x00, 0x0F, 0xF0, 0x00, 0x00, 0x00, 0x00,
    0x07, 0xE0, 0x00, 0x00, 0x00, 0x00, 0x03, 0xC0, 0x00, 0x00, 0x00, 0x00, 0x03, 0xC0, 0x00, 0x00, 0x00, 0x00, 0x07,
    0xE0, 0x00, 0x00, 0x00, 0x00, 0x0F, 0xF0, 0x00, 0x00, 0x00, 0x00, 0x0F, 0xF0, 0x00, 0x00, 0x00, 0x00, 0x0F, 0xF0,
    0x00, 0x00, 0x00, 0x00, 0x0F, 0xF0, 0x00, 0x00, 0x00, 0x00, 0x07, 0xE0, 0x00, 0x00, 0x00, 0x00, 0x03, 0xC0, 0x00,
    0x00, 0x00, 0x00, 0x03, 0xC3, 0xC3, 0xC0, 0x00, 0x00, 0x07, 0xE7, 0xE7, 0xE0, 0x00, 0x00, 0x0F, 0xFF, 0xFF, 0xF0,
    0x00, 0x00, 0x0F, 0xFF, 0xFF, 0xF0, 0x00, 0x00, 0x0F, 0xFF, 0xFF, 0xF0, 0x00, 0x00, 0x0F, 0xFF, 0xFF, 0xF0, 0x00,
    0x00, 0x07, 0xE7, 0xE7, 0xE0, 0x00, 0x00, 0x03, 0xC3, 0xC3, 0xC0, 0x00, 0x03, 0xC0, 0x00, 0x00, 0x03, 0xC0, 0x07,
    0xE0, 0x00, 0x00, 0x07, 0xE0, 0x0F, 0xF0, 0x00, 0x00, 0x0F, 0xF0, 0x0F, 0xF0, 0x00, 0x00, 0x0F, 0xF0, 0x0F, 0xF0,
    0x00, 0x00, 0x0F, 0xF0, 0x0F, 0xF0, 0x00, 0x00, 0x0F, 0xF0, 0x07, 0xE0, 0x00, 0x00, 0x07, 0xE0, 0x03, 0xC0, 0x00,
    0x00, 0x03, 0xC0, 0x03, 0xC0, 0x00, 0x00, 0x03, 0xC0, 0x07, 0xE0, 0x00, 0x00, 0x07, 0xE0, 0x0F, 0xF0, 0x00, 0x00,
    0x0F, 0xF0, 0x0F, 0xF0, 0x00, 0x00, 0x0F, 0xF0, 0x0F, 0xF0, 0x00, 0x00, 0x0F, 0xF0, 0x0F, 0xF0, 0x00, 0x00, 0x0F,
    0xF0, 0x07, 0xE0, 0x00, 0x00, 0x07, 0xE0, 0x03, 0xC0, 0x00, 0x00, 0x03, 0xC0, 0x00, 0x03, 0xC3, 0xC3, 0xC0, 0x00,
    0x00, 0x07, 0xE7, 0xE7, 0xE0, 0x00, 0x00, 0x0F, 0xFF, 0xFF, 0xF0, 0x00, 0x00, 0x0F, 0xFF, 0xFF, 0xF0, 0x00, 0x00,
    0x0F, 0xFF, 0xFF, 0xF0, 0x00, 0x00, 0x0F, 0xFF, 0xFF, 0xF0, 0x00, 0x00, 0x07, 0xE7, 0xE7, 0xE0, 0x00, 0x00, 0x03,
    0xC3, 0xC3, 0xC0, 0x00, 0x03, 0xC0, 0x00, 0x00, 0x03, 0xC0, 0x07, 0xE0, 0x00, 0x00, 0x07, 0xE0, 0x0F, 0xF0, 0x00,
    0x00, 0x0F, 0xF0, 0x0F, 0xF0, 0x00, 0x00, 0x0F, 0xF0, 0x0F, 0xF0, 0x00, 0x00, 0x0F, 0xF0, 0x0F, 0xF0, 0x00, 0x00,
    0x0F, 0xF0, 0x07, 0xE0, 0x00, 0x00, 0x07, 0xE0, 0x03, 0xC0, 0x00, 0x00, 0x03, 0xC0, 0x03, 0xC0, 0x00, 0x00, 0x03,
    0xC0, 0x07, 0xE0, 0x00, 0x00, 0x07, 0xE0, 0x0F, 0xF0, 0x00, 0x00, 0x0F, 0xF0, 0x0F, 0xF0, 0x00, 0x00, 0x0F, 0xF0,
    0x0F, 0xF0, 0x00, 0x00, 0x0F, 0xF0, 0x0F, 0xF0, 0x00, 0x00, 0x0F, 0xF0, 0x07, 0xE0, 0x00, 0x00, 0x07, 0xE0, 0x03,
    0xC0, 0x00, 0x00, 0x03, 0xC0, 0x00, 0x03, 0xC3, 0xC3, 0xC0, 0x00, 0x00, 0x07, 0xE7, 0xE7, 0xE0, 0x00, 0x00, 0x0F,
    0xFF, 0xFF, 0xF0, 0x00, 0x00, 0x0F, 0xFF, 0xFF, 0xF0, 0x00, 0x00, 0x0F, 0xFF, 0xFF, 0xF0, 0x00, 0x00, 0x0F, 0xFF,
    0xFF, 0xF0, 0x00, 0x00, 0x07, 0xE7, 0xE7, 0xE0, 0x00, 0x00, 0x03, 0xC3, 0xC3, 0xC0, 0x00, 0x00, 0x03, 0xC3, 0xC3,
    0xC0, 0x00, 0x00, 0x07, 0xE7, 0xE7, 0xE0, 0x00, 0x00, 0x0F, 0xFF, 0xFF, 0xF0, 0x00, 0x00, 0x0F, 0xFF, 0xFF, 0xF0,
    0x00, 0x00, 0x0F, 0xFF, 0xFF, 0xF0, 0x00, 0x00, 0x0F, 0xFF, 0xFF, 0xF0, 0x00, 0x00, 0x07, 0xE7, 0xE7, 0xE0, 0x00,
    0x00, 0x03, 0xC3, 0xC3, 0xC0, 0x00, 0x03, 0xC0, 0x00, 0x00, 0x03, 0xC0, 0x07, 0xE0, 0x00, 0x00, 0x07, 0xE0, 0x0F,
    0xF0, 0x00, 0x00, 0x0F, 0xF0, 0x0F, 0xF0, 0x00, 0x00, 0x0F, 0xF0, 0x0F, 0xF0, 0x00, 0x00, 0x0F, 0xF0, 0x0F, 0xF0,
    0x00, 0x00, 0x0F, 0xF0, 0x07, 0xE0, 0x00, 0x00, 0x07, 0xE0, 0x03, 0xC0, 0x00, 0x00, 0x03, 0xC0, 0x03, 0xC0, 0x00,
    0x00, 0x03, 0xC0, 0x07, 0xE0, 0x00, 0x00, 0x07, 0xE0, 0x0F, 0xF0, 0x00, 0x00, 0x0F, 0xF0, 0x0F, 0xF0, 0x00, 0x00,
    0x0F, 0xF0, 0x0F, 0xF0, 0x00, 0x00, 0x0F, 0xF0, 0x0F, 0xF0, 0x00, 0x00, 0x0F, 0xF0, 0x07, 0xE0, 0x00, 0x00, 0x07,
    0xE0, 0x03, 0xC0, 0x00, 0x00, 0x03, 0xC0, 0x00, 0x03, 0xC3, 0xC3, 0xC3, 0xC0, 0x00, 0x07, 0xE7, 0xE7, 0xE7, 0xE0,
    0x00, 0x0F, 0xFF, 0xFF, 0xFF, 0xF0, 0x00, 0x0F, 0xFF, 0xFF, 0xFF, 0xF0, 0x00, 0x0F, 0xFF, 0xFF, 0xFF, 0xF0, 0x00,
    0x0F, 0xFF, 0xFF, 0xFF, 0xF0, 0x00, 0x07, 0xE7, 0xE7, 0xE7, 0xE0, 0x00, 0x03, 0xC3, 0xC3, 0xC3, 0xC0, 0x00, 0x00,
    0x00, 0x00, 0x03, 0xC0, 0x00, 0x00, 0x00, 0x00, 0x07, 0xE0, 0x00, 0x00, 0x00, 0x00, 0x0F, 0xF0, 0x00, 0x00, 0x00,
    0x00, 0x0F, 0xF0, 0x00, 0x00, 0x00, 0x00, 0x0F, 0xF0, 0x00, 0x00, 0x00, 0x00, 0x0F, 0xF0, 0x00, 0x00, 0x00, 0x00,
    0x07, 0xE0, 0x00, 0x00, 0x00, 0x00, 0x03, 0xC0, 0x00, 0x00, 0x00, 0x03, 0xC0, 0x00, 0x00, 0x00, 0x00, 0x07, 0xE0,
    0x00, 0x00, 0x00, 0x00, 0x0F, 0xF0, 0x00, 0x00, 0x00, 0x00, 0x0F, 0xF0, 0x00, 0x00, 0x00, 0x00, 0x0F, 0xF0, 0x00,
    0x00, 0x00, 0x00, 0x0F, 0xF0, 0x00, 0x00, 0x00, 0x00, 0x07, 0xE0, 0x00, 0x00, 0x00, 0x00, 0x03, 0xC0, 0x00, 0x00,
    0x03, 0xC3, 0xC0, 0x00, 0x00, 0x00, 0x07, 0xE7, 0xE0, 0x00, 0x00, 0x00, 0x0F, 0xFF, 0xF0, 0x00, 0x00, 0x00, 0x0F,
    0xFF, 0xF0, 0x00, 0x00, 0x00, 0x0F, 0xFF, 0xF0, 0x00, 0x00, 0x00, 0x0F, 0xFF, 0xF0, 0x00, 0x00, 0x00, 0x07, 0xE7,
    0xE0, 0x00, 0x00, 0x00, 0x03, 0xC3, 0xC0, 0x00, 0x00, 0x03, 0xC0, 0x07, 0xE0, 0x0F, 0xF0, 0x0F, 0xF0, 0x0F, 0xF0,
    0x0F, 0xF0, 0x07, 0xE0, 0x03, 0xC0, 0x00, 0x00, 0x00, 0x00, 0x00, 0x00, 0x00, 0x00, 0x00, 0x00, 0x00, 0x00, 0x00,
    0x00, 0x00, 0x00, 0x00, 0x00, 0x00, 0x00, 0x00, 0x00, 0x00, 0x00, 0x00, 0x00, 0x00, 0x00, 0x00, 0x00, 0x00, 0x00,
    0x03, 0xC0, 0x07, 0xE0, 0x0F, 0xF0, 0x0F, 0xF0, 0x0F, 0xF0, 0x0F, 0xF0, 0x07, 0xE0, 0x03, 0xC0, 0x00, 0x00, 0x00,
    0x00, 0x00, 0x00, 0x00, 0x00, 0x00, 0x00, 0x00, 0x00, 0x00, 0x00, 0x00, 0x00, 0x00, 0x03, 0xC0, 0x00, 0x07, 0xE0,
    0x00, 0x0F, 0xF0, 0x00, 0x0F, 0xF0, 0x00, 0x0F, 0xF0, 0x00, 0x0F, 0xF0, 0x00, 0x07, 0xE0, 0x00, 0x03, 0xC0, 0x00,
    0x00, 0x00, 0x00, 0x00, 0x00, 0x00, 0x00, 0x00, 0x00, 0x00, 0x00, 0x00, 0x00, 0x00, 0x00, 0x00, 0x00, 0x00, 0x00,
    0x00, 0x00, 0x00, 0x00, 0x00, 0x00, 0x00, 0x00, 0x00, 0x00, 0x00, 0x00, 0x00, 0x00, 0x00, 0x00, 0x00, 0x00, 0x00,
    0x00, 0x00, 0x00, 0x00, 0x00, 0x00, 0x00, 0x00, 0x00, 0x00, 0x03, 0xC0, 0x00, 0x07, 0xE0, 0x00, 0x0F, 0xF0, 0x00,
    0x0F, 0xF0, 0x00, 0x0F, 0xF0, 0x00, 0x0F, 0xF0, 0x00, 0x07, 0xE0, 0x00, 0x03, 0xC0, 0x03, 0xC0, 0x00, 0x07, 0xE0,
    0x00, 0x0F, 0xF0, 0x00, 0x0F, 0xF0, 0x00, 0x0F, 0xF0, 0x00, 0x0F, 0xF0, 0x00, 0x07, 0xE0, 0x00, 0x03, 0xC0, 0x00,
    0x00, 0x00, 0x03, 0xC0, 0x00, 0x00, 0x07, 0xE0, 0x00, 0x00, 0x0F, 0xF0, 0x00, 0x00, 0x0F, 0xF0, 0x00, 0x00, 0x0F,
    0xF0, 0x00, 0x00, 0x0F, 0xF0, 0x00, 0x00, 0x07, 0xE0, 0x00, 0x00, 0x03, 0xC0, 0x00, 0x03, 0xC0, 0x00, 0x00, 0x07,
    0xE0, 0x00, 0x00, 0x0F, 0xF0, 0x00, 0x00, 0x0F, 0xF0, 0x00, 0x00, 0x0F, 0xF0, 0x00, 0x00, 0x0F, 0xF0, 0x00, 0x00,
    0x07, 0xE0, 0x00, 0x00, 0x03, 0xC0, 0x00, 0x03, 0xC0, 0x00, 0x00, 0x07, 0xE0, 0x00, 0x00, 0x0F, 0xF0, 0x00, 0x00,
    0x0F, 0xF0, 0x00, 0x00, 0x0F, 0xF0, 0x00, 0x00, 0x0F, 0xF0, 0x00, 0x00, 0x07, 0xE0, 0x00, 0x00, 0x03, 0xC0, 0x00,
    0x00, 0x00, 0x03, 0xC0, 0x00, 0x00, 0x07, 0xE0, 0x00, 0x00, 0x0F, 0xF0, 0x00, 0x00, 0x0F, 0xF0, 0x00, 0x00, 0x0F,
    0xF0, 0x00, 0x00, 0x0F, 0xF0, 0x00, 0x00, 0x07, 0xE0, 0x00, 0x00, 0x03, 0xC0, 0x00, 0x00, 0x00, 0x03, 0xC0, 0x00,
    0x00, 0x07, 0xE0, 0x00, 0x00, 0x0F, 0xF0, 0x00, 0x00, 0x0F, 0xF0, 0x00, 0x00, 0x0F, 0xF0, 0x00, 0x00, 0x0F, 0xF0,
    0x00, 0x00, 0x07, 0xE0, 0x00, 0x00, 0x03, 0xC0, 0x00, 0x00, 0x00, 0x00, 0x00, 0x00, 0x00, 0x00, 0x00, 0x00, 0x00,
    0x00, 0x00, 0x00, 0x00, 0x00, 0x00, 0x00, 0x00, 0x00, 0x00, 0x00, 0x00, 0x00, 0x00, 0x00, 0x00, 0x00, 0x00, 0x00,
    0x00, 0x00, 0x03, 0xC3, 0xC3, 0xC3, 0xC3, 0xC0, 0x07, 0xE7, 0xE7, 0xE7, 0xE7, 0xE0, 0x0F, 0xFF, 0xFF, 0xFF, 0xFF,
    0xF0, 0x0F, 0xFF, 0xFF, 0xFF, 0xFF, 0xF0, 0x0F, 0xFF, 0xFF, 0xFF, 0xFF, 0xF0, 0x0F, 0xFF, 0xFF, 0xFF, 0xFF, 0xF0,
    0x07, 0xE7, 0xE7, 0xE7, 0xE7, 0xE0, 0x03, 0xC3, 0xC3, 0xC3, 0xC3, 0xC0, 0x00, 0x00, 0x00, 0x00, 0x00, 0x00, 0x00,
    0x00, 0x00, 0x00, 0x00, 0x00, 0x00, 0x00, 0x00, 0x00, 0x00, 0x00, 0x00, 0x00, 0x00, 0x00, 0x00, 0x00, 0x00, 0x00,
    0x00, 0x00, 0x00, 0x00, 0x00, 0x00, 0x00, 0x00, 0x00, 0x00, 0x00, 0x00, 0x00, 0x00, 0x00, 0x00, 0x00, 0x00, 0x00,
    0x00, 0x00, 0x00, 0x03, 0xC3, 0xC3, 0xC3, 0xC3, 0xC0, 0x07, 0xE7, 0xE7, 0xE7, 0xE7, 0xE0, 0x0F, 0xFF, 0xFF, 0xFF,
    0xFF, 0xF0, 0x0F, 0xFF, 0xFF, 0xFF, 0xFF, 0xF0, 0x0F, 0xFF, 0xFF, 0xFF, 0xFF, 0xF0, 0x0F, 0xFF, 0xFF, 0xFF, 0xFF,
    0xF0, 0x07, 0xE7, 0xE7, 0xE7, 0xE7, 0xE0, 0x03, 0xC3, 0xC3, 0xC3, 0xC3, 0xC0, 0x00, 0x00, 0x00, 0x00, 0x00, 0x00,
    0x00, 0x00, 0x00, 0x00, 0x00, 0x00, 0x00, 0x00, 0x00, 0x00, 0x00, 0x00, 0x00, 0x00, 0x00, 0x00, 0x00, 0x00, 0x00,
    0x00, 0x00, 0x00, 0x00, 0x00, 0x00, 0x00, 0x00, 0x00, 0x00, 0x00, 0x00, 0x00, 0x00, 0x00, 0x00, 0x00, 0x00, 0x00,
    0x00, 0x00, 0x00, 0x00, 0x00, 0x00, 0x00, 0x00, 0x00, 0x00, 0x00, 0x00, 0x00, 0x00, 0x00, 0x00, 0x00, 0x00, 0x00,
    0x00, 0x00, 0x00, 0x00, 0x00, 0x00, 0x00, 0x00, 0x00, 0x00, 0x00, 0x00, 0x00, 0x00, 0x00, 0x00, 0x00, 0x00, 0x00,
    0x00, 0x00, 0x00, 0x00, 0x00, 0x00, 0x00, 0x00, 0x00, 0x00, 0x00, 0x00, 0x00, 0x00, 0x03, 0xC0, 0x00, 0x00, 0x07,
    0xE0, 0x00, 0x00, 0x0F, 0xF0, 0x00, 0x00, 0x0F, 0xF0, 0x00, 0x00, 0x0F, 0xF0, 0x00, 0x00, 0x0F, 0xF0, 0x00, 0x00,
    0x07, 0xE0, 0x00, 0x00, 0x03, 0xC0, 0x00, 0x00, 0x00, 0x03, 0xC0, 0x00, 0x00, 0x07, 0xE0, 0x00, 0x00, 0x0F, 0xF0,
    0x00, 0x00, 0x0F, 0xF0, 0x00, 0x00, 0x0F, 0xF0, 0x00, 0x00, 0x0F, 0xF0, 0x00, 0x00, 0x07, 0xE0, 0x00, 0x00, 0x03,
    0xC0, 0x00, 0x00, 0x00, 0x03, 0xC0, 0x00, 0x00, 0x07, 0xE0, 0x00, 0x00, 0x0F, 0xF0, 0x00, 0x00, 0x0F, 0xF0, 0x00,
    0x00, 0x0F, 0xF0, 0x00, 0x00, 0x0F, 0xF0, 0x00, 0x00, 0x07, 0xE0, 0x00, 0x00, 0x03, 0xC0, 0x00, 0x03, 0xC0, 0x00,
    0x00, 0x07, 0xE0, 0x00, 0x00, 0x0F, 0xF0, 0x00, 0x00, 0x0F, 0xF0, 0x00, 0x00, 0x0F, 0xF0, 0x00, 0x00, 0x0F, 0xF0,
    0x00, 0x00, 0x07, 0xE0, 0x00, 0x00, 0x03, 0xC0, 0x00, 0x03, 0xC0, 0x00, 0x00, 0x07, 0xE0, 0x00, 0x00, 0x0F, 0xF0,
    0x00, 0x00, 0x0F, 0xF0, 0x00, 0x00, 0x0F, 0xF0, 0x00, 0x00, 0x0F, 0xF0, 0x00, 0x00, 0x07, 0xE0, 0x00, 0x00, 0x03,
    0xC0, 0x00, 0x00, 0x00, 0x00, 0x00, 0x00, 0x00, 0x00, 0x00, 0x00, 0x00, 0x00, 0x00, 0x00, 0x00, 0x00, 0x00, 0x00,
    0x00, 0x00, 0x00, 0x00, 0x00, 0x00, 0x00, 0x00, 0x00, 0x00, 0x00, 0x00, 0x00, 0x00, 0x00, 0x00, 0x00, 0x03, 0xC3,
    0xC3, 0xC0, 0x00, 0x00, 0x07, 0xE7, 0xE7, 0xE0, 0x00, 0x00, 0x0F, 0xFF, 0xFF, 0xF0, 0x00, 0x00, 0x0F, 0xFF, 0xFF,
    0xF0, 0x00, 0x00, 0x0F, 0xFF, 0xFF, 0xF0, 0x00, 0x00, 0x0F, 0xFF, 0xFF, 0xF0, 0x00, 0x00, 0x07, 0xE7, 0xE7, 0xE0,
    0x00, 0x00, 0x03, 0xC3, 0xC3, 0xC0, 0x00, 0x03, 0xC0, 0x00, 0x00, 0x03, 0xC0, 0x07, 0xE0, 0x00, 0x00, 0x07, 0xE0,
    0x0F, 0xF0, 0x00, 0x00, 0x0F, 0xF0, 0x0F, 0xF0, 0x00, 0x00, 0x0F, 0xF0, 0x0F, 0xF0, 0x00, 0x00, 0x0F, 0xF0, 0x0F,
    0xF0, 0x00, 0x00, 0x0F, 0xF0, 0x07, 0xE0, 0x00, 0x00, 0x07, 0xE0, 0x03, 0xC0, 0x00, 0x00, 0x03, 0xC0, 0x00, 0x00,
    0x00, 0x00, 0x03, 0xC0, 0x00, 0x00, 0x00, 0x00, 0x07, 0xE0, 0x00, 0x00, 0x00, 0x00, 0x0F, 0xF0, 0x00, 0x00, 0x00,
    0x00, 0x0F, 0xF0, 0x00, 0x00, 0x00, 0x00, 0x0F, 0xF0, 0x00, 0x00, 0x00, 0x00, 0x0F, 0xF0, 0x00, 0x00, 0x00, 0x00,
    0x07, 0xE0, 0x00, 0x00, 0x00, 0x00, 0x03, 0xC0, 0x00, 0x00, 0x00, 0x03, 0xC0, 0x00, 0x00, 0x00, 0x00, 0x07, 0xE0,
    0x00, 0x00, 0x00, 0x00, 0x0F, 0xF0, 0x00, 0x00, 0x00, 0x00, 0x0F, 0xF0, 0x00, 0x00, 0x00, 0x00, 0x0F, 0xF0, 0x00,
    0x00, 0x00, 0x00, 0x0F, 0xF0, 0x00, 0x00, 0x00, 0x00, 0x07, 0xE0, 0x00, 0x00, 0x00, 0x00, 0x03, 0xC0, 0x00, 0x00,
    0x00, 0x00, 0x00, 0x00, 0x00, 0x00, 0x00, 0x00, 0x00, 0x00, 0x00, 0x00, 0x00, 0x00, 0x00, 0x00, 0x00, 0x00, 0x00,
    0x00, 0x00, 0x00, 0x00, 0x00, 0x00, 0x00, 0x00, 0x00, 0x00, 0x00, 0x00, 0x00, 0x00, 0x00, 0x00, 0x00, 0x00, 0x00,
    0x00, 0x00, 0x00, 0x00, 0x00, 0x00, 0x00, 0x00, 0x00, 0x00, 0x00, 0x03, 0xC0, 0x00, 0x00, 0x00, 0x00, 0x07, 0xE0,
    0x00, 0x00, 0x00, 0x00, 0x0F, 0xF0, 0x00, 0x00, 0x00, 0x00, 0x0F, 0xF0, 0x00, 0x00, 0x00, 0x00, 0x0F, 0xF0, 0x00,
    0x00, 0x00, 0x00, 0x0F, 0xF0, 0x00, 0x00, 0x00, 0x00, 0x07, 0xE0, 0x00, 0x00, 0x00, 0x00, 0x03, 0xC0, 0x00, 0x00,
    0x00, 0x00, 0x03, 0xC0, 0x00, 0x00, 0x00, 0x00, 0x07, 0xE0, 0x00, 0x00, 0x00, 0x00, 0x0F, 0xF0, 0x00, 0x00, 0x00,
    0x00, 0x0F, 0xF0, 0x00, 0x00, 0x00, 0x00, 0x0F, 0xF0, 0x00, 0x00, 0x00, 0x00, 0x0F, 0xF0, 0x00, 0x00, 0x00, 0x00,
    0x07, 0xE0, 0x00, 0x00, 0x00, 0x00, 0x03, 0xC0, 0x00, 0x00, 0x00, 0x03, 0xC3, 0xC3, 0xC0, 0x00, 0x00, 0x07, 0xE7,
    0xE7, 0xE0, 0x00, 0x00, 0x0F, 0xFF, 0xFF, 0xF0, 0x00, 0x00, 0x0F, 0xFF, 0xFF, 0xF0, 0x00, 0x00, 0x0F, 0xFF, 0xFF,
    0xF0, 0x00, 0x00, 0x0F, 0xFF, 0xFF, 0xF0, 0x00, 0x00, 0x07, 0xE7, 0xE7, 0xE0, 0x00, 0x00, 0x03, 0xC3, 0xC3, 0xC0,
    0x00, 0x03, 0xC0, 0x00, 0x00, 0x03, 0xC0, 0x07, 0xE0, 0x00, 0x00, 0x07, 0xE0, 0x0F, 0xF0, 0x00, 0x00, 0x0F, 0xF0,
    0x0F, 0xF0, 0x00, 0x00, 0x0F, 0xF0, 0x0F, 0xF0, 0x00, 0x00, 0x0F, 0xF0, 0x0F, 0xF0, 0x00, 0x00, 0x0F, 0xF0, 0x07,
    0xE0, 0x00, 0x00, 0x07, 0xE0, 0x03, 0xC0, 0x00, 0x00, 0x03, 0xC0, 0x03, 0xC0, 0x03, 0xC0, 0x03, 0xC0, 0x07, 0xE0,
    0x07, 0xE0, 0x07, 0xE0, 0x0F, 0xF0, 0x0F, 0xF0, 0x0F, 0xF0, 0x0F, 0xF0, 0x0F, 0xF0, 0x0F, 0xF0, 0x0F, 0xF0, 0x0F,
    0xF0, 0x0F, 0xF0, 0x0F, 0xF0, 0x0F, 0xF0, 0x0F, 0xF0, 0x07, 0xE0, 0x07, 0xE0, 0x07, 0xE0, 0x03, 0xC0, 0x03, 0xC0,
    0x03, 0xC0, 0x03, 0xC0, 0x03, 0xC0, 0x03, 0xC0, 0x07, 0xE0, 0x07, 0xE0, 0x07, 0xE0, 0x0F, 0xF0, 0x0F, 0xF0, 0x0F,
    0xF0, 0x0F, 0xF0, 0x0F, 0xF0, 0x0F, 0xF0, 0x0F, 0xF0, 0x0F, 0xF0, 0x0F, 0xF0, 0x0F, 0xF0, 0x0F, 0xF0, 0x0F, 0xF0,
    0x07, 0xE0, 0x07, 0xE0, 0x07, 0xE0, 0x03, 0xC0, 0x03, 0xC0, 0x03, 0xC0, 0x03, 0xC0, 0x03, 0xC3, 0xC3, 0xC0, 0x07,
    0xE0, 0x07, 0xE7, 0xE7, 0xE0, 0x0F, 0xF0, 0x0F, 0xFF, 0xFF, 0xF0, 0x0F, 0xF0, 0x0F, 0xFF, 0xFF, 0xF0, 0x0F, 0xF0,
    0x0F, 0xFF, 0xFF, 0xF0, 0x0F, 0xF0, 0x0F, 0xFF, 0xFF, 0xF0, 0x07, 0xE0, 0x07, 0xE7, 0xE7, 0xE0, 0x03, 0xC0, 0x03,
    0xC3, 0xC3, 0xC0, 0x03, 0xC0, 0x00, 0x00, 0x00, 0x00, 0x07, 0xE0, 0x00, 0x00, 0x00, 0x00, 0x0F, 0xF0, 0x00, 0x00,
    0x00, 0x00, 0x0F, 0xF0, 0x00, 0x00, 0x00, 0x00, 0x0F, 0xF0, 0x00, 0x00, 0x00, 0x00, 0x0F, 0xF0, 0x00, 0x00, 0x00,
    0x00, 0x07, 0xE0, 0x00, 0x00, 0x00, 0x00, 0x03, 0xC0, 0x00, 0x00, 0x00, 0x00, 0x00, 0x03, 0xC3, 0xC3, 0xC0, 0x00,
    0x00, 0x07, 0xE7, 0xE7, 0xE0, 0x00, 0x00, 0x0F, 0xFF, 0xFF, 0xF0, 0x00, 0x00, 0x0F, 0xFF, 0xFF, 0xF0, 0x00, 0x00,
    0x0F, 0xFF, 0xFF, 0xF0, 0x00, 0x00, 0x0F, 0xFF, 0xFF, 0xF0, 0x00, 0x00, 0x07, 0xE7, 0xE7, 0xE0, 0x00, 0x00, 0x03,
    0xC3, 0xC3, 0xC0, 0x00, 0x00, 0x00, 0x03, 0xC0, 0x00, 0x00, 0x00, 0x00, 0x07, 0xE0, 0x00, 0x00, 0x00, 0x00, 0x0F,
    0xF0, 0x00, 0x00, 0x00, 0x00, 0x0F, 0xF0, 0x00, 0x00, 0x00, 0x00, 0x0F, 0xF0, 0x00, 0x00, 0x00, 0x00, 0x0F, 0xF0,
    0x00, 0x00, 0x00, 0x00, 0x07, 0xE0, 0x00, 0x00, 0x00, 0x00, 0x03, 0xC0, 0x00, 0x00, 0x00, 0x03, 0xC0, 0x03, 0xC0,
    0x00, 0x00, 0x07, 0xE0, 0x07, 0xE0, 0x00, 0x00, 0x0F, 0xF0, 0x0F, 0xF0, 0x00, 0x00, 0x0F, 0xF0, 0x0F, 0xF0, 0x00,
    0x00, 0x0F, 0xF0, 0x0F, 0xF0, 0x00, 0x00, 0x0F, 0xF0, 0x0F, 0xF0, 0x00, 0x00, 0x07, 0xE0, 0x07, 0xE0, 0x00, 0x00,
    0x03, 0xC0, 0x03, 0xC0, 0x00, 0x03, 0xC0, 0x00, 0x00, 0x03, 0xC0, 0x07, 0xE0, 0x00, 0x00, 0x07, 0xE0, 0x0F, 0xF0,
    0x00, 0x00, 0x0F, 0xF0, 0x0F, 0xF0, 0x00, 0x00, 0x0F, 0xF0, 0x0F, 0xF0, 0x00, 0x00, 0x0F, 0xF0, 0x0F, 0xF0, 0x00,
    0x00, 0x0F, 0xF0, 0x07, 0xE0, 0x00, 0x00, 0x07, 0xE0, 0x03, 0xC0, 0x00, 0x00, 0x03, 0xC0, 0x03, 0xC0, 0x00, 0x00,
    0x03, 0xC0, 0x07, 0xE0, 0x00, 0x00, 0x07, 0xE0, 0x0F, 0xF0, 0x00, 0x00, 0x0F, 0xF0, 0x0F, 0xF0, 0x00, 0x00, 0x0F,
    0xF0, 0x0F, 0xF0, 0x00, 0x00, 0x0F, 0xF0, 0x0F, 0xF0, 0x00, 0x00, 0x0F, 0xF0, 0x07, 0xE0, 0x00, 0x00, 0x07, 0xE0,
    0x03, 0xC0, 0x00, 0x00, 0x03, 0xC0, 0x03, 0xC3, 0xC3, 0xC3, 0xC3, 0xC0, 0x07, 0xE7, 0xE7, 0xE7, 0xE7, 0xE0, 0x0F,
    0xFF, 0xFF, 0xFF, 0xFF, 0xF0, 0x0F, 0xFF, 0xFF, 0xFF, 0xFF, 0xF0, 0x0F, 0xFF, 0xFF, 0xFF, 0xFF, 0xF0, 0x0F, 0xFF,
    0xFF, 0xFF, 0xFF, 0xF0, 0x07, 0xE7, 0xE7, 0xE7, 0xE7, 0xE0, 0x03, 0xC3, 0xC3, 0xC3, 0xC3, 0xC0, 0x03, 0xC0, 0x00,
    0x00, 0x03, 0xC0, 0x07, 0xE0, 0x00, 0x00, 0x07, 0xE0, 0x0F, 0xF0, 0x00, 0x00, 0x0F, 0xF0, 0x0F, 0xF0, 0x00, 0x00,
    0x0F, 0xF0, 0x0F, 0xF0, 0x00, 0x00, 0x0F, 0xF0, 0x0F, 0xF0, 0x00, 0x00, 0x0F, 0xF0, 0x07, 0xE0, 0x00, 0x00, 0x07,
    0xE0, 0x03, 0xC0, 0x00, 0x00, 0x03, 0xC0, 0x03, 0xC0, 0x00, 0x00, 0x03, 0xC0, 0x07, 0xE0, 0x00, 0x00, 0x07, 0xE0,
    0x0F, 0xF0, 0x00, 0x00, 0x0F, 0xF0, 0x0F, 0xF0, 0x00, 0x00, 0x0F, 0xF0, 0x0F, 0xF0, 0x00, 0x00, 0x0F, 0xF0, 0x0F,
    0xF0, 0x00, 0x00, 0x0F, 0xF0, 0x07, 0xE0, 0x00, 0x00, 0x07, 0xE0, 0x03, 0xC0, 0x00, 0x00, 0x03, 0xC0, 0x03, 0xC3,
    0xC3, 0xC3, 0xC0, 0x00, 0x07, 0xE7, 0xE7, 0xE7, 0xE0, 0x00, 0x0F, 0xFF, 0xFF, 0xFF, 0xF0, 0x00, 0x0F, 0xFF, 0xFF,
    0xFF, 0xF0, 0x00, 0x0F, 0xFF, 0xFF, 0xFF, 0xF0, 0x00, 0x0F, 0xFF, 0xFF, 0xFF, 0xF0, 0x00, 0x07, 0xE7, 0xE7, 0xE7,
    0xE0, 0x00, 0x03, 0xC3, 0xC3, 0xC3, 0xC0, 0x00, 0x03, 0xC0, 0x00, 0x00, 0x03, 0xC0, 0x07, 0xE0, 0x00, 0x00, 0x07,
    0xE0, 0x0F, 0xF0, 0x00, 0x00, 0x0F, 0xF0, 0x0F, 0xF0, 0x00, 0x00, 0x0F, 0xF0, 0x0F, 0xF0, 0x00, 0x00, 0x0F, 0xF0,
    0x0F, 0xF0, 0x00, 0x00, 0x0F, 0xF0, 0x07, 0xE0, 0x00, 0x00, 0x07, 0xE0, 0x03, 0xC0, 0x00, 0x00, 0x03, 0xC0, 0x03,
    0xC0, 0x00, 0x00, 0x03, 0xC0, 0x07, 0xE0, 0x00, 0x00, 0x07, 0xE0, 0x0F, 0xF0, 0x00, 0x00, 0x0F, 0xF0, 0x0F, 0xF0,
    0x00, 0x00, 0x0F, 0xF0, 0x0F, 0xF0, 0x00, 0x00, 0x0F, 0xF0, 0x0F, 0xF0, 0x00, 0x00, 0x0F, 0xF0, 0x07, 0xE0, 0x00,
    0x00, 0x07, 0xE0, 0x03, 0xC0, 0x00, 0x00, 0x03, 0xC0, 0x03, 0xC3, 0xC3, 0xC3, 0xC0, 0x00, 0x07, 0xE7, 0xE7, 0xE7,
    0xE0, 0x00, 0x0F, 0xFF, 0xFF, 0xFF, 0xF0, 0x00, 0x0F, 0xFF, 0xFF, 0xFF, 0xF0, 0x00, 0x0F, 0xFF, 0xFF, 0xFF, 0xF0,
    0x00, 0x0F, 0xFF, 0xFF, 0xFF, 0xF0, 0x00, 0x07, 0xE7, 0xE7, 0xE7, 0xE0, 0x00, 0x03, 0xC3, 0xC3, 0xC3, 0xC0, 0x00,
    0x03, 0xC0, 0x00, 0x00, 0x03, 0xC0, 0x07, 0xE0, 0x00, 0x00, 0x07, 0xE0, 0x0F, 0xF0, 0x00, 0x00, 0x0F, 0xF0, 0x0F,
    0xF0, 0x00, 0x00, 0x0F, 0xF0, 0x0F, 0xF0, 0x00, 0x00, 0x0F, 0xF0, 0x0F, 0xF0, 0x00, 0x00, 0x0F, 0xF0, 0x07, 0xE0,
    0x00, 0x00, 0x07, 0xE0, 0x03, 0xC0, 0x00, 0x00, 0x03, 0xC0, 0x03, 0xC0, 0x00, 0x00, 0x03, 0xC0, 0x07, 0xE0, 0x00,
    0x00, 0x07, 0xE0, 0x0F, 0xF0, 0x00, 0x00, 0x0F, 0xF0, 0x0F, 0xF0, 0x00, 0x00, 0x0F, 0xF0, 0x0F, 0xF0, 0x00, 0x00,
    0x0F, 0xF0, 0x0F, 0xF0, 0x00, 0x00, 0x0F, 0xF0, 0x07, 0xE0, 0x00, 0x00, 0x07, 0xE0, 0x03, 0xC0, 0x00, 0x00, 0x03,
    0xC0, 0x03, 0xC3, 0xC3, 0xC3, 0xC0, 0x00, 0x07, 0xE7, 0xE7, 0xE7, 0xE0, 0x00, 0x0F, 0xFF, 0xFF, 0xFF, 0xF0, 0x00,
    0x0F, 0xFF, 0xFF, 0xFF, 0xF0, 0x00, 0x0F, 0xFF, 0xFF, 0xFF, 0xF0, 0x00, 0x0F, 0xFF, 0xFF, 0xFF, 0xF0, 0x00, 0x07,
    0xE7, 0xE7, 0xE7, 0xE0, 0x00, 0x03, 0xC3, 0xC3, 0xC3, 0xC0, 0x00, 0x00, 0x03, 0xC3, 0xC3, 0xC0, 0x00, 0x00, 0x07,
    0xE7, 0xE7, 0xE0, 0x00, 0x00, 0x0F, 0xFF, 0xFF, 0xF0, 0x00, 0x00, 0x0F, 0xFF, 0xFF, 0xF0, 0x00, 0x00, 0x0F, 0xFF,
    0xFF, 0xF0, 0x00, 0x00, 0x0F, 0xFF, 0xFF, 0xF0, 0x00, 0x00, 0x07, 0xE7, 0xE7, 0xE0, 0x00, 0x00, 0x03, 0xC3, 0xC3,
    0xC0, 0x00, 0x03, 0xC0, 0x00, 0x00, 0x03, 0xC0, 0x07, 0xE0, 0x00, 0x00, 0x07, 0xE0, 0x0F, 0xF0, 0x00, 0x00, 0x0F,
    0xF0, 0x0F, 0xF0, 0x00, 0x00, 0x0F, 0xF0, 0x0F, 0xF0, 0x00, 0x00, 0x0F, 0xF0, 0x0F, 0xF0, 0x00, 0x00, 0x0F, 0xF0,
    0x07, 0xE0, 0x00, 0x00, 0x07, 0xE0, 0x03, 0xC0, 0x00, 0x00, 0x03, 0xC0, 0x03, 0xC0, 0x00, 0x00, 0x00, 0x00, 0x07,
    0xE0, 0x00, 0x00, 0x00, 0x00, 0x0F, 0xF0, 0x00, 0x00, 0x00, 0x00, 0x0F, 0xF0, 0x00, 0x00, 0x00, 0x00, 0x0F, 0xF0,
    0x00, 0x00, 0x00, 0x00, 0x0F, 0xF0, 0x00, 0x00, 0x00, 0x00, 0x07, 0xE0, 0x00, 0x00, 0x00, 0x00, 0x03, 0xC0, 0x00,
    0x00, 0x00, 0x00, 0x03, 0xC0, 0x00, 0x00, 0x00, 0x00, 0x07, 0xE0, 0x00, 0x00, 0x00, 0x00, 0x0F, 0xF0, 0x00, 0x00,
    0x00, 0x00, 0x0F, 0xF0, 0x00, 0x00, 0x00, 0x00, 0x0F, 0xF0, 0x00, 0x00, 0x00, 0x00, 0x0F, 0xF0, 0x00, 0x00, 0x00,
    0x00, 0x07, 0xE0, 0x00, 0x00, 0x00, 0x00, 0x03, 0xC0, 0x00, 0x00, 0x00, 0x00, 0x03, 0xC0, 0x00, 0x00, 0x00, 0x00,
    0x07, 0xE0, 0x00, 0x00, 0x00, 0x00, 0x0F, 0xF0, 0x00, 0x00, 0x00, 0x00, 0x0F, 0xF0, 0x00, 0x00, 0x00, 0x00, 0x0F,
    0xF0, 0x00, 0x00, 0x00, 0x00, 0x0F, 0xF0, 0x00, 0x00, 0x00, 0x00, 0x07, 0xE0, 0x00, 0x00, 0x00, 0x00, 0x03, 0xC0,
    0x00, 0x00, 0x00, 0x00, 0x03, 0xC0, 0x00, 0x00, 0x03, 0xC0, 0x07, 0xE0, 0x00, 0x00, 0x07, 0xE0, 0x0F, 0xF0, 0x00,
    0x00, 0x0F, 0xF0, 0x0F, 0xF0, 0x00, 0x00, 0x0F, 0xF0, 0x0F, 0xF0, 0x00, 0x00, 0x0F, 0xF0, 0x0F, 0xF0, 0x00, 0x00,
    0x0F, 0xF0, 0x07, 0xE0, 0x00, 0x00, 0x07, 0xE0, 0x03, 0xC0, 0x00, 0x00, 0x03, 0xC0, 0x00, 0x03, 0xC3, 0xC3, 0xC0,
    0x00, 0x00, 0x07, 0xE7, 0xE7, 0xE0, 0x00, 0x00, 0x0F, 0xFF, 0xFF, 0xF0, 0x00, 0x00, 0x0F, 0xFF, 0xFF, 0xF0, 0x00,
    0x00, 0x0F, 0xFF, 0xFF, 0xF0, 0x00, 0x00, 0x0F, 0xFF, 0xFF, 0xF0, 0x00, 0x00, 0x07, 0xE7, 0xE7, 0xE0, 0x00, 0x00,
    0x03, 0xC3, 0xC3, 0xC0, 0x00, 0x03, 0xC3, 0xC3, 0xC3, 0xC0, 0x00, 0x07, 0xE7, 0xE7, 0xE7, 0xE0, 0x00, 0x0F, 0xFF,
    0xFF, 0xFF, 0xF0, 0x00, 0x0F, 0xFF, 0xFF, 0xFF, 0xF0, 0x00, 0x0F, 0xFF, 0xFF, 0xFF, 0xF0, 0x00, 0x0F, 0xFF, 0xFF,
    0xFF, 0xF0, 0x00, 0x07, 0xE7, 0xE7, 0xE7, 0xE0, 0x00, 0x03, 0xC3, 0xC3, 0xC3, 0xC0, 0x00, 0x03, 0xC0, 0x00, 0x00,
    0x03, 0xC0, 0x07, 0xE0, 0x00, 0x00, 0x07, 0xE0, 0x0F, 0xF0, 0x00, 0x00, 0x0F, 0xF0, 0x0F, 0xF0, 0x00, 0x00, 0x0F,
    0xF0, 0x0F, 0xF0, 0x00, 0x00, 0x0F, 0xF0, 0x0F, 0xF0, 0x00, 0x00, 0x0F, 0xF0, 0x07, 0xE0, 0x00, 0x00, 0x07, 0xE0,
    0x03, 0xC0, 0x00, 0x00, 0x03, 0xC0, 0x03, 0xC0, 0x00, 0x00, 0x03, 0xC0, 0x07, 0xE0, 0x00, 0x00, 0x07, 0xE0, 0x0F,
    0xF0, 0x00, 0x00, 0x0F, 0xF0, 0x0F, 0xF0, 0x00, 0x00, 0x0F, 0xF0, 0x0F, 0xF0, 0x00, 0x00, 0x0F, 0xF0, 0x0F, 0xF0,
    0x00, 0x00, 0x0F, 0xF0, 0x07, 0xE0, 0x00, 0x00, 0x07, 0xE0, 0x03, 0xC0, 0x00, 0x00, 0x03, 0xC0, 0x03, 0xC0, 0x00,
    0x00, 0x03, 0xC0, 0x07, 0xE0, 0x00, 0x00, 0x07, 0xE0, 0x0F, 0xF0, 0x00, 0x00, 0x0F, 0xF0, 0x0F, 0xF0, 0x00, 0x00,
    0x0F, 0xF0, 0x0F, 0xF0, 0x00, 0x00, 0x0F, 0xF0, 0x0F, 0xF0, 0x00, 0x00, 0x0F, 0xF0, 0x07, 0xE0, 0x00, 0x00, 0x07,
    0xE0, 0x03, 0xC0, 0x00, 0x00, 0x03, 0xC0, 0x03, 0xC0, 0x00, 0x00, 0x03, 0xC0, 0x07, 0xE0, 0x00, 0x00, 0x07, 0xE0,
    0x0F, 0xF0, 0x00, 0x00, 0x0F, 0xF0, 0x0F, 0xF0, 0x00, 0x00, 0x0F, 0xF0, 0x0F, 0xF0, 0x00, 0x00, 0x0F, 0xF0, 0x0F,
    0xF0, 0x00, 0x00, 0x0F, 0xF0, 0x07, 0xE0, 0x00, 0x00, 0x07, 0xE0, 0x03, 0xC0, 0x00, 0x00, 0x03, 0xC0, 0x03, 0xC0,
    0x00, 0x00, 0x03, 0xC0, 0x07, 0xE0, 0x00, 0x00, 0x07, 0xE0, 0x0F, 0xF0, 0x00, 0x00, 0x0F, 0xF0, 0x0F, 0xF0, 0x00,
    0x00, 0x0F, 0xF0, 0x0F, 0xF0, 0x00, 0x00, 0x0F, 0xF0, 0x0F, 0xF0, 0x00, 0x00, 0x0F, 0xF0, 0x07, 0xE0, 0x00, 0x00,
    0x07, 0xE0, 0x03, 0xC0, 0x00, 0x00, 0x03, 0xC0, 0x03, 0xC3, 0xC3, 0xC3, 0xC0, 0x00, 0x07, 0xE7, 0xE7, 0xE7, 0xE0,
    0x00, 0x0F, 0xFF, 0xFF, 0xFF, 0xF0, 0x00, 0x0F, 0xFF, 0xFF, 0xFF, 0xF0, 0x00, 0x0F, 0xFF, 0xFF, 0xFF, 0xF0, 0x00,
    0x0F, 0xFF, 0xFF, 0xFF, 0xF0, 0x00, 0x07, 0xE7, 0xE7, 0xE7, 0xE0, 0x00, 0x03, 0xC3, 0xC3, 0xC3, 0xC0, 0x00, 0x03,
    0xC3, 0xC3, 0xC3, 0xC3, 0xC0, 0x07, 0xE7, 0xE7, 0xE7, 0xE7, 0xE0, 0x0F, 0xFF, 0xFF, 0xFF, 0xFF, 0xF0, 0x0F, 0xFF,
    0xFF, 0xFF, 0xFF, 0xF0, 0x0F, 0xFF, 0xFF, 0xFF, 0xFF, 0xF0, 0x0F, 0xFF, 0xFF, 0xFF, 0xFF, 0xF0, 0x07, 0xE7, 0xE7,
    0xE7, 0xE7, 0xE0, 0x03, 0xC3, 0xC3, 0xC3, 0xC3, 0xC0, 0x03, 0xC0, 0x00, 0x00, 0x00, 0x00, 0x07, 0xE0, 0x00, 0x00,
    0x00, 0x00, 0x0F, 0xF0, 0x00, 0x00, 0x00, 0x00, 0x0F, 0xF0, 0x00, 0x00, 0x00, 0x00, 0x0F, 0xF0, 0x00, 0x00, 0x00,
    0x00, 0x0F, 0xF0, 0x00, 0x00, 0x00, 0x00, 0x07, 0xE0, 0x00, 0x00, 0x00, 0x00, 0x03, 0xC0, 0x00, 0x00, 0x00, 0x00,
    0x03, 0xC0, 0x00, 0x00, 0x00, 0x00, 0x07, 0xE0, 0x00, 0x00, 0x00, 0x00, 0x0F, 0xF0, 0x00, 0x00, 0x00, 0x00, 0x0F,
    0xF0, 0x00, 0x00, 0x00, 0x00, 0x0F, 0xF0, 0x00, 0x00, 0x00, 0x00, 0x0F, 0xF0, 0x00, 0x00, 0x00, 0x00, 0x07, 0xE0,
    0x00, 0x00, 0x00, 0x00, 0x03, 0xC0, 0x00, 0x00, 0x00, 0x00, 0x03, 0xC3, 0xC3, 0xC3, 0xC0, 0x00, 0x07, 0xE7, 0xE7,
    0xE7, 0xE0, 0x00, 0x0F, 0xFF, 0xFF, 0xFF, 0xF0, 0x00, 0x0F, 0xFF, 0xFF, 0xFF, 0xF0, 0x00, 0x0F, 0xFF, 0xFF, 0xFF,
    0xF0, 0x00, 0x0F, 0xFF, 0xFF, 0xFF, 0xF0, 0x00, 0x07, 0xE7, 0xE7, 0xE7, 0xE0, 0x00, 0x03, 0xC3, 0xC3, 0xC3, 0xC0,
    0x00, 0x03, 0xC0, 0x00, 0x00, 0x00, 0x00, 0x07, 0xE0, 0x00, 0x00, 0x00, 0x00, 0x0F, 0xF0, 0x00, 0x00, 0x00, 0x00,
    0x0F, 0xF0, 0x00, 0x00, 0x00, 0x00, 0x0F, 0xF0, 0x00, 0x00, 0x00, 0x00, 0x0F, 0xF0, 0x00, 0x00, 0x00, 0x00, 0x07,
    0xE0, 0x00, 0x00, 0x00, 0x00, 0x03, 0xC0, 0x00, 0x00, 0x00, 0x00, 0x03, 0xC0, 0x00, 0x00, 0x00, 0x00, 0x07, 0xE0,
    0x00, 0x00, 0x00, 0x00, 0x0F, 0xF0, 0x00, 0x00, 0x00, 0x00, 0x0F, 0xF0, 0x00, 0x00, 0x00, 0x00, 0x0F, 0xF0, 0x00,
    0x00, 0x00, 0x00, 0x0F, 0xF0, 0x00, 0x00, 0x00, 0x00, 0x07, 0xE0, 0x00, 0x00, 0x00, 0x00, 0x03, 0xC0, 0x00, 0x00,
    0x00, 0x00, 0x03, 0xC3, 0xC3, 0xC3, 0xC3, 0xC0, 0x07, 0xE7, 0xE7, 0xE7, 0xE7, 0xE0, 0x0F, 0xFF, 0xFF, 0xFF, 0xFF,
    0xF0, 0x0F, 0xFF, 0xFF, 0xFF, 0xFF, 0xF0, 0x0F, 0xFF, 0xFF, 0xFF, 0xFF, 0xF0, 0x0F, 0xFF, 0xFF, 0xFF, 0xFF, 0xF0,
    0x07, 0xE7, 0xE7, 0xE7, 0xE7, 0xE0, 0x03, 0xC3, 0xC3, 0xC3, 0xC3, 0xC0, 0x03, 0xC3, 0xC3, 0xC3, 0xC3, 0xC0, 0x07,
    0xE7, 0xE7, 0xE7, 0xE7, 0xE0, 0x0F, 0xFF, 0xFF, 0xFF, 0xFF, 0xF0, 0x0F, 0xFF, 0xFF, 0xFF, 0xFF, 0xF0, 0x0F, 0xFF,
    0xFF, 0xFF, 0xFF, 0xF0, 0x0F, 0xFF, 0xFF, 0xFF, 0xFF, 0xF0, 0x07, 0xE7, 0xE7, 0xE7, 0xE7, 0xE0, 0x03, 0xC3, 0xC3,
    0xC3, 0xC3, 0xC0, 0x03, 0xC0, 0x00, 0x00, 0x00, 0x00, 0x07, 0xE0, 0x00, 0x00, 0x00, 0x00, 0x0F, 0xF0, 0x00, 0x00,
    0x00, 0x00, 0x0F, 0xF0, 0x00, 0x00, 0x00, 0x00, 0x0F, 0xF0, 0x00, 0x00, 0x00, 0x00, 0x0F, 0xF0, 0x00, 0x00, 0x00,
    0x00, 0x07, 0xE0, 0x00, 0x00, 0x00, 0x00, 0x03, 0xC0, 0x00, 0x00, 0x00, 0x00, 0x03, 0xC0, 0x00, 0x00, 0x00, 0x00,
    0x07, 0xE0, 0x00, 0x00, 0x00, 0x00, 0x0F, 0xF0, 0x00, 0x00, 0x00, 0x00, 0x0F, 0xF0, 0x00, 0x00, 0x00, 0x00, 0x0F,
    0xF0, 0x00, 0x00, 0x00, 0x00, 0x0F, 0xF0, 0x00, 0x00, 0x00, 0x00, 0x07, 0xE0, 0x00, 0x00, 0x00, 0x00, 0x03, 0xC0,
    0x00, 0x00, 0x00, 0x00, 0x03, 0xC3, 0xC3, 0xC3, 0xC0, 0x00, 0x07, 0xE7, 0xE7, 0xE7, 0xE0, 0x00, 0x0F, 0xFF, 0xFF,
    0xFF, 0xF0, 0x00, 0x0F, 0xFF, 0xFF, 0xFF, 0xF0, 0x00, 0x0F, 0xFF, 0xFF, 0xFF, 0xF0, 0x00, 0x0F, 0xFF, 0xFF, 0xFF,
    0xF0, 0x00, 0x07, 0xE7, 0xE7, 0xE7, 0xE0, 0x00, 0x03, 0xC3, 0xC3, 0xC3, 0xC0, 0x00, 0x03, 0xC0, 0x00, 0x00, 0x00,
    0x00, 0x07, 0xE0, 0x00, 0x00, 0x00, 0x00, 0x0F, 0xF0, 0x00, 0x00, 0x00, 0x00, 0x0F, 0xF0, 0x00, 0x00, 0x00, 0x00,
    0x0F, 0xF0, 0x00, 0x00, 0x00, 0x00, 0x0F, 0xF0, 0x00, 0x00, 0x00, 0x00, 0x07, 0xE0, 0x00, 0x00, 0x00, 0x00, 0x03,
    0xC0, 0x00, 0x00, 0x00, 0x00, 0x03, 0xC0, 0x00, 0x00, 0x00, 0x00, 0x07, 0xE0, 0x00, 0x00, 0x00, 0x00, 0x0F, 0xF0,
    0x00, 0x00, 0x00, 0x00, 0x0F, 0xF0, 0x00, 0x00, 0x00, 0x00, 0x0F, 0xF0, 0x00, 0x00, 0x00, 0x00, 0x0F, 0xF0, 0x00,
    0x00, 0x00, 0x00, 0x07, 0xE0, 0x00, 0x00, 0x00, 0x00, 0x03, 0xC0, 0x00, 0x00, 0x00, 0x00, 0x03, 0xC0, 0x00, 0x00,
    0x00, 0x00, 0x07, 0xE0, 0x00, 0x00, 0x00, 0x00, 0x0F, 0xF0, 0x00, 0x00, 0x00, 0x00, 0x0F, 0xF0, 0x00, 0x00, 0x00,
    0x00, 0x0F, 0xF0, 0x00, 0x00, 0x00, 0x00, 0x0F, 0xF0, 0x00, 0x00, 0x00, 0x00, 0x07, 0xE0, 0x00, 0x00, 0x00, 0x00,
    0x03, 0xC0, 0x00, 0x00, 0x00, 0x00, 0x00, 0x03, 0xC3, 0xC3, 0xC0, 0x00, 0x00, 0x07, 0xE7, 0xE7, 0xE0, 0x00, 0x00,
    0x0F, 0xFF, 0xFF, 0xF0, 0x00, 0x00, 0x0F, 0xFF, 0xFF, 0xF0, 0x00, 0x00, 0x0F, 0xFF, 0xFF, 0xF0, 0x00, 0x00, 0x0F,
    0xFF, 0xFF, 0xF0, 0x00, 0x00, 0x07, 0xE7, 0xE7, 0xE0, 0x00, 0x00, 0x03, 0xC3, 0xC3, 0xC0, 0x00, 0x03, 0xC0, 0x00,
    0x00, 0x03, 0xC0, 0x07, 0xE0, 0x00, 0x00, 0x07, 0xE0, 0x0F, 0xF0, 0x00, 0x00, 0x0F, 0xF0, 0x0F, 0xF0, 0x00, 0x00,
    0x0F, 0xF0, 0x0F, 0xF0, 0x00, 0x00, 0x0F, 0xF0, 0x0F, 0xF0, 0x00, 0x00, 0x0F, 0xF0, 0x07, 0xE0, 0x00, 0x00, 0x07,
    0xE0, 0x03, 0xC0, 0x00, 0x00, 0x03, 0xC0, 0x03, 0xC0, 0x00, 0x00, 0x00, 0x00, 0x07, 0xE0, 0x00, 0x00, 0x00, 0x00,
    0x0F, 0xF0, 0x00, 0x00, 0x00, 0x00, 0x0F, 0xF0, 0x00, 0x00, 0x00, 0x00, 0x0F, 0xF0, 0x00, 0x00, 0x00, 0x00, 0x0F,
    0xF0, 0x00, 0x00, 0x00, 0x00, 0x07, 0xE0, 0x00, 0x00, 0x00, 0x00, 0x03, 0xC0, 0x00, 0x00, 0x00, 0x00, 0x03, 0xC0,
    0x03, 0xC3, 0xC3, 0xC0, 0x07, 0xE0, 0x07, 0xE7, 0xE7, 0xE0, 0x0F, 0xF0, 0x0F, 0xFF, 0xFF, 0xF0, 0x0F, 0xF0, 0x0F,
    0xFF, 0xFF, 0xF0, 0x0F, 0xF0, 0x0F, 0xFF, 0xFF, 0xF0, 0x0F, 0xF0, 0x0F, 0xFF, 0xFF, 0xF0, 0x07, 0xE0, 0x07, 0xE7,
    0xE7, 0xE0, 0x03, 0xC0, 0x03, 0xC3, 0xC3, 0xC0, 0x03, 0xC0, 0x00, 0x00, 0x03, 0xC0, 0x07, 0xE0, 0x00, 0x00, 0x07,
    0xE0, 0x0F, 0xF0, 0x00, 0x00, 0x0F, 0xF0, 0x0F, 0xF0, 0x00, 0x00, 0x0F, 0xF0, 0x0F, 0xF0, 0x00, 0x00, 0x0F, 0xF0,
    0x0F, 0xF0, 0x00, 0x00, 0x0F, 0xF0, 0x07, 0xE0, 0x00, 0x00, 0x07, 0xE0, 0x03, 0xC0, 0x00, 0x00, 0x03, 0xC0, 0x03,
    0xC0, 0x00, 0x00, 0x03, 0xC0, 0x07, 0xE0, 0x00, 0x00, 0x07, 0xE0, 0x0F, 0xF0, 0x00, 0x00, 0x0F, 0xF0, 0x0F, 0xF0,
    0x00, 0x00, 0x0F, 0xF0, 0x0F, 0xF0, 0x00, 0x00, 0x0F, 0xF0, 0x0F, 0xF0, 0x00, 0x00, 0x0F, 0xF0, 0x07, 0xE0, 0x00,
    0x00, 0x07, 0xE0, 0x03, 0xC0, 0x00, 0x00, 0x03, 0xC0, 0x00, 0x03, 0xC3, 0xC3, 0xC0, 0x00, 0x00, 0x07, 0xE7, 0xE7,
    0xE0, 0x00, 0x00, 0x0F, 0xFF, 0xFF, 0xF0, 0x00, 0x00, 0x0F, 0xFF, 0xFF, 0xF0, 0x00, 0x00, 0x0F, 0xFF, 0xFF, 0xF0,
    0x00, 0x00, 0x0F, 0xFF, 0xFF, 0xF0, 0x00, 0x00, 0x07, 0xE7, 0xE7, 0xE0, 0x00, 0x00, 0x03, 0xC3, 0xC3, 0xC0, 0x00,
    0x03, 0xC0, 0x00, 0x00, 0x03, 0xC0, 0x07, 0xE0, 0x00, 0x00, 0x07, 0xE0, 0x0F, 0xF0, 0x00, 0x00, 0x0F, 0xF0, 0x0F,
    0xF0, 0x00, 0x00, 0x0F, 0xF0, 0x0F, 0xF0, 0x00, 0x00, 0x0F, 0xF0, 0x0F, 0xF0, 0x00, 0x00, 0x0F, 0xF0, 0x07, 0xE0,
    0x00, 0x00, 0x07, 0xE0, 0x03, 0xC0, 0x00, 0x00, 0x03, 0xC0, 0x03, 0xC0, 0x00, 0x00, 0x03, 0xC0, 0x07, 0xE0, 0x00,
    0x00, 0x07, 0xE0, 0x0F, 0xF0, 0x00, 0x00, 0x0F, 0xF0, 0x0F, 0xF0, 0x00, 0x00, 0x0F, 0xF0, 0x0F, 0xF0, 0x00, 0x00,
    0x0F, 0xF0, 0x0F, 0xF0, 0x00, 0x00, 0x0F, 0xF0, 0x07, 0xE0, 0x00, 0x00, 0x07, 0xE0, 0x03, 0xC0, 0x00, 0x00, 0x03,
    0xC0, 0x03, 0xC0, 0x00, 0x00, 0x03, 0xC0, 0x07, 0xE0, 0x00, 0x00, 0x07, 0xE0, 0x0F, 0xF0, 0x00, 0x00, 0x0F, 0xF0,
    0x0F, 0xF0, 0x00, 0x00, 0x0F, 0xF0, 0x0F, 0xF0, 0x00, 0x00, 0x0F, 0xF0, 0x0F, 0xF0, 0x00, 0x00, 0x0F, 0xF0, 0x07,
    0xE0, 0x00, 0x00, 0x07, 0xE0, 0x03, 0xC0, 0x00, 0x00, 0x03, 0xC0, 0x03, 0xC3, 0xC3, 0xC3, 0xC3, 0xC0, 0x07, 0xE7,
    0xE7, 0xE7, 0xE7, 0xE0, 0x0F, 0xFF, 0xFF, 0xFF, 0xFF, 0xF0, 0x0F, 0xFF, 0xFF, 0xFF, 0xFF, 0xF0, 0x0F, 0xFF, 0xFF,
    0xFF, 0xFF, 0xF0, 0x0F, 0xFF, 0xFF, 0xFF, 0xFF, 0xF0, 0x07, 0xE7, 0xE7, 0xE7, 0xE7, 0xE0, 0x03, 0xC3, 0xC3, 0xC3,
    0xC3, 0xC0, 0x03, 0xC0, 0x00, 0x00, 0x03, 0xC0, 0x07, 0xE0, 0x00, 0x00, 0x07, 0xE0, 0x0F, 0xF0, 0x00, 0x00, 0x0F,
    0xF0, 0x0F, 0xF0, 0x00, 0x00, 0x0F, 0xF0, 0x0F, 0xF0, 0x00, 0x00, 0x0F, 0xF0, 0x0F, 0xF0, 0x00, 0x00, 0x0F, 0xF0,
    0x07, 0xE0, 0x00, 0x00, 0x07, 0xE0, 0x03, 0xC0, 0x00, 0x00, 0x03, 0xC0, 0x03, 0xC0, 0x00, 0x00, 0x03, 0xC0, 0x07,
    0xE0, 0x00, 0x00, 0x07, 0xE0, 0x0F, 0xF0, 0x00, 0x00, 0x0F, 0xF0, 0x0F, 0xF0, 0x00, 0x00, 0x0F, 0xF0, 0x0F, 0xF0,
    0x00, 0x00, 0x0F, 0xF0, 0x0F, 0xF0, 0x00, 0x00, 0x0F, 0xF0, 0x07, 0xE0, 0x00, 0x00, 0x07, 0xE0, 0x03, 0xC0, 0x00,
    0x00, 0x03, 0xC0, 0x03, 0xC0, 0x00, 0x00, 0x03, 0xC0, 0x07, 0xE0, 0x00, 0x00, 0x07, 0xE0, 0x0F, 0xF0, 0x00, 0x00,
    0x0F, 0xF0, 0x0F, 0xF0, 0x00, 0x00, 0x0F, 0xF0, 0x0F, 0xF0, 0x00, 0x00, 0x0F, 0xF0, 0x0F, 0xF0, 0x00, 0x00, 0x0F,
    0xF0, 0x07, 0xE0, 0x00, 0x00, 0x07, 0xE0, 0x03, 0xC0, 0x00, 0x00, 0x03, 0xC0, 0x03, 0xC3, 0xC3, 0xC0, 0x07, 0xE7,
    0xE7, 0xE0, 0x0F, 0xFF, 0xFF, 0xF0, 0x0F, 0xFF, 0xFF, 0xF0, 0x0F, 0xFF, 0xFF, 0xF0, 0x0F, 0xFF, 0xFF, 0xF0, 0x07,
    0xE7, 0xE7, 0xE0, 0x03, 0xC3, 0xC3, 0xC0, 0x00, 0x03, 0xC0, 0x00, 0x00, 0x07, 0xE0, 0x00, 0x00, 0x0F, 0xF0, 0x00,
    0x00, 0x0F, 0xF0, 0x00, 0x00, 0x0F, 0xF0, 0x00, 0x00, 0x0F, 0xF0, 0x00, 0x00, 0x07, 0xE0, 0x00, 0x00, 0x03, 0xC0,
    0x00, 0x00, 0x03, 0xC0, 0x00, 0x00, 0x07, 0xE0, 0x00, 0x00, 0x0F, 0xF0, 0x00, 0x00, 0x0F, 0xF0, 0x00, 0x00, 0x0F,
    0xF0, 0x00, 0x00, 0x0F, 0xF0, 0x00, 0x00, 0x07, 0xE0, 0x00, 0x00, 0x03, 0xC0, 0x00, 0x00, 0x03, 0xC0, 0x00, 0x00,
    0x07, 0xE0, 0x00, 0x00, 0x0F, 0xF0, 0x00, 0x00, 0x0F, 0xF0, 0x00, 0x00, 0x0F, 0xF0, 0x00, 0x00, 0x0F, 0xF0, 0x00,
    0x00, 0x07, 0xE0, 0x00, 0x00, 0x03, 0xC0, 0x00, 0x00, 0x03, 0xC0, 0x00, 0x00, 0x07, 0xE0, 0x00, 0x00, 0x0F, 0xF0,
    0x00, 0x00, 0x0F, 0xF0, 0x00, 0x00, 0x0F, 0xF0, 0x00, 0x00, 0x0F, 0xF0, 0x00, 0x00, 0x07, 0xE0, 0x00, 0x00, 0x03,
    0xC0, 0x00, 0x00, 0x03, 0xC0, 0x00, 0x00, 0x07, 0xE0, 0x00, 0x00, 0x0F, 0xF0, 0x00, 0x00, 0x0F, 0xF0, 0x00, 0x00,
    0x0F, 0xF0, 0x00, 0x00, 0x0F, 0xF0, 0x00, 0x00, 0x07, 0xE0, 0x00, 0x00, 0x03, 0xC0, 0x00, 0x03, 0xC3, 0xC3, 0xC0,
    0x07, 0xE7, 0xE7, 0xE0, 0x0F, 0xFF, 0xFF, 0xF0, 0x0F, 0xFF, 0xFF, 0xF0, 0x0F, 0xFF, 0xFF, 0xF0, 0x0F, 0xFF, 0xFF,
    0xF0, 0x07, 0xE7, 0xE7, 0xE0, 0x03, 0xC3, 0xC3, 0xC0, 0x00, 0x00, 0x03, 0xC3, 0xC3, 0xC0, 0x00, 0x00, 0x07, 0xE7,
    0xE7, 0xE0, 0x00, 0x00, 0x0F, 0xFF, 0xFF, 0xF0, 0x00, 0x00, 0x0F, 0xFF, 0xFF, 0xF0, 0x00, 0x00, 0x0F, 0xFF, 0xFF,
    0xF0, 0x00, 0x00, 0x0F, 0xFF, 0xFF, 0xF0, 0x00, 0x00, 0x07, 0xE7, 0xE7, 0xE0, 0x00, 0x00, 0x03, 0xC3, 0xC3, 0xC0,
    0x00, 0x00, 0x00, 0x03, 0xC0, 0x00, 0x00, 0x00, 0x00, 0x07, 0xE0, 0x00, 0x00, 0x00, 0x00, 0x0F, 0xF0, 0x00, 0x00,
    0x00, 0x00, 0x0F, 0xF0, 0x00, 0x00, 0x00, 0x00, 0x0F, 0xF0, 0x00, 0x00, 0x00, 0x00, 0x0F, 0xF0, 0x00, 0x00, 0x00,
    0x00, 0x07, 0xE0, 0x00, 0x00, 0x00, 0x00, 0x03, 0xC0, 0x00, 0x00, 0x00, 0x00, 0x03, 0xC0, 0x00, 0x00, 0x00, 0x00,
    0x07, 0xE0, 0x00, 0x00, 0x00, 0x00, 0x0F, 0xF0, 0x00, 0x00, 0x00, 0x00, 0x0F, 0xF0, 0x00, 0x00, 0x00, 0x00, 0x0F,
    0xF0, 0x00, 0x00, 0x00, 0x00, 0x0F, 0xF0, 0x00, 0x00, 0x00, 0x00, 0x07, 0xE0, 0x00, 0x00, 0x00, 0x00, 0x03, 0xC0,
    0x00, 0x00, 0x00, 0x00, 0x03, 0xC0, 0x00, 0x00, 0x00, 0x00, 0x07, 0xE0, 0x00, 0x00, 0x00, 0x00, 0x0F, 0xF0, 0x00,
    0x00, 0x00, 0x00, 0x0F, 0xF0, 0x00, 0x00, 0x00, 0x00, 0x0F, 0xF0, 0x00, 0x00, 0x00, 0x00, 0x0F, 0xF0, 0x00, 0x00,
    0x00, 0x00, 0x07, 0xE0, 0x00, 0x00, 0x00, 0x00, 0x03, 0xC0, 0x00, 0x00, 0x00, 0x00, 0x03, 0xC0, 0x00, 0x00, 0x00,
    0x00, 0x07, 0xE0, 0x00, 0x00, 0x00, 0x00, 0x0F, 0xF0, 0x00, 0x00, 0x00, 0x00, 0x0F, 0xF0, 0x00, 0x00, 0x00, 0x00,
    0x0F, 0xF0, 0x00, 0x00, 0x00, 0x00, 0x0F, 0xF0, 0x00, 0x00, 0x00, 0x00, 0x07, 0xE0, 0x00, 0x00, 0x00, 0x00, 0x03,
    0xC0, 0x00, 0x03, 0xC0, 0x00, 0x03, 0xC0, 0x00, 0x07, 0xE0, 0x00, 0x07, 0xE0, 0x00, 0x0F, 0xF0, 0x00, 0x0F, 0xF0,
    0x00, 0x0F, 0xF0, 0x00, 0x0F, 0xF0, 0x00, 0x0F, 0xF0, 0x00, 0x0F, 0xF0, 0x00, 0x0F, 0xF0, 0x00, 0x0F, 0xF0, 0x00,
    0x07, 0xE0, 0x00, 0x07, 0xE0, 0x00, 0x03, 0xC0, 0x00, 0x03, 0xC0, 0x00, 0x00, 0x03, 0xC3, 0xC0, 0x00, 0x00, 0x00,
    0x07, 0xE7, 0xE0, 0x00, 0x00, 0x00, 0x0F, 0xFF, 0xF0, 0x00, 0x00, 0x00, 0x0F, 0xFF, 0xF0, 0x00, 0x00, 0x00, 0x0F,
    0xFF, 0xF0, 0x00, 0x00, 0x00, 0x0F, 0xFF, 0xF0, 0x00, 0x00, 0x00, 0x07, 0xE7, 0xE0, 0x00, 0x00, 0x00, 0x03, 0xC3,
    0xC0, 0x00, 0x00, 0x03, 0xC0, 0x00, 0x00, 0x03, 0xC0, 0x07, 0xE0, 0x00, 0x00, 0x07, 0xE0, 0x0F, 0xF0, 0x00, 0x00,
    0x0F, 0xF0, 0x0F, 0xF0, 0x00, 0x00, 0x0F, 0xF0, 0x0F, 0xF0, 0x00, 0x00, 0x0F, 0xF0, 0x0F, 0xF0, 0x00, 0x00, 0x0F,
    0xF0, 0x07, 0xE0, 0x00, 0x00, 0x07, 0xE0, 0x03, 0xC0, 0x00, 0x00, 0x03, 0xC0, 0x03, 0xC0, 0x00, 0x03, 0xC0, 0x00,
    0x07, 0xE0, 0x00, 0x07, 0xE0, 0x00, 0x0F, 0xF0, 0x00, 0x0F, 0xF0, 0x00, 0x0F, 0xF0, 0x00, 0x0F, 0xF0, 0x00, 0x0F,
    0xF0, 0x00, 0x0F, 0xF0, 0x00, 0x0F, 0xF0, 0x00, 0x0F, 0xF0, 0x00, 0x07, 0xE0, 0x00, 0x07, 0xE0, 0x00, 0x03, 0xC0,
    0x00, 0x03, 0xC0, 0x00, 0x03, 0xC0, 0x03, 0xC0, 0x00, 0x00, 0x07, 0xE0, 0x07, 0xE0, 0x00, 0x00, 0x0F, 0xF0, 0x0F,
    0xF0, 0x00, 0x00, 0x0F, 0xF0, 0x0F, 0xF0, 0x00, 0x00, 0x0F, 0xF0, 0x0F, 0xF0, 0x00, 0x00, 0x0F, 0xF0, 0x0F, 0xF0,
    0x00, 0x00, 0x07, 0xE0, 0x07, 0xE0, 0x00, 0x00, 0x03, 0xC0, 0x03, 0xC0, 0x00, 0x00, 0x03, 0xC3, 0xC0, 0x00, 0x00,
    0x00, 0x07, 0xE7, 0xE0, 0x00, 0x00, 0x00, 0x0F, 0xFF, 0xF0, 0x00, 0x00, 0x00, 0x0F, 0xFF, 0xF0, 0x00, 0x00, 0x00,
    0x0F, 0xFF, 0xF0, 0x00, 0x00, 0x00, 0x0F, 0xFF, 0xF0, 0x00, 0x00, 0x00, 0x07, 0xE7, 0xE0, 0x00, 0x00, 0x00, 0x03,
    0xC3, 0xC0, 0x00, 0x00, 0x00, 0x03, 0xC0, 0x03, 0xC0, 0x00, 0x00, 0x07, 0xE0, 0x07, 0xE0, 0x00, 0x00, 0x0F, 0xF0,
    0x0F, 0xF0, 0x00, 0x00, 0x0F, 0xF0, 0x0F, 0xF0, 0x00, 0x00, 0x0F, 0xF0, 0x0F, 0xF0, 0x00, 0x00, 0x0F, 0xF0, 0x0F,
    0xF0, 0x00, 0x00, 0x07, 0xE0, 0x07, 0xE0, 0x00, 0x00, 0x03, 0xC0, 0x03, 0xC0, 0x00, 0x00, 0x03, 0xC0, 0x00, 0x03,
    0xC0, 0x00, 0x07, 0xE0, 0x00, 0x07, 0xE0, 0x00, 0x0F, 0xF0, 0x00, 0x0F, 0xF0, 0x00, 0x0F, 0xF0, 0x00, 0x0F, 0xF0,
    0x00, 0x0F, 0xF0, 0x00, 0x0F, 0xF0, 0x00, 0x0F, 0xF0, 0x00, 0x0F, 0xF0, 0x00, 0x07, 0xE0, 0x00, 0x07, 0xE0, 0x00,
    0x03, 0xC0, 0x00, 0x03, 0xC0, 0x00, 0x03, 0xC0, 0x00, 0x00, 0x03, 0xC0, 0x07, 0xE0, 0x00, 0x00, 0x07, 0xE0, 0x0F,
    0xF0, 0x00, 0x00, 0x0F, 0xF0, 0x0F, 0xF0, 0x00, 0x00, 0x0F, 0xF0, 0x0F, 0xF0, 0x00, 0x00, 0x0F, 0xF0, 0x0F, 0xF0,
    0x00, 0x00, 0x0F, 0xF0, 0x07, 0xE0, 0x00, 0x00, 0x07, 0xE0, 0x03, 0xC0, 0x00, 0x00, 0x03, 0xC0, 0x03, 0xC0, 0x00,
    0x00, 0x00, 0x00, 0x07, 0xE0, 0x00, 0x00, 0x00, 0x00, 0x0F, 0xF0, 0x00, 0x00, 0x00, 0x00, 0x0F, 0xF0, 0x00, 0x00,
    0x00, 0x00, 0x0F, 0xF0, 0x00, 0x00, 0x00, 0x00, 0x0F, 0xF0, 0x00, 0x00, 0x00, 0x00, 0x07, 0xE0, 0x00, 0x00, 0x00,
    0x00, 0x03, 0xC0, 0x00, 0x00, 0x00, 0x00, 0x03, 0xC0, 0x00, 0x00, 0x00, 0x00, 0x07, 0xE0, 0x00, 0x00, 0x00, 0x00,
    0x0F, 0xF0, 0x00, 0x00, 0x00, 0x00, 0x0F, 0xF0, 0x00, 0x00, 0x00, 0x00, 0x0F, 0xF0, 0x00, 0x00, 0x00, 0x00, 0x0F,
    0xF0, 0x00, 0x00, 0x00, 0x00, 0x07, 0xE0, 0x00, 0x00, 0x00, 0x00, 0x03, 0xC0, 0x00, 0x00, 0x00, 0x00, 0x03, 0xC0,
    0x00, 0x00, 0x00, 0x00, 0x07, 0xE0, 0x00, 0x00, 0x00, 0x00, 0x0F, 0xF0, 0x00, 0x00, 0x00, 0x00, 0x0F, 0xF0, 0x00,
    0x00, 0x00, 0x00, 0x0F, 0xF0, 0x00, 0x00, 0x00, 0x00, 0x0F, 0xF0, 0x00, 0x00, 0x00, 0x00, 0x07, 0xE0, 0x00, 0x00,
    0x00, 0x00, 0x03, 0xC0, 0x00, 0x00, 0x00, 0x00, 0x03, 0xC0, 0x00, 0x00, 0x00, 0x00, 0x07, 0xE0, 0x00, 0x00, 0x00,
    0x00, 0x0F, 0xF0, 0x00, 0x00, 0x00, 0x00, 0x0F, 0xF0, 0x00, 0x00, 0x00, 0x00, 0x0F, 0xF0, 0x00, 0x00, 0x00, 0x00,
    0x0F, 0xF0, 0x00, 0x00, 0x00, 0x00, 0x07, 0xE0, 0x00, 0x00, 0x00, 0x00, 0x03, 0xC0, 0x00, 0x00, 0x00, 0x00, 0x03,
    0xC0, 0x00, 0x00, 0x00, 0x00, 0x07, 0xE0, 0x00, 0x00, 0x00, 0x00, 0x0F, 0xF0, 0x00, 0x00, 0x00, 0x00, 0x0F, 0xF0,
    0x00, 0x00, 0x00, 0x00, 0x0F, 0xF0, 0x00, 0x00, 0x00, 0x00, 0x0F, 0xF0, 0x00, 0x00, 0x00, 0x00, 0x07, 0xE0, 0x00,
    0x00, 0x00, 0x00, 0x03, 0xC0, 0x00, 0x00, 0x00, 0x00, 0x03, 0xC0, 0x00, 0x00, 0x00, 0x00, 0x07, 0xE0, 0x00, 0x00,
    0x00, 0x00, 0x0F, 0xF0, 0x00, 0x00, 0x00, 0x00, 0x0F, 0xF0, 0x00, 0x00, 0x00, 0x00, 0x0F, 0xF0, 0x00, 0x00, 0x00,
    0x00, 0x0F, 0xF0, 0x00, 0x00, 0x00, 0x00, 0x07, 0xE0, 0x00, 0x00, 0x00, 0x00, 0x03, 0xC0, 0x00, 0x00, 0x00, 0x00,
    0x03, 0xC3, 0xC3, 0xC3, 0xC3, 0xC0, 0x07, 0xE7, 0xE7, 0xE7, 0xE7, 0xE0, 0x0F, 0xFF, 0xFF, 0xFF, 0xFF, 0xF0, 0x0F,
    0xFF, 0xFF, 0xFF, 0xFF, 0xF0, 0x0F, 0xFF, 0xFF, 0xFF, 0xFF, 0xF0, 0x0F, 0xFF, 0xFF, 0xFF, 0xFF, 0xF0, 0x07, 0xE7,
    0xE7, 0xE7, 0xE7, 0xE0, 0x03, 0xC3, 0xC3, 0xC3, 0xC3, 0xC0, 0x03, 0xC0, 0x00, 0x00, 0x03, 0xC0, 0x07, 0xE0, 0x00,
    0x00, 0x07, 0xE0, 0x0F, 0xF0, 0x00, 0x00, 0x0F, 0xF0, 0x0F, 0xF0, 0x00, 0x00, 0x0F, 0xF0, 0x0F, 0xF0, 0x00, 0x00,
    0x0F, 0xF0, 0x0F, 0xF0, 0x00, 0x00, 0x0F, 0xF0, 0x07, 0xE0, 0x00, 0x00, 0x07, 0xE0, 0x03, 0xC0, 0x00, 0x00, 0x03,
    0xC0, 0x03, 0xC3, 0xC0, 0x03, 0xC3, 0xC0, 0x07, 0xE7, 0xE0, 0x07, 0xE7, 0xE0, 0x0F, 0xFF, 0xF0, 0x0F, 0xFF, 0xF0,
    0x0F, 0xFF, 0xF0, 0x0F, 0xFF, 0xF0, 0x0F, 0xFF, 0xF0, 0x0F, 0xFF, 0xF0, 0x0F, 0xFF, 0xF0, 0x0F, 0xFF, 0xF0, 0x07,
    0xE7, 0xE0, 0x07, 0xE7, 0xE0, 0x03, 0xC3, 0xC0, 0x03, 0xC3, 0xC0, 0x03, 0xC0, 0x03, 0xC0, 0x03, 0xC0, 0x07, 0xE0,
    0x07, 0xE0, 0x07, 0xE0, 0x0F, 0xF0, 0x0F, 0xF0, 0x0F, 0xF0, 0x0F, 0xF0, 0x0F, 0xF0, 0x0F, 0xF0, 0x0F, 0xF0, 0x0F,
    0xF0, 0x0F, 0xF0, 0x0F, 0xF0, 0x0F, 0xF0, 0x0F, 0xF0, 0x07, 0xE0, 0x07, 0xE0, 0x07, 0xE0, 0x03, 0xC0, 0x03, 0xC0,
    0x03, 0xC0, 0x03, 0xC0, 0x03, 0xC0, 0x03, 0xC0, 0x07, 0xE0, 0x07, 0xE0, 0x07, 0xE0, 0x0F, 0xF0, 0x0F, 0xF0, 0x0F,
    0xF0, 0x0F, 0xF0, 0x0F, 0xF0, 0x0F, 0xF0, 0x0F, 0xF0, 0x0F, 0xF0, 0x0F, 0xF0, 0x0F, 0xF0, 0x0F, 0xF0, 0x0F, 0xF0,
    0x07, 0xE0, 0x07, 0xE0, 0x07, 0xE0, 0x03, 0xC0, 0x03, 0xC0, 0x03, 0xC0, 0x03, 0xC0, 0x00, 0x00, 0x03, 0xC0, 0x07,
    0xE0, 0x00, 0x00, 0x07, 0xE0, 0x0F, 0xF0, 0x00, 0x00, 0x0F, 0xF0, 0x0F, 0xF0, 0x00, 0x00, 0x0F, 0xF0, 0x0F, 0xF0,
    0x00, 0x00, 0x0F, 0xF0, 0x0F, 0xF0, 0x00, 0x00, 0x0F, 0xF0, 0x07, 0xE0, 0x00, 0x00, 0x07, 0xE0, 0x03, 0xC0, 0x00,
    0x00, 0x03, 0xC0, 0x03, 0xC0, 0x00, 0x00, 0x03, 0xC0, 0x07, 0xE0, 0x00, 0x00, 0x07, 0xE0, 0x0F, 0xF0, 0x00, 0x00,
    0x0F, 0xF0, 0x0F, 0xF0, 0x00, 0x00, 0x0F, 0xF0, 0x0F, 0xF0, 0x00, 0x00, 0x0F, 0xF0, 0x0F, 0xF0, 0x00, 0x00, 0x0F,
    0xF0, 0x07, 0xE0, 0x00, 0x00, 0x07, 0xE0, 0x03, 0xC0, 0x00, 0x00, 0x03, 0xC0, 0x03, 0xC0, 0x00, 0x00, 0x03, 0xC0,
    0x07, 0xE0, 0x00, 0x00, 0x07, 0xE0, 0x0F, 0xF0, 0x00, 0x00, 0x0F, 0xF0, 0x0F, 0xF0, 0x00, 0x00, 0x0F, 0xF0, 0x0F,
    0xF0, 0x00, 0x00, 0x0F, 0xF0, 0x0F, 0xF0, 0x00, 0x00, 0x0F, 0xF0, 0x07, 0xE0, 0x00, 0x00, 0x07, 0xE0, 0x03, 0xC0,
    0x00, 0x00, 0x03, 0xC0, 0x03, 0xC0, 0x00, 0x00, 0x03, 0xC0, 0x07, 0xE0, 0x00, 0x00, 0x07, 0xE0, 0x0F, 0xF0, 0x00,
    0x00, 0x0F, 0xF0, 0x0F, 0xF0, 0x00, 0x00, 0x0F, 0xF0, 0x0F, 0xF0, 0x00, 0x00, 0x0F, 0xF0, 0x0F, 0xF0, 0x00, 0x00,
    0x0F, 0xF0, 0x07, 0xE0, 0x00, 0x00, 0x07, 0xE0, 0x03, 0xC0, 0x00, 0x00, 0x03, 0xC0, 0x03, 0xC0, 0x00, 0x00, 0x03,
    0xC0, 0x07, 0xE0, 0x00, 0x00, 0x07, 0xE0, 0x0F, 0xF0, 0x00, 0x00, 0x0F, 0xF0, 0x0F, 0xF0, 0x00, 0x00, 0x0F, 0xF0,
    0x0F, 0xF0, 0x00, 0x00, 0x0F, 0xF0, 0x0F, 0xF0, 0x00, 0x00, 0x0F, 0xF0, 0x07, 0xE0, 0x00, 0x00, 0x07, 0xE0, 0x03,
    0xC0, 0x00, 0x00, 0x03, 0xC0, 0x03, 0xC3, 0xC0, 0x00, 0x03, 0xC0, 0x07, 0xE7, 0xE0, 0x00, 0x07, 0xE0, 0x0F, 0xFF,
    0xF0, 0x00, 0x0F, 0xF0, 0x0F, 0xFF, 0xF0, 0x00, 0x0F, 0xF0, 0x0F, 0xFF, 0xF0, 0x00, 0x0F, 0xF0, 0x0F, 0xFF, 0xF0,
    0x00, 0x0F, 0xF0, 0x07, 0xE7, 0xE0, 0x00, 0x07, 0xE0, 0x03, 0xC3, 0xC0, 0x00, 0x03, 0xC0, 0x03, 0xC0, 0x03, 0xC0,
    0x03, 0xC0, 0x07, 0xE0, 0x07, 0xE0, 0x07, 0xE0, 0x0F, 0xF0, 0x0F, 0xF0, 0x0F, 0xF0, 0x0F, 0xF0, 0x0F, 0xF0, 0x0F,
    0xF0, 0x0F, 0xF0, 0x0F, 0xF0, 0x0F, 0xF0, 0x0F, 0xF0, 0x0F, 0xF0, 0x0F, 0xF0, 0x07, 0xE0, 0x07, 0xE0, 0x07, 0xE0,
    0x03, 0xC0, 0x03, 0xC0, 0x03, 0xC0, 0x03, 0xC0, 0x00, 0x03, 0xC3, 0xC0, 0x07, 0xE0, 0x00, 0x07, 0xE7, 0xE0, 0x0F,
    0xF0, 0x00, 0x0F, 0xFF, 0xF0, 0x0F, 0xF0, 0x00, 0x0F, 0xFF, 0xF0, 0x0F, 0xF0, 0x00, 0x0F, 0xFF, 0xF0, 0x0F, 0xF0,
    0x00, 0x0F, 0xFF, 0xF0, 0x07, 0xE0, 0x00, 0x07, 0xE7, 0xE0, 0x03, 0xC0, 0x00, 0x03, 0xC3, 0xC0, 0x03, 0xC0, 0x00,
    0x00, 0x03, 0xC0, 0x07, 0xE0, 0x00, 0x00, 0x07, 0xE0, 0x0F, 0xF0, 0x00, 0x00, 0x0F, 0xF0, 0x0F, 0xF0, 0x00, 0x00,
    0x0F, 0xF0, 0x0F, 0xF0, 0x00, 0x00, 0x0F, 0xF0, 0x0F, 0xF0, 0x00, 0x00, 0x0F, 0xF0, 0x07, 0xE0, 0x00, 0x00, 0x07,
    0xE0, 0x03, 0xC0, 0x00, 0x00, 0x03, 0xC0, 0x03, 0xC0, 0x00, 0x00, 0x03, 0xC0, 0x07, 0xE0, 0x00, 0x00, 0x07, 0xE0,
    0x0F, 0xF0, 0x00, 0x00, 0x0F, 0xF0, 0x0F, 0xF0, 0x00, 0x00, 0x0F, 0xF0, 0x0F, 0xF0, 0x00, 0x00, 0x0F, 0xF0, 0x0F,
    0xF0, 0x00, 0x00, 0x0F, 0xF0, 0x07, 0xE0, 0x00, 0x00, 0x07, 0xE0, 0x03, 0xC0, 0x00, 0x00, 0x03, 0xC0, 0x00, 0x03,
    0xC3, 0xC3, 0xC0, 0x00, 0x00, 0x07, 0xE7, 0xE7, 0xE0, 0x00, 0x00, 0x0F, 0xFF, 0xFF, 0xF0, 0x00, 0x00, 0x0F, 0xFF,
    0xFF, 0xF0, 0x00, 0x00, 0x0F, 0xFF, 0xFF, 0xF0, 0x00, 0x00, 0x0F, 0xFF, 0xFF, 0xF0, 0x00, 0x00, 0x07, 0xE7, 0xE7,
    0xE0, 0x00, 0x00, 0x03, 0xC3, 0xC3, 0xC0, 0x00, 0x03, 0xC0, 0x00, 0x00, 0x03, 0xC0, 0x07, 0xE0, 0x00, 0x00, 0x07,
    0xE0, 0x0F, 0xF0, 0x00, 0x00, 0x0F, 0xF0, 0x0F, 0xF0, 0x00, 0x00, 0x0F, 0xF0, 0x0F, 0xF0, 0x00, 0x00, 0x0F, 0xF0,
    0x0F, 0xF0, 0x00, 0x00, 0x0F, 0xF0, 0x07, 0xE0, 0x00, 0x00, 0x07, 0xE0, 0x03, 0xC0, 0x00, 0x00, 0x03, 0xC0, 0x03,
    0xC0, 0x00, 0x00, 0x03, 0xC0, 0x07, 0xE0, 0x00, 0x00, 0x07, 0xE0, 0x0F, 0xF0, 0x00, 0x00, 0x0F, 0xF0, 0x0F, 0xF0,
    0x00, 0x00, 0x0F, 0xF0, 0x0F, 0xF0, 0x00, 0x00, 0x0F, 0xF0, 0x0F, 0xF0, 0x00, 0x00, 0x0F, 0xF0, 0x07, 0xE0, 0x00,
    0x00, 0x07, 0xE0, 0x03, 0xC0, 0x00, 0x00, 0x03, 0xC0, 0x03, 0xC0, 0x00, 0x00, 0x03, 0xC0, 0x07, 0xE0, 0x00, 0x00,
    0x07, 0xE0, 0x0F, 0xF0, 0x00, 0x00, 0x0F, 0xF0, 0x0F, 0xF0, 0x00, 0x00, 0x0F, 0xF0, 0x0F, 0xF0, 0x00, 0x00, 0x0F,
    0xF0, 0x0F, 0xF0, 0x00, 0x00, 0x0F, 0xF0, 0x07, 0xE0, 0x00, 0x00, 0x07, 0xE0, 0x03, 0xC0, 0x00, 0x00, 0x03, 0xC0,
    0x03, 0xC0, 0x00, 0x00, 0x03, 0xC0, 0x07, 0xE0, 0x00, 0x00, 0x07, 0xE0, 0x0F, 0xF0, 0x00, 0x00, 0x0F, 0xF0, 0x0F,
    0xF0, 0x00, 0x00, 0x0F, 0xF0, 0x0F, 0xF0, 0x00, 0x00, 0x0F, 0xF0, 0x0F, 0xF0, 0x00, 0x00, 0x0F, 0xF0, 0x07, 0xE0,
    0x00, 0x00, 0x07, 0xE0, 0x03, 0xC0, 0x00, 0x00, 0x03, 0xC0, 0x03, 0xC0, 0x00, 0x00, 0x03, 0xC0, 0x07, 0xE0, 0x00,
    0x00, 0x07, 0xE0, 0x0F, 0xF0, 0x00, 0x00, 0x0F, 0xF0, 0x0F, 0xF0, 0x00, 0x00, 0x0F, 0xF0, 0x0F, 0xF0, 0x00, 0x00,
    0x0F, 0xF0, 0x0F, 0xF0, 0x00, 0x00, 0x0F, 0xF0, 0x07, 0xE0, 0x00, 0x00, 0x07, 0xE0, 0x03, 0xC0, 0x00, 0x00, 0x03,
    0xC0, 0x00, 0x03, 0xC3, 0xC3, 0xC0, 0x00, 0x00, 0x07, 0xE7, 0xE7, 0xE0, 0x00, 0x00, 0x0F, 0xFF, 0xFF, 0xF0, 0x00,
    0x00, 0x0F, 0xFF, 0xFF, 0xF0, 0x00, 0x00, 0x0F, 0xFF, 0xFF, 0xF0, 0x00, 0x00, 0x0F, 0xFF, 0xFF, 0xF0, 0x00, 0x00,
    0x07, 0xE7, 0xE7, 0xE0, 0x00, 0x00, 0x03, 0xC3, 0xC3, 0xC0, 0x00, 0x03, 0xC3, 0xC3, 0xC3, 0xC0, 0x00, 0x07, 0xE7,
    0xE7, 0xE7, 0xE0, 0x00, 0x0F, 0xFF, 0xFF, 0xFF, 0xF0, 0x00, 0x0F, 0xFF, 0xFF, 0xFF, 0xF0, 0x00, 0x0F, 0xFF, 0xFF,
    0xFF, 0xF0, 0x00, 0x0F, 0xFF, 0xFF, 0xFF, 0xF0, 0x00, 0x07, 0xE7, 0xE7, 0xE7, 0xE0, 0x00, 0x03, 0xC3, 0xC3, 0xC3,
    0xC0, 0x00, 0x03, 0xC0, 0x00, 0x00, 0x03, 0xC0, 0x07, 0xE0, 0x00, 0x00, 0x07, 0xE0, 0x0F, 0xF0, 0x00, 0x00, 0x0F,
    0xF0, 0x0F, 0xF0, 0x00, 0x00, 0x0F, 0xF0, 0x0F, 0xF0, 0x00, 0x00, 0x0F, 0xF0, 0x0F, 0xF0, 0x00, 0x00, 0x0F, 0xF0,
    0x07, 0xE0, 0x00, 0x00, 0x07, 0xE0, 0x03, 0xC0, 0x00, 0x00, 0x03, 0xC0, 0x03, 0xC0, 0x00, 0x00, 0x03, 0xC0, 0x07,
    0xE0, 0x00, 0x00, 0x07, 0xE0, 0x0F, 0xF0, 0x00, 0x00, 0x0F, 0xF0, 0x0F, 0xF0, 0x00, 0x00, 0x0F, 0xF0, 0x0F, 0xF0,
    0x00, 0x00, 0x0F, 0xF0, 0x0F, 0xF0, 0x00, 0x00, 0x0F, 0xF0, 0x07, 0xE0, 0x00, 0x00, 0x07, 0xE0, 0x03, 0xC0, 0x00,
    0x00, 0x03, 0xC0, 0x03, 0xC3, 0xC3, 0xC3, 0xC0, 0x00, 0x07, 0xE7, 0xE7, 0xE7, 0xE0, 0x00, 0x0F, 0xFF, 0xFF, 0xFF,
    0xF0, 0x00, 0x0F, 0xFF, 0xFF, 0xFF, 0xF0, 0x00, 0x0F, 0xFF, 0xFF, 0xFF, 0xF0, 0x00, 0x0F, 0xFF, 0xFF, 0xFF, 0xF0,
    0x00, 0x07, 0xE7, 0xE7, 0xE7, 0xE0, 0x00, 0x03, 0xC3, 0xC3, 0xC3, 0xC0, 0x00, 0x03, 0xC0, 0x00, 0x00, 0x00, 0x00,
    0x07, 0xE0, 0x00, 0x00, 0x00, 0x00, 0x0F, 0xF0, 0x00, 0x00, 0x00, 0x00, 0x0F, 0xF0, 0x00, 0x00, 0x00, 0x00, 0x0F,
    0xF0, 0x00, 0x00, 0x00, 0x00, 0x0F, 0xF0, 0x00, 0x00, 0x00, 0x00, 0x07, 0xE0, 0x00, 0x00, 0x00, 0x00, 0x03, 0xC0,
    0x00, 0x00, 0x00, 0x00, 0x03, 0xC0, 0x00, 0x00, 0x00, 0x00, 0x07, 0xE0, 0x00, 0x00, 0x00, 0x00, 0x0F, 0xF0, 0x00,
    0x00, 0x00, 0x00, 0x0F, 0xF0, 0x00, 0x00, 0x00, 0x00, 0x0F, 0xF0, 0x00, 0x00, 0x00, 0x00, 0x0F, 0xF0, 0x00, 0x00,
    0x00, 0x00, 0x07, 0xE0, 0x00, 0x00, 0x00, 0x00, 0x03, 0xC0, 0x00, 0x00, 0x00, 0x00, 0x03, 0xC0, 0x00, 0x00, 0x00,
    0x00, 0x07, 0xE0, 0x00, 0x00, 0x00, 0x00, 0x0F, 0xF0, 0x00, 0x00, 0x00, 0x00, 0x0F, 0xF0, 0x00, 0x00, 0x00, 0x00,
    0x0F, 0xF0, 0x00, 0x00, 0x00, 0x00, 0x0F, 0xF0, 0x00, 0x00, 0x00, 0x00, 0x07, 0xE0, 0x00, 0x00, 0x00, 0x00, 0x03,
    0xC0, 0x00, 0x00, 0x00, 0x00, 0x00, 0x03, 0xC3, 0xC3, 0xC0, 0x00, 0x00, 0x07, 0xE7, 0xE7, 0xE0, 0x00, 0x00, 0x0F,
    0xFF, 0xFF, 0xF0, 0x00, 0x00, 0x0F, 0xFF, 0xFF, 0xF0, 0x00, 0x00, 0x0F, 0xFF, 0xFF, 0xF0, 0x00, 0x00, 0x0F, 0xFF,
    0xFF, 0xF0, 0x00, 0x00, 0x07, 0xE7, 0xE7, 0xE0, 0x00, 0x00, 0x03, 0xC3, 0xC3, 0xC0, 0x00, 0x03, 0xC0, 0x00, 0x00,
    0x03, 0xC0, 0x07, 0xE0, 0x00, 0x00, 0x07, 0xE0, 0x0F, 0xF0, 0x00, 0x00, 0x0F, 0xF0, 0x0F, 0xF0, 0x00, 0x00, 0x0F,
    0xF0, 0x0F, 0xF0, 0x00, 0x00, 0x0F, 0xF0, 0x0F, 0xF0, 0x00, 0x00, 0x0F, 0xF0, 0x07, 0xE0, 0x00, 0x00, 0x07, 0xE0,
    0x03, 0xC0, 0x00, 0x00, 0x03, 0xC0, 0x03, 0xC0, 0x00, 0x00, 0x03, 0xC0, 0x07, 0xE0, 0x00, 0x00, 0x07, 0xE0, 0x0F,
    0xF0, 0x00, 0x00, 0x0F, 0xF0, 0x0F, 0xF0, 0x00, 0x00, 0x0F, 0xF0, 0x0F, 0xF0, 0x00, 0x00, 0x0F, 0xF0, 0x0F, 0xF0,
    0x00, 0x00, 0x0F, 0xF0, 0x07, 0xE0, 0x00, 0x00, 0x07, 0xE0, 0x03, 0xC0, 0x00, 0x00, 0x03, 0xC0, 0x03, 0xC0, 0x00,
    0x00, 0x03, 0xC0, 0x07, 0xE0, 0x00, 0x00, 0x07, 0xE0, 0x0F, 0xF0, 0x00, 0x00, 0x0F, 0xF0, 0x0F, 0xF0, 0x00, 0x00,
    0x0F, 0xF0, 0x0F, 0xF0, 0x00, 0x00, 0x0F, 0xF0, 0x0F, 0xF0, 0x00, 0x00, 0x0F, 0xF0, 0x07, 0xE0, 0x00, 0x00, 0x07,
    0xE0, 0x03, 0xC0, 0x00, 0x00, 0x03, 0xC0, 0x03, 0xC0, 0x00, 0x00, 0x03, 0xC0, 0x07, 0xE0, 0x00, 0x00, 0x07, 0xE0,
    0x0F, 0xF0, 0x03, 0xC0, 0x0F, 0xF0, 0x0F, 0xF0, 0x07, 0xE0, 0x0F, 0xF0, 0x0F, 0xF0, 0x0F, 0xF0, 0x0F, 0xF0, 0x0F,
    0xF0, 0x0F, 0xF0, 0x0F, 0xF0, 0x07, 0xE0, 0x0F, 0xF0, 0x07, 0xE0, 0x03, 0xC0, 0x0F, 0xF0, 0x03, 0xC0, 0x03, 0xC0,
    0x07, 0xE3, 0xC0, 0x00, 0x07, 0xE0, 0x03, 0xC7, 0xE0, 0x00, 0x0F, 0xF0, 0x00, 0x0F, 0xF0, 0x00, 0x0F, 0xF0, 0x00,
    0x0F, 0xF0, 0x00, 0x0F, 0xF0, 0x00, 0x0F, 0xF0, 0x00, 0x0F, 0xF0, 0x00, 0x0F, 0xF0, 0x00, 0x07, 0xE0, 0x00, 0x07,
    0xE0, 0x00, 0x03, 0xC0, 0x00, 0x03, 0xC0, 0x00, 0x00, 0x03, 0xC3, 0xC0, 0x03, 0xC0, 0x00, 0x07, 0xE7, 0xE0, 0x07,
    0xE0, 0x00, 0x0F, 0xFF, 0xF0, 0x0F, 0xF0, 0x00, 0x0F, 0xFF, 0xF0, 0x0F, 0xF0, 0x00, 0x0F, 0xFF, 0xF0, 0x0F, 0xF0,
    0x00, 0x0F, 0xFF, 0xF0, 0x0F, 0xF0, 0x00, 0x07, 0xE7, 0xE0, 0x07, 0xE0, 0x00, 0x03, 0xC3, 0xC0, 0x03, 0xC0, 0x03,
    0xC3, 0xC3, 0xC3, 0xC0, 0x00, 0x07, 0xE7, 0xE7, 0xE7, 0xE0, 0x00, 0x0F, 0xFF, 0xFF, 0xFF, 0xF0, 0x00, 0x0F, 0xFF,
    0xFF, 0xFF, 0xF0, 0x00, 0x0F, 0xFF, 0xFF, 0xFF, 0xF0, 0x00, 0x0F, 0xFF, 0xFF, 0xFF, 0xF0, 0x00, 0x07, 0xE7, 0xE7,
    0xE7, 0xE0, 0x00, 0x03, 0xC3, 0xC3, 0xC3, 0xC0, 0x00, 0x03, 0xC0, 0x00, 0x00, 0x03, 0xC0, 0x07, 0xE0, 0x00, 0x00,
    0x07, 0xE0, 0x0F, 0xF0, 0x00, 0x00, 0x0F, 0xF0, 0x0F, 0xF0, 0x00, 0x00, 0x0F, 0xF0, 0x0F, 0xF0, 0x00, 0x00, 0x0F,
    0xF0, 0x0F, 0xF0, 0x00, 0x00, 0x0F, 0xF0, 0x07, 0xE0, 0x00, 0x00, 0x07, 0xE0, 0x03, 0xC0, 0x00, 0x00, 0x03, 0xC0,
    0x03, 0xC0, 0x00, 0x00, 0x03, 0xC0, 0x07, 0xE0, 0x00, 0x00, 0x07, 0xE0, 0x0F, 0xF0, 0x00, 0x00, 0x0F, 0xF0, 0x0F,
    0xF0, 0x00, 0x00, 0x0F, 0xF0, 0x0F, 0xF0, 0x00, 0x00, 0x0F, 0xF0, 0x0F, 0xF0, 0x00, 0x00, 0x0F, 0xF0, 0x07, 0xE0,
    0x00, 0x00, 0x07, 0xE0, 0x03, 0xC0, 0x00, 0x00, 0x03, 0xC0, 0x03, 0xC3, 0xC3, 0xC3, 0xC0, 0x00, 0x07, 0xE7, 0xE7,
    0xE7, 0xE0, 0x00, 0x0F, 0xFF, 0xFF, 0xFF, 0xF0, 0x00, 0x0F, 0xFF, 0xFF, 0xFF, 0xF0, 0x00, 0x0F, 0xFF, 0xFF, 0xFF,
    0xF0, 0x00, 0x0F, 0xFF, 0xFF, 0xFF, 0xF0, 0x00, 0x07, 0xE7, 0xE7, 0xE7, 0xE0, 0x00, 0x03, 0xC3, 0xC3, 0xC3, 0xC0,
    0x00, 0x03, 0xC0, 0x03, 0xC0, 0x00, 0x00, 0x07, 0xE0, 0x07, 0xE0, 0x00, 0x00, 0x0F, 0xF0, 0x0F, 0xF0, 0x00, 0x00,
    0x0F, 0xF0, 0x0F, 0xF0, 0x00, 0x00, 0x0F, 0xF0, 0x0F, 0xF0, 0x00, 0x00, 0x0F, 0xF0, 0x0F, 0xF0, 0x00, 0x00, 0x07,
    0xE0, 0x07, 0xE0, 0x00, 0x00, 0x03, 0xC0, 0x03, 0xC0, 0x00, 0x00, 0x03, 0xC0, 0x00, 0x03, 0xC0, 0x00, 0x07, 0xE0,
    0x00, 0x07, 0xE0, 0x00, 0x0F, 0xF0, 0x00, 0x0F, 0xF0, 0x00, 0x0F, 0xF0, 0x00, 0x0F, 0xF0, 0x00, 0x0F, 0xF0, 0x00,
    0x0F, 0xF0, 0x00, 0x0F, 0xF0, 0x00, 0x0F, 0xF0, 0x00, 0x07, 0xE0, 0x00, 0x07, 0xE0, 0x00, 0x03, 0xC0, 0x00, 0x03,
    0xC0, 0x00, 0x03, 0xC0, 0x00, 0x00, 0x03, 0xC0, 0x07, 0xE0, 0x00, 0x00, 0x07, 0xE0, 0x0F, 0xF0, 0x00, 0x00, 0x0F,
    0xF0, 0x0F, 0xF0, 0x00, 0x00, 0x0F, 0xF0, 0x0F, 0xF0, 0x00, 0x00, 0x0F, 0xF0, 0x0F, 0xF0, 0x00, 0x00, 0x0F, 0xF0,
    0x07, 0xE0, 0x00, 0x00, 0x07, 0xE0, 0x03, 0xC0, 0x00, 0x00, 0x03, 0xC0, 0x00, 0x03, 0xC3, 0xC3, 0xC0, 0x00, 0x00,
    0x07, 0xE7, 0xE7, 0xE0, 0x00, 0x00, 0x0F, 0xFF, 0xFF, 0xF0, 0x00, 0x00, 0x0F, 0xFF, 0xFF, 0xF0, 0x00, 0x00, 0x0F,
    0xFF, 0xFF, 0xF0, 0x00, 0x00, 0x0F, 0xFF, 0xFF, 0xF0, 0x00, 0x00, 0x07, 0xE7, 0xE7, 0xE0, 0x00, 0x00, 0x03, 0xC3,
    0xC3, 0xC0, 0x00, 0x03, 0xC0, 0x00, 0x00, 0x03, 0xC0, 0x07, 0xE0, 0x00, 0x00, 0x07, 0xE0, 0x0F, 0xF0, 0x00, 0x00,
    0x0F, 0xF0, 0x0F, 0xF0, 0x00, 0x00, 0x0F, 0xF0, 0x0F, 0xF0, 0x00, 0x00, 0x0F, 0xF0, 0x0F, 0xF0, 0x00, 0x00, 0x0F,
    0xF0, 0x07, 0xE0, 0x00, 0x00, 0x07, 0xE0, 0x03, 0xC0, 0x00, 0x00, 0x03, 0xC0, 0x03, 0xC0, 0x00, 0x00, 0x00, 0x00,
    0x07, 0xE0, 0x00, 0x00, 0x00, 0x00, 0x0F, 0xF0, 0x00, 0x00, 0x00, 0x00, 0x0F, 0xF0, 0x00, 0x00, 0x00, 0x00, 0x0F,
    0xF0, 0x00, 0x00, 0x00, 0x00, 0x0F, 0xF0, 0x00, 0x00, 0x00, 0x00, 0x07, 0xE0, 0x00, 0x00, 0x00, 0x00, 0x03, 0xC0,
    0x00, 0x00, 0x00, 0x00, 0x00, 0x03, 0xC3, 0xC3, 0xC0, 0x00, 0x00, 0x07, 0xE7, 0xE7, 0xE0, 0x00, 0x00, 0x0F, 0xFF,
    0xFF, 0xF0, 0x00, 0x00, 0x0F, 0xFF, 0xFF, 0xF0, 0x00, 0x00, 0x0F, 0xFF, 0xFF, 0xF0, 0x00, 0x00, 0x0F, 0xFF, 0xFF,
    0xF0, 0x00, 0x00, 0x07, 0xE7, 0xE7, 0xE0, 0x00, 0x00, 0x03, 0xC3, 0xC3, 0xC0, 0x00, 0x00, 0x00, 0x00, 0x00, 0x03,
    0xC0, 0x00, 0x00, 0x00, 0x00, 0x07, 0xE0, 0x00, 0x00, 0x00, 0x00, 0x0F, 0xF0, 0x00, 0x00, 0x00, 0x00, 0x0F, 0xF0,
    0x00, 0x00, 0x00, 0x00, 0x0F, 0xF0, 0x00, 0x00, 0x00, 0x00, 0x0F, 0xF0, 0x00, 0x00, 0x00, 0x00, 0x07, 0xE0, 0x00,
    0x00, 0x00, 0x00, 0x03, 0xC0, 0x03, 0xC0, 0x00, 0x00, 0x03, 0xC0, 0x07, 0xE0, 0x00, 0x00, 0x07, 0xE0, 0x0F, 0xF0,
    0x00, 0x00, 0x0F, 0xF0, 0x0F, 0xF0, 0x00, 0x00, 0x0F, 0xF0, 0x0F, 0xF0, 0x00, 0x00, 0x0F, 0xF0, 0x0F, 0xF0, 0x00,
    0x00, 0x0F, 0xF0, 0x07, 0xE0, 0x00, 0x00, 0x07, 0xE0, 0x03, 0xC0, 0x00, 0x00, 0x03, 0xC0, 0x00, 0x03, 0xC3, 0xC3,
    0xC0, 0x00, 0x00, 0x07, 0xE7, 0xE7, 0xE0, 0x00, 0x00, 0x0F, 0xFF, 0xFF, 0xF0, 0x00, 0x00, 0x0F, 0xFF, 0xFF, 0xF0,
    0x00, 0x00, 0x0F, 0xFF, 0xFF, 0xF0, 0x00, 0x00, 0x0F, 0xFF, 0xFF, 0xF0, 0x00, 0x00, 0x07, 0xE7, 0xE7, 0xE0, 0x00,
    0x00, 0x03, 0xC3, 0xC3, 0xC0, 0x00, 0x03, 0xC3, 0xC3, 0xC3, 0xC3, 0xC0, 0x07, 0xE7, 0xE7, 0xE7, 0xE7, 0xE0, 0x0F,
    0xFF, 0xFF, 0xFF, 0xFF, 0xF0, 0x0F, 0xFF, 0xFF, 0xFF, 0xFF, 0xF0, 0x0F, 0xFF, 0xFF, 0xFF, 0xFF, 0xF0, 0x0F, 0xFF,
    0xFF, 0xFF, 0xFF, 0xF0, 0x07, 0xE7, 0xE7, 0xE7, 0xE7, 0xE0, 0x03, 0xC3, 0xC3, 0xC3, 0xC3, 0xC0, 0x00, 0x00, 0x03,
    0xC0, 0x00, 0x00, 0x00, 0x00, 0x07, 0xE0, 0x00, 0x00, 0x00, 0x00, 0x0F, 0xF0, 0x00, 0x00, 0x00, 0x00, 0x0F, 0xF0,
    0x00, 0x00, 0x00, 0x00, 0x0F, 0xF0, 0x00, 0x00, 0x00, 0x00, 0x0F, 0xF0, 0x00, 0x00, 0x00, 0x00, 0x07, 0xE0, 0x00,
    0x00, 0x00, 0x00, 0x03, 0xC0, 0x00, 0x00, 0x00, 0x00, 0x03, 0xC0, 0x00, 0x00, 0x00, 0x00, 0x07, 0xE0, 0x00, 0x00,
    0x00, 0x00, 0x0F, 0xF0, 0x00, 0x00, 0x00, 0x00, 0x0F, 0xF0, 0x00, 0x00, 0x00, 0x00, 0x0F, 0xF0, 0x00, 0x00, 0x00,
    0x00, 0x0F, 0xF0, 0x00, 0x00, 0x00, 0x00, 0x07, 0xE0, 0x00, 0x00, 0x00, 0x00, 0x03, 0xC0, 0x00, 0x00, 0x00, 0x00,
    0x03, 0xC0, 0x00, 0x00, 0x00, 0x00, 0x07, 0xE0, 0x00, 0x00, 0x00, 0x00, 0x0F, 0xF0, 0x00, 0x00, 0x00, 0x00, 0x0F,
    0xF0, 0x00, 0x00, 0x00, 0x00, 0x0F, 0xF0, 0x00, 0x00, 0x00, 0x00, 0x0F, 0xF0, 0x00, 0x00, 0x00, 0x00, 0x07, 0xE0,
    0x00, 0x00, 0x00, 0x00, 0x03, 0xC0, 0x00, 0x00, 0x00, 0x00, 0x03, 0xC0, 0x00, 0x00, 0x00, 0x00, 0x07, 0xE0, 0x00,
    0x00, 0x00, 0x00, 0x0F, 0xF0, 0x00, 0x00, 0x00, 0x00, 0x0F, 0xF0, 0x00, 0x00, 0x00, 0x00, 0x0F, 0xF0, 0x00, 0x00,
    0x00, 0x00, 0x0F, 0xF0, 0x00, 0x00, 0x00, 0x00, 0x07, 0xE0, 0x00, 0x00, 0x00, 0x00, 0x03, 0xC0, 0x00, 0x00, 0x00,
    0x00, 0x03, 0xC0, 0x00, 0x00, 0x00, 0x00, 0x07, 0xE0, 0x00, 0x00, 0x00, 0x00, 0x0F, 0xF0, 0x00, 0x00, 0x00, 0x00,
    0x0F, 0xF0, 0x00, 0x00, 0x00, 0x00, 0x0F, 0xF0, 0x00, 0x00, 0x00, 0x00, 0x0F, 0xF0, 0x00, 0x00, 0x00, 0x00, 0x07,
    0xE0, 0x00, 0x00, 0x00, 0x00, 0x03, 0xC0, 0x00, 0x00, 0x00, 0x00, 0x03, 0xC0, 0x00, 0x00, 0x00, 0x00, 0x07, 0xE0,
    0x00, 0x00, 0x00, 0x00, 0x0F, 0xF0, 0x00, 0x00, 0x00, 0x00, 0x0F, 0xF0, 0x00, 0x00, 0x00, 0x00, 0x0F, 0xF0, 0x00,
    0x00, 0x00, 0x00, 0x0F, 0xF0, 0x00, 0x00, 0x00, 0x00, 0x07, 0xE0, 0x00, 0x00, 0x00, 0x00, 0x03, 0xC0, 0x00, 0x00,
    0x03, 0xC0, 0x00, 0x00, 0x03, 0xC0, 0x07, 0xE0, 0x00, 0x00, 0x07, 0xE0, 0x0F, 0xF0, 0x00, 0x00, 0x0F, 0xF0, 0x0F,
    0xF0, 0x00, 0x00, 0x0F, 0xF0, 0x0F, 0xF0, 0x00, 0x00, 0x0F, 0xF0, 0x0F, 0xF0, 0x00, 0x00, 0x0F, 0xF0, 0x07, 0xE0,
    0x00, 0x00, 0x07, 0xE0, 0x03, 0xC0, 0x00, 0x00, 0x03, 0xC0, 0x03, 0xC0, 0x00, 0x00, 0x03, 0xC0, 0x07, 0xE0, 0x00,
    0x00, 0x07, 0xE0, 0x0F, 0xF0, 0x00, 0x00, 0x0F, 0xF0, 0x0F, 0xF0, 0x00, 0x00, 0x0F, 0xF0, 0x0F, 0xF0, 0x00, 0x00,
    0x0F, 0xF0, 0x0F, 0xF0, 0x00, 0x00, 0x0F, 0xF0, 0x07, 0xE0, 0x00, 0x00, 0x07, 0xE0, 0x03, 0xC0, 0x00, 0x00, 0x03,
    0xC0, 0x03, 0xC0, 0x00, 0x00, 0x03, 0xC0, 0x07, 0xE0, 0x00, 0x00, 0x07, 0xE0, 0x0F, 0xF0, 0x00, 0x00, 0x0F, 0xF0,
    0x0F, 0xF0, 0x00, 0x00, 0x0F, 0xF0, 0x0F, 0xF0, 0x00, 0x00, 0x0F, 0xF0, 0x0F, 0xF0, 0x00, 0x00, 0x0F, 0xF0, 0x07,
    0xE0, 0x00, 0x00, 0x07, 0xE0, 0x03, 0xC0, 0x00, 0x00, 0x03, 0xC0, 0x03, 0xC0, 0x00, 0x00, 0x03, 0xC0, 0x07, 0xE0,
    0x00, 0x00, 0x07, 0xE0, 0x0F, 0xF0, 0x00, 0x00, 0x0F, 0xF0, 0x0F, 0xF0, 0x00, 0x00, 0x0F, 0xF0, 0x0F, 0xF0, 0x00,
    0x00, 0x0F, 0xF0, 0x0F, 0xF0, 0x00, 0x00, 0x0F, 0xF0, 0x07, 0xE0, 0x00, 0x00, 0x07, 0xE0, 0x03, 0xC0, 0x00, 0x00,
    0x03, 0xC0, 0x03, 0xC0, 0x00, 0x00, 0x03, 0xC0, 0x07, 0xE0, 0x00, 0x00, 0x07, 0xE0, 0x0F, 0xF0, 0x00, 0x00, 0x0F,
    0xF0, 0x0F, 0xF0, 0x00, 0x00, 0x0F, 0xF0, 0x0F, 0xF0, 0x00, 0x00, 0x0F, 0xF0, 0x0F, 0xF0, 0x00, 0x00, 0x0F, 0xF0,
    0x07, 0xE0, 0x00, 0x00, 0x07, 0xE0, 0x03, 0xC0, 0x00, 0x00, 0x03, 0xC0, 0x03, 0xC0, 0x00, 0x00, 0x03, 0xC0, 0x07,
    0xE0, 0x00, 0x00, 0x07, 0xE0, 0x0F, 0xF0, 0x00, 0x00, 0x0F, 0xF0, 0x0F, 0xF0, 0x00, 0x00, 0x0F, 0xF0, 0x0F, 0xF0,
    0x00, 0x00, 0x0F, 0xF0, 0x0F, 0xF0, 0x00, 0x00, 0x0F, 0xF0, 0x07, 0xE0, 0x00, 0x00, 0x07, 0xE0, 0x03, 0xC0, 0x00,
    0x00, 0x03, 0xC0, 0x00, 0x03, 0xC3, 0xC3, 0xC0, 0x00, 0x00, 0x07, 0xE7, 0xE7, 0xE0, 0x00, 0x00, 0x0F, 0xFF, 0xFF,
    0xF0, 0x00, 0x00, 0x0F, 0xFF, 0xFF, 0xF0, 0x00, 0x00, 0x0F, 0xFF, 0xFF, 0xF0, 0x00, 0x00, 0x0F, 0xFF, 0xFF, 0xF0,
    0x00, 0x00, 0x07, 0xE7, 0xE7, 0xE0, 0x00, 0x00, 0x03, 0xC3, 0xC3, 0xC0, 0x00, 0x03, 0xC0, 0x00, 0x00, 0x03, 0xC0,
    0x07, 0xE0, 0x00, 0x00, 0x07, 0xE0, 0x0F, 0xF0, 0x00, 0x00, 0x0F, 0xF0, 0x0F, 0xF0, 0x00, 0x00, 0x0F, 0xF0, 0x0F,
    0xF0, 0x00, 0x00, 0x0F, 0xF0, 0x0F, 0xF0, 0x00, 0x00, 0x0F, 0xF0, 0x07, 0xE0, 0x00, 0x00, 0x07, 0xE0, 0x03, 0xC0,
    0x00, 0x00, 0x03, 0xC0, 0x03, 0xC0, 0x00, 0x00, 0x03, 0xC0, 0x07, 0xE0, 0x00, 0x00, 0x07, 0xE0, 0x0F, 0xF0, 0x00,
    0x00, 0x0F, 0xF0, 0x0F, 0xF0, 0x00, 0x00, 0x0F, 0xF0, 0x0F, 0xF0, 0x00, 0x00, 0x0F, 0xF0, 0x0F, 0xF0, 0x00, 0x00,
    0x0F, 0xF0, 0x07, 0xE0, 0x00, 0x00, 0x07, 0xE0, 0x03, 0xC0, 0x00, 0x00, 0x03, 0xC0, 0x03, 0xC0, 0x00, 0x00, 0x03,
    0xC0, 0x07, 0xE0, 0x00, 0x00, 0x07, 0xE0, 0x0F, 0xF0, 0x00, 0x00, 0x0F, 0xF0, 0x0F, 0xF0, 0x00, 0x00, 0x0F, 0xF0,
    0x0F, 0xF0, 0x00, 0x00, 0x0F, 0xF0, 0x0F, 0xF0, 0x00, 0x00, 0x0F, 0xF0, 0x07, 0xE0, 0x00, 0x00, 0x07, 0xE0, 0x03,
    0xC0, 0x00, 0x00, 0x03, 0xC0, 0x03, 0xC0, 0x00, 0x00, 0x03, 0xC0, 0x07, 0xE0, 0x00, 0x00, 0x07, 0xE0, 0x0F, 0xF0,
    0x00, 0x00, 0x0F, 0xF0, 0x0F, 0xF0, 0x00, 0x00, 0x0F, 0xF0, 0x0F, 0xF0, 0x00, 0x00, 0x0F, 0xF0, 0x0F, 0xF0, 0x00,
    0x00, 0x0F, 0xF0, 0x07, 0xE0, 0x00, 0x00, 0x07, 0xE0, 0x03, 0xC0, 0x00, 0x00, 0x03, 0xC0, 0x03, 0xC0, 0x00, 0x00,
    0x03, 0xC0, 0x07, 0xE0, 0x00, 0x00, 0x07, 0xE0, 0x0F, 0xF0, 0x00, 0x00, 0x0F, 0xF0, 0x0F, 0xF0, 0x00, 0x00, 0x0F,
    0xF0, 0x0F, 0xF0, 0x00, 0x00, 0x0F, 0xF0, 0x0F, 0xF0, 0x00, 0x00, 0x0F, 0xF0, 0x07, 0xE0, 0x00, 0x00, 0x07, 0xE0,
    0x03, 0xC0, 0x00, 0x00, 0x03, 0xC0, 0x00, 0x03, 0xC0, 0x03, 0xC0, 0x00, 0x00, 0x07, 0xE0, 0x07, 0xE0, 0x00, 0x00,
    0x0F, 0xF0, 0x0F, 0xF0, 0x00, 0x00, 0x0F, 0xF0, 0x0F, 0xF0, 0x00, 0x00, 0x0F, 0xF0, 0x0F, 0xF0, 0x00, 0x00, 0x0F,
    0xF0, 0x0F, 0xF0, 0x00, 0x00, 0x07, 0xE0, 0x07, 0xE0, 0x00, 0x00, 0x03, 0xC0, 0x03, 0xC0, 0x00, 0x00, 0x00, 0x03,
    0xC0, 0x00, 0x00, 0x00, 0x00, 0x07, 0xE0, 0x00, 0x00, 0x00, 0x00, 0x0F, 0xF0, 0x00, 0x00, 0x00, 0x00, 0x0F, 0xF0,
    0x00, 0x00, 0x00, 0x00, 0x0F, 0xF0, 0x00, 0x00, 0x00, 0x00, 0x0F, 0xF0, 0x00, 0x00, 0x00, 0x00, 0x07, 0xE0, 0x00,
    0x00, 0x00, 0x00, 0x03, 0xC0, 0x00, 0x00, 0x03, 0xC0, 0x00, 0x00, 0x03, 0xC0, 0x07, 0xE0, 0x00, 0x00, 0x07, 0xE0,
    0x0F, 0xF0, 0x00, 0x00, 0x0F, 0xF0, 0x0F, 0xF0, 0x00, 0x00, 0x0F, 0xF0, 0x0F, 0xF0, 0x00, 0x00, 0x0F, 0xF0, 0x0F,
    0xF0, 0x00, 0x00, 0x0F, 0xF0, 0x07, 0xE0, 0x00, 0x00, 0x07, 0xE0, 0x03, 0xC0, 0x00, 0x00, 0x03, 0xC0, 0x03, 0xC0,
    0x00, 0x00, 0x03, 0xC0, 0x07, 0xE0, 0x00, 0x00, 0x07, 0xE0, 0x0F, 0xF0, 0x00, 0x00, 0x0F, 0xF0, 0x0F, 0xF0, 0x00,
    0x00, 0x0F, 0xF0, 0x0F, 0xF0, 0x00, 0x00, 0x0F, 0xF0, 0x0F, 0xF0, 0x00, 0x00, 0x0F, 0xF0, 0x07, 0xE0, 0x00, 0x00,
    0x07, 0xE0, 0x03, 0xC0, 0x00, 0x00, 0x03, 0xC0, 0x03, 0xC0, 0x00, 0x00, 0x03, 0xC0, 0x07, 0xE0, 0x00, 0x00, 0x07,
    0xE0, 0x0F, 0xF0, 0x00, 0x00, 0x0F, 0xF0, 0x0F, 0xF0, 0x00, 0x00, 0x0F, 0xF0, 0x0F, 0xF0, 0x00, 0x00, 0x0F, 0xF0,
    0x0F, 0xF0, 0x00, 0x00, 0x0F, 0xF0, 0x07, 0xE0, 0x00, 0x00, 0x07, 0xE0, 0x03, 0xC0, 0x00, 0x00, 0x03, 0xC0, 0x03,
    0xC0, 0x03, 0xC0, 0x03, 0xC0, 0x07, 0xE0, 0x07, 0xE0, 0x07, 0xE0, 0x0F, 0xF0, 0x0F, 0xF0, 0x0F, 0xF0, 0x0F, 0xF0,
    0x0F, 0xF0, 0x0F, 0xF0, 0x0F, 0xF0, 0x0F, 0xF0, 0x0F, 0xF0, 0x0F, 0xF0, 0x0F, 0xF0, 0x0F, 0xF0, 0x07, 0xE0, 0x07,
    0xE0, 0x07, 0xE0, 0x03, 0xC0, 0x03, 0xC0, 0x03, 0xC0, 0x03, 0xC0, 0x03, 0xC0, 0x03, 0xC0, 0x07, 0xE0, 0x07, 0xE0,
    0x07, 0xE0, 0x0F, 0xF0, 0x0F, 0xF0, 0x0F, 0xF0, 0x0F, 0xF0, 0x0F, 0xF0, 0x0F, 0xF0, 0x0F, 0xF0, 0x0F, 0xF0, 0x0F,
    0xF0, 0x0F, 0xF0, 0x0F, 0xF0, 0x0F, 0xF0, 0x07, 0xE0, 0x07, 0xE0, 0x07, 0xE0, 0x03, 0xC0, 0x03, 0xC0, 0x03, 0xC0,
    0x03, 0xC0, 0x03, 0xC0, 0x03, 0xC0, 0x07, 0xE0, 0x07, 0xE0, 0x07, 0xE0, 0x0F, 0xF0, 0x0F, 0xF0, 0x0F, 0xF0, 0x0F,
    0xF0, 0x0F, 0xF0, 0x0F, 0xF0, 0x0F, 0xF0, 0x0F, 0xF0, 0x0F, 0xF0, 0x0F, 0xF0, 0x0F, 0xF0, 0x0F, 0xF0, 0x07, 0xE0,
    0x07, 0xE0, 0x07, 0xE0, 0x03, 0xC0, 0x03, 0xC0, 0x03, 0xC0, 0x00, 0x03, 0xC0, 0x03, 0xC0, 0x00, 0x00, 0x07, 0xE0,
    0x07, 0xE0, 0x00, 0x00, 0x0F, 0xF0, 0x0F, 0xF0, 0x00, 0x00, 0x0F, 0xF0, 0x0F, 0xF0, 0x00, 0x00, 0x0F, 0xF0, 0x0F,
    0xF0, 0x00, 0x00, 0x0F, 0xF0, 0x0F, 0xF0, 0x00, 0x00, 0x07, 0xE0, 0x07, 0xE0, 0x00, 0x00, 0x03, 0xC0, 0x03, 0xC0,
    0x00, 0x03, 0xC0, 0x00, 0x00, 0x03, 0xC0, 0x07, 0xE0, 0x00, 0x00, 0x07, 0xE0, 0x0F, 0xF0, 0x00, 0x00, 0x0F, 0xF0,
    0x0F, 0xF0, 0x00, 0x00, 0x0F, 0xF0, 0x0F, 0xF0, 0x00, 0x00, 0x0F, 0xF0, 0x0F, 0xF0, 0x00, 0x00, 0x0F, 0xF0, 0x07,
    0xE0, 0x00, 0x00, 0x07, 0xE0, 0x03, 0xC0, 0x00, 0x00, 0x03, 0xC0, 0x03, 0xC0, 0x00, 0x00, 0x03, 0xC0, 0x07, 0xE0,
    0x00, 0x00, 0x07, 0xE0, 0x0F, 0xF0, 0x00, 0x00, 0x0F, 0xF0, 0x0F, 0xF0, 0x00, 0x00, 0x0F, 0xF0, 0x0F, 0xF0, 0x00,
    0x00, 0x0F, 0xF0, 0x0F, 0xF0, 0x00, 0x00, 0x0F, 0xF0, 0x07, 0xE0, 0x00, 0x00, 0x07, 0xE0, 0x03, 0xC0, 0x00, 0x00,
    0x03, 0xC0, 0x00, 0x03, 0xC0, 0x03, 0xC0, 0x00, 0x00, 0x07, 0xE0, 0x07, 0xE0, 0x00, 0x00, 0x0F, 0xF0, 0x0F, 0xF0,
    0x00, 0x00, 0x0F, 0xF0, 0x0F, 0xF0, 0x00, 0x00, 0x0F, 0xF0, 0x0F, 0xF0, 0x00, 0x00, 0x0F, 0xF0, 0x0F, 0xF0, 0x00,
    0x00, 0x07, 0xE0, 0x07, 0xE0, 0x00, 0x00, 0x03, 0xC0, 0x03, 0xC0, 0x00, 0x00, 0x00, 0x03, 0xC0, 0x00, 0x00, 0x00,
    0x00, 0x07, 0xE0, 0x00, 0x00, 0x00, 0x00, 0x0F, 0xF0, 0x00, 0x00, 0x00, 0x00, 0x0F, 0xF0, 0x00, 0x00, 0x00, 0x00,
    0x0F, 0xF0, 0x00, 0x00, 0x00, 0x00, 0x0F, 0xF0, 0x00, 0x00, 0x00, 0x00, 0x07, 0xE0, 0x00, 0x00, 0x00, 0x00, 0x03,
    0xC0, 0x00, 0x00, 0x00, 0x03, 0xC0, 0x03, 0xC0, 0x00, 0x00, 0x07, 0xE0, 0x07, 0xE0, 0x00, 0x00, 0x0F, 0xF0, 0x0F,
    0xF0, 0x00, 0x00, 0x0F, 0xF0, 0x0F, 0xF0, 0x00, 0x00, 0x0F, 0xF0, 0x0F, 0xF0, 0x00, 0x00, 0x0F, 0xF0, 0x0F, 0xF0,
    0x00, 0x00, 0x07, 0xE0, 0x07, 0xE0, 0x00, 0x00, 0x03, 0xC0, 0x03, 0xC0, 0x00, 0x03, 0xC0, 0x00, 0x00, 0x03, 0xC0,
    0x07, 0xE0, 0x00, 0x00, 0x07, 0xE0, 0x0F, 0xF0, 0x00, 0x00, 0x0F, 0xF0, 0x0F, 0xF0, 0x00, 0x00, 0x0F, 0xF0, 0x0F,
    0xF0, 0x00, 0x00, 0x0F, 0xF0, 0x0F, 0xF0, 0x00, 0x00, 0x0F, 0xF0, 0x07, 0xE0, 0x00, 0x00, 0x07, 0xE0, 0x03, 0xC0,
    0x00, 0x00, 0x03, 0xC0, 0x03, 0xC0, 0x00, 0x00, 0x03, 0xC0, 0x07, 0xE0, 0x00, 0x00, 0x07, 0xE0, 0x0F, 0xF0, 0x00,
    0x00, 0x0F, 0xF0, 0x0F, 0xF0, 0x00, 0x00, 0x0F, 0xF0, 0x0F, 0xF0, 0x00, 0x00, 0x0F, 0xF0, 0x0F, 0xF0, 0x00, 0x00,
    0x0F, 0xF0, 0x07, 0xE0, 0x00, 0x00, 0x07, 0xE0, 0x03, 0xC0, 0x00, 0x00, 0x03, 0xC0, 0x03, 0xC0, 0x00, 0x00, 0x03,
    0xC0, 0x07, 0xE0, 0x00, 0x00, 0x07, 0xE0, 0x0F, 0xF0, 0x00, 0x00, 0x0F, 0xF0, 0x0F, 0xF0, 0x00, 0x00, 0x0F, 0xF0,
    0x0F, 0xF0, 0x00, 0x00, 0x0F, 0xF0, 0x0F, 0xF0, 0x00, 0x00, 0x0F, 0xF0, 0x07, 0xE0, 0x00, 0x00, 0x07, 0xE0, 0x03,
    0xC0, 0x00, 0x00, 0x03, 0xC0, 0x03, 0xC0, 0x00, 0x00, 0x03, 0xC0, 0x07, 0xE0, 0x00, 0x00, 0x07, 0xE0, 0x0F, 0xF0,
    0x00, 0x00, 0x0F, 0xF0, 0x0F, 0xF0, 0x00, 0x00, 0x0F, 0xF0, 0x0F, 0xF0, 0x00, 0x00, 0x0F, 0xF0, 0x0F, 0xF0, 0x00,
    0x00, 0x0F, 0xF0, 0x07, 0xE0, 0x00, 0x00, 0x07, 0xE0, 0x03, 0xC0, 0x00, 0x00, 0x03, 0xC0, 0x00, 0x03, 0xC0, 0x03,
    0xC0, 0x00, 0x00, 0x07, 0xE0, 0x07, 0xE0, 0x00, 0x00, 0x0F, 0xF0, 0x0F, 0xF0, 0x00, 0x00, 0x0F, 0xF0, 0x0F, 0xF0,
    0x00, 0x00, 0x0F, 0xF0, 0x0F, 0xF0, 0x00, 0x00, 0x0F, 0xF0, 0x0F, 0xF0, 0x00, 0x00, 0x07, 0xE0, 0x07, 0xE0, 0x00,
    0x00, 0x03, 0xC0, 0x03, 0xC0, 0x00, 0x00, 0x00, 0x03, 0xC0, 0x00, 0x00, 0x00, 0x00, 0x07, 0xE0, 0x00, 0x00, 0x00,
    0x00, 0x0F, 0xF0, 0x00, 0x00, 0x00, 0x00, 0x0F, 0xF0, 0x00, 0x00, 0x00, 0x00, 0x0F, 0xF0, 0x00, 0x00, 0x00, 0x00,
    0x0F, 0xF0, 0x00, 0x00, 0x00, 0x00, 0x07, 0xE0, 0x00, 0x00, 0x00, 0x00, 0x03, 0xC0, 0x00, 0x00, 0x00, 0x00, 0x03,
    0xC0, 0x00, 0x00, 0x00, 0x00, 0x07, 0xE0, 0x00, 0x00, 0x00, 0x00, 0x0F, 0xF0, 0x00, 0x00, 0x00, 0x00, 0x0F, 0xF0,
    0x00, 0x00, 0x00, 0x00, 0x0F, 0xF0, 0x00, 0x00, 0x00, 0x00, 0x0F, 0xF0, 0x00, 0x00, 0x00, 0x00, 0x07, 0xE0, 0x00,
    0x00, 0x00, 0x00, 0x03, 0xC0, 0x00, 0x00, 0x00, 0x00, 0x03, 0xC0, 0x00, 0x00, 0x00, 0x00, 0x07, 0xE0, 0x00, 0x00,
    0x00, 0x00, 0x0F, 0xF0, 0x00, 0x00, 0x00, 0x00, 0x0F, 0xF0, 0x00, 0x00, 0x00, 0x00, 0x0F, 0xF0, 0x00, 0x00, 0x00,
    0x00, 0x0F, 0xF0, 0x00, 0x00, 0x00, 0x00, 0x07, 0xE0, 0x00, 0x00, 0x00, 0x00, 0x03, 0xC0, 0x00, 0x00, 0x00, 0x00,
    0x03, 0xC0, 0x00, 0x00, 0x00, 0x00, 0x07, 0xE0, 0x00, 0x00, 0x00, 0x00, 0x0F, 0xF0, 0x00, 0x00, 0x00, 0x00, 0x0F,
    0xF0, 0x00, 0x00, 0x00, 0x00, 0x0F, 0xF0, 0x00, 0x00, 0x00, 0x00, 0x0F, 0xF0, 0x00, 0x00, 0x00, 0x00, 0x07, 0xE0,
    0x00, 0x00, 0x00, 0x00, 0x03, 0xC0, 0x00, 0x00, 0x03, 0xC3, 0xC3, 0xC3, 0xC3, 0xC0, 0x07, 0xE7, 0xE7, 0xE7, 0xE7,
    0xE0, 0x0F, 0xFF, 0xFF, 0xFF, 0xFF, 0xF0, 0x0F, 0xFF, 0xFF, 0xFF, 0xFF, 0xF0, 0x0F, 0xFF, 0xFF, 0xFF, 0xFF, 0xF0,
    0x0F, 0xFF, 0xFF, 0xFF, 0xFF, 0xF0, 0x07, 0xE7, 0xE7, 0xE7, 0xE7, 0xE0, 0x03, 0xC3, 0xC3, 0xC3, 0xC3, 0xC0, 0x00,
    0x00, 0x00, 0x00, 0x03, 0xC0, 0x00, 0x00, 0x00, 0x00, 0x07, 0xE0, 0x00, 0x00, 0x00, 0x00, 0x0F, 0xF0, 0x00, 0x00,
    0x00, 0x00, 0x0F, 0xF0, 0x00, 0x00, 0x00, 0x00, 0x0F, 0xF0, 0x00, 0x00, 0x00, 0x00, 0x0F, 0xF0, 0x00, 0x00, 0x00,
    0x00, 0x07, 0xE0, 0x00, 0x00, 0x00, 0x00, 0x03, 0xC0, 0x00, 0x00, 0x00, 0x03, 0xC0, 0x00, 0x00, 0x00, 0x00, 0x07,
    0xE0, 0x00, 0x00, 0x00, 0x00, 0x0F, 0xF0, 0x00, 0x00, 0x00, 0x00, 0x0F, 0xF0, 0x00, 0x00, 0x00, 0x00, 0x0F, 0xF0,
    0x00, 0x00, 0x00, 0x00, 0x0F, 0xF0, 0x00, 0x00, 0x00, 0x00, 0x07, 0xE0, 0x00, 0x00, 0x00, 0x00, 0x03, 0xC0, 0x00,
    0x00, 0x00, 0x03, 0xC0, 0x00, 0x00, 0x00, 0x00, 0x07, 0xE0, 0x00, 0x00, 0x00, 0x00, 0x0F, 0xF0, 0x00, 0x00, 0x00,
    0x00, 0x0F, 0xF0, 0x00, 0x00, 0x00, 0x00, 0x0F, 0xF0, 0x00, 0x00, 0x00, 0x00, 0x0F, 0xF0, 0x00, 0x00, 0x00, 0x00,
    0x07, 0xE0, 0x00, 0x00, 0x00, 0x00, 0x03, 0xC0, 0x00, 0x00, 0x00, 0x03, 0xC0, 0x00, 0x00, 0x00, 0x00, 0x07, 0xE0,
    0x00, 0x00, 0x00, 0x00, 0x0F, 0xF0, 0x00, 0x00, 0x00, 0x00, 0x0F, 0xF0, 0x00, 0x00, 0x00, 0x00, 0x0F, 0xF0, 0x00,
    0x00, 0x00, 0x00, 0x0F, 0xF0, 0x00, 0x00, 0x00, 0x00, 0x07, 0xE0, 0x00, 0x00, 0x00, 0x00, 0x03, 0xC0, 0x00, 0x00,
    0x00, 0x03, 0xC0, 0x00, 0x00, 0x00, 0x00, 0x07, 0xE0, 0x00, 0x00, 0x00, 0x00, 0x0F, 0xF0, 0x00, 0x00, 0x00, 0x00,
    0x0F, 0xF0, 0x00, 0x00, 0x00, 0x00, 0x0F, 0xF0, 0x00, 0x00, 0x00, 0x00, 0x0F, 0xF0, 0x00, 0x00, 0x00, 0x00, 0x07,
    0xE0, 0x00, 0x00, 0x00, 0x00, 0x03, 0xC0, 0x00, 0x00, 0x00, 0x00, 0x03, 0xC3, 0xC3, 0xC3, 0xC3, 0xC0, 0x07, 0xE7,
    0xE7, 0xE7, 0xE7, 0xE0, 0x0F, 0xFF, 0xFF, 0xFF, 0xFF, 0xF0, 0x0F, 0xFF, 0xFF, 0xFF, 0xFF, 0xF0, 0x0F, 0xFF, 0xFF,
    0xFF, 0xFF, 0xF0, 0x0F, 0xFF, 0xFF, 0xFF, 0xFF, 0xF0, 0x07, 0xE7, 0xE7, 0xE7, 0xE7, 0xE0, 0x03, 0xC3, 0xC3, 0xC3,
    0xC3, 0xC0, 0x03, 0xC3, 0xC3, 0xC0, 0x07, 0xE7, 0xE7, 0xE0, 0x0F, 0xFF, 0xFF, 0xF0, 0x0F, 0xFF, 0xFF, 0xF0, 0x0F,
    0xFF, 0xFF, 0xF0, 0x0F, 0xFF, 0xFF, 0xF0, 0x07, 0xE7, 0xE7, 0xE0, 0x03, 0xC3, 0xC3, 0xC0, 0x03, 0xC0, 0x00, 0x00,
    0x07, 0xE0, 0x00, 0x00, 0x0F, 0xF0, 0x00, 0x00, 0x0F, 0xF0, 0x00, 0x00, 0x0F, 0xF0, 0x00, 0x00, 0x0F, 0xF0, 0x00,
    0x00, 0x07, 0xE0, 0x00, 0x00, 0x03, 0xC0, 0x00, 0x00, 0x03, 0xC0, 0x00, 0x00, 0x07, 0xE0, 0x00, 0x00, 0x0F, 0xF0,
    0x00, 0x00, 0x0F, 0xF0, 0x00, 0x00, 0x0F, 0xF0, 0x00, 0x00, 0x0F, 0xF0, 0x00, 0x00, 0x07, 0xE0, 0x00, 0x00, 0x03,
    0xC0, 0x00, 0x00, 0x03, 0xC0, 0x00, 0x00, 0x07, 0xE0, 0x00, 0x00, 0x0F, 0xF0, 0x00, 0x00, 0x0F, 0xF0, 0x00, 0x00,
    0x0F, 0xF0, 0x00, 0x00, 0x0F, 0xF0, 0x00, 0x00, 0x07, 0xE0, 0x00, 0x00, 0x03, 0xC0, 0x00, 0x00, 0x03, 0xC0, 0x00,
    0x00, 0x07, 0xE0, 0x00, 0x00, 0x0F, 0xF0, 0x00, 0x00, 0x0F, 0xF0, 0x00, 0x00, 0x0F, 0xF0, 0x00, 0x00, 0x0F, 0xF0,
    0x00, 0x00, 0x07, 0xE0, 0x00, 0x00, 0x03, 0xC0, 0x00, 0x00, 0x03, 0xC0, 0x00, 0x00, 0x07, 0xE0, 0x00, 0x00, 0x0F,
    0xF0, 0x00, 0x00, 0x0F, 0xF0, 0x00, 0x00, 0x0F, 0xF0, 0x00, 0x00, 0x0F, 0xF0, 0x00, 0x00, 0x07, 0xE0, 0x00, 0x00,
    0x03, 0xC0, 0x00, 0x00, 0x03, 0xC3, 0xC3, 0xC0, 0x07, 0xE7, 0xE7, 0xE0, 0x0F, 0xFF, 0xFF, 0xF0, 0x0F, 0xFF, 0xFF,
    0xF0, 0x0F, 0xFF, 0xFF, 0xF0, 0x0F, 0xFF, 0xFF, 0xF0, 0x07, 0xE7, 0xE7, 0xE0, 0x03, 0xC3, 0xC3, 0xC0, 0x03, 0xC0,
    0x00, 0x00, 0x00, 0x00, 0x07, 0xE0, 0x00, 0x00, 0x00, 0x00, 0x0F, 0xF0, 0x00, 0x00, 0x00, 0x00, 0x0F, 0xF0, 0x00,
    0x00, 0x00, 0x00, 0x0F, 0xF0, 0x00, 0x00, 0x00, 0x00, 0x0F, 0xF0, 0x00, 0x00, 0x00, 0x00, 0x07, 0xE0, 0x00, 0x00,
    0x00, 0x00, 0x03, 0xC0, 0x00, 0x00, 0x00, 0x00, 0x00, 0x03, 0xC0, 0x00, 0x00, 0x00, 0x00, 0x07, 0xE0, 0x00, 0x00,
    0x00, 0x00, 0x0F, 0xF0, 0x00, 0x00, 0x00, 0x00, 0x0F, 0xF0, 0x00, 0x00, 0x00, 0x00, 0x0F, 0xF0, 0x00, 0x00, 0x00,
    0x00, 0x0F, 0xF0, 0x00, 0x00, 0x00, 0x00, 0x07, 0xE0, 0x00, 0x00, 0x00, 0x00, 0x03, 0xC0, 0x00, 0x00, 0x00, 0x00,
    0x00, 0x03, 0xC0, 0x00, 0x00, 0x00, 0x00, 0x07, 0xE0, 0x00, 0x00, 0x00, 0x00, 0x0F, 0xF0, 0x00, 0x00, 0x00, 0x00,
    0x0F, 0xF0, 0x00, 0x00, 0x00, 0x00, 0x0F, 0xF0, 0x00, 0x00, 0x00, 0x00, 0x0F, 0xF0, 0x00, 0x00, 0x00, 0x00, 0x07,
    0xE0, 0x00, 0x00, 0x00, 0x00, 0x03, 0xC0, 0x00, 0x00, 0x00, 0x00, 0x00, 0x03, 0xC0, 0x00, 0x00, 0x00, 0x00, 0x07,
    0xE0, 0x00, 0x00, 0x00, 0x00, 0x0F, 0xF0, 0x00, 0x00, 0x00, 0x00, 0x0F, 0xF0, 0x00, 0x00, 0x00, 0x00, 0x0F, 0xF0,
    0x00, 0x00, 0x00, 0x00, 0x0F, 0xF0, 0x00, 0x00, 0x00, 0x00, 0x07, 0xE0, 0x00, 0x00, 0x00, 0x00, 0x03, 0xC0, 0x00,
    0x00, 0x00, 0x00, 0x00, 0x03, 0xC0, 0x00, 0x00, 0x00, 0x00, 0x07, 0xE0, 0x00, 0x00, 0x00, 0x00, 0x0F, 0xF0, 0x00,
    0x00, 0x00, 0x00, 0x0F, 0xF0, 0x00, 0x00, 0x00, 0x00, 0x0F, 0xF0, 0x00, 0x00, 0x00, 0x00, 0x0F, 0xF0, 0x00, 0x00,
    0x00, 0x00, 0x07, 0xE0, 0x00, 0x00, 0x00, 0x00, 0x03, 0xC0, 0x00, 0x00, 0x00, 0x00, 0x00, 0x00, 0x00, 0x00, 0x00,
    0x00, 0x00, 0x00, 0x00, 0x00, 0x00, 0x00, 0x00, 0x00, 0x00, 0x00, 0x00, 0x00, 0x00, 0x00, 0x00, 0x00, 0x00, 0x00,
    0x00, 0x00, 0x00, 0x00, 0x00, 0x00, 0x00, 0x00, 0x00, 0x00, 0x00, 0x00, 0x00, 0x00, 0x00, 0x00, 0x00, 0x00, 0x00,
    0x00, 0x03, 0xC3, 0xC3, 0xC0, 0x07, 0xE7, 0xE7, 0xE0, 0x0F, 0xFF, 0xFF, 0xF0, 0x0F, 0xFF, 0xFF, 0xF0, 0x0F, 0xFF,
    0xFF, 0xF0, 0x0F, 0xFF, 0xFF, 0xF0, 0x07, 0xE7, 0xE7, 0xE0, 0x03, 0xC3, 0xC3, 0xC0, 0x00, 0x00, 0x03, 0xC0, 0x00,
    0x00, 0x07, 0xE0, 0x00, 0x00, 0x0F, 0xF0, 0x00, 0x00, 0x0F, 0xF0, 0x00, 0x00, 0x0F, 0xF0, 0x00, 0x00, 0x0F, 0xF0,
    0x00, 0x00, 0x07, 0xE0, 0x00, 0x00, 0x03, 0xC0, 0x00, 0x00, 0x03, 0xC0, 0x00, 0x00, 0x07, 0xE0, 0x00, 0x00, 0x0F,
    0xF0, 0x00, 0x00, 0x0F, 0xF0, 0x00, 0x00, 0x0F, 0xF0, 0x00, 0x00, 0x0F, 0xF0, 0x00, 0x00, 0x07, 0xE0, 0x00, 0x00,
    0x03, 0xC0, 0x00, 0x00, 0x03, 0xC0, 0x00, 0x00, 0x07, 0xE0, 0x00, 0x00, 0x0F, 0xF0, 0x00, 0x00, 0x0F, 0xF0, 0x00,
    0x00, 0x0F, 0xF0, 0x00, 0x00, 0x0F, 0xF0, 0x00, 0x00, 0x07, 0xE0, 0x00, 0x00, 0x03, 0xC0, 0x00, 0x00, 0x03, 0xC0,
    0x00, 0x00, 0x07, 0xE0, 0x00, 0x00, 0x0F, 0xF0, 0x00, 0x00, 0x0F, 0xF0, 0x00, 0x00, 0x0F, 0xF0, 0x00, 0x00, 0x0F,
    0xF0, 0x00, 0x00, 0x07, 0xE0, 0x00, 0x00, 0x03, 0xC0, 0x00, 0x00, 0x03, 0xC0, 0x00, 0x00, 0x07, 0xE0, 0x00, 0x00,
    0x0F, 0xF0, 0x00, 0x00, 0x0F, 0xF0, 0x00, 0x00, 0x0F, 0xF0, 0x00, 0x00, 0x0F, 0xF0, 0x00, 0x00, 0x07, 0xE0, 0x00,
    0x00, 0x03, 0xC0, 0x03, 0xC3, 0xC3, 0xC0, 0x07, 0xE7, 0xE7, 0xE0, 0x0F, 0xFF, 0xFF, 0xF0, 0x0F, 0xFF, 0xFF, 0xF0,
    0x0F, 0xFF, 0xFF, 0xF0, 0x0F, 0xFF, 0xFF, 0xF0, 0x07, 0xE7, 0xE7, 0xE0, 0x03, 0xC3, 0xC3, 0xC0, 0x00, 0x00, 0x03,
    0xC0, 0x00, 0x00, 0x00, 0x00, 0x07, 0xE0, 0x00, 0x00, 0x00, 0x00, 0x0F, 0xF0, 0x00, 0x00, 0x00, 0x00, 0x0F, 0xF0,
    0x00, 0x00, 0x00, 0x00, 0x0F, 0xF0, 0x00, 0x00, 0x00, 0x00, 0x0F, 0xF0, 0x00, 0x00, 0x00, 0x00, 0x07, 0xE0, 0x00,
    0x00, 0x00, 0x00, 0x03, 0xC0, 0x00, 0x00, 0x00, 0x03, 0xC0, 0x03, 0xC0, 0x00, 0x00, 0x07, 0xE0, 0x07, 0xE0, 0x00,
    0x00, 0x0F, 0xF0, 0x0F, 0xF0, 0x00, 0x00, 0x0F, 0xF0, 0x0F, 0xF0, 0x00, 0x00, 0x0F, 0xF0, 0x0F, 0xF0, 0x00, 0x00,
    0x0F, 0xF0, 0x0F, 0xF0, 0x00, 0x00, 0x07, 0xE0, 0x07, 0xE0, 0x00, 0x00, 0x03, 0xC0, 0x03, 0xC0, 0x00, 0x03, 0xC0,
    0x00, 0x00, 0x03, 0xC0, 0x07, 0xE0, 0x00, 0x00, 0x07, 0xE0, 0x0F, 0xF0, 0x00, 0x00, 0x0F, 0xF0, 0x0F, 0xF0, 0x00,
    0x00, 0x0F, 0xF0, 0x0F, 0xF0, 0x00, 0x00, 0x0F, 0xF0, 0x0F, 0xF0, 0x00, 0x00, 0x0F, 0xF0, 0x07, 0xE0, 0x00, 0x00,
    0x07, 0xE0, 0x03, 0xC0, 0x00, 0x00, 0x03, 0xC0, 0x00, 0x00, 0x00, 0x00, 0x00, 0x00, 0x00, 0x00, 0x00, 0x00, 0x00,
    0x00, 0x00, 0x00, 0x00, 0x00, 0x00, 0x00, 0x00, 0x00, 0x00, 0x00, 0x00, 0x00, 0x00, 0x00, 0x00, 0x00, 0x00, 0x00,
    0x00, 0x00, 0x00, 0x00, 0x00, 0x00, 0x00, 0x00, 0x00, 0x00, 0x00, 0x00, 0x00, 0x00, 0x00, 0x00, 0x00, 0x00, 0x00,
    0x00, 0x00, 0x00, 0x00, 0x00, 0x00, 0x00, 0x00, 0x00, 0x00, 0x00, 0x00, 0x00, 0x00, 0x00, 0x00, 0x00, 0x00, 0x00,
    0x00, 0x00, 0x00, 0x00, 0x00, 0x00, 0x00, 0x00, 0x00, 0x00, 0x00, 0x00, 0x00, 0x00, 0x00, 0x00, 0x00, 0x00, 0x00,
    0x00, 0x00, 0x00, 0x00, 0x00, 0x00, 0x00, 0x00, 0x00, 0x00, 0x00, 0x00, 0x00, 0x00, 0x00, 0x00, 0x00, 0x00, 0x00,
    0x00, 0x00, 0x00, 0x00, 0x00, 0x00, 0x00, 0x00, 0x00, 0x00, 0x00, 0x00, 0x00, 0x00, 0x00, 0x00, 0x00, 0x00, 0x00,
    0x00, 0x00, 0x00, 0x00, 0x00, 0x00, 0x00, 0x00, 0x00, 0x00, 0x00, 0x00, 0x00, 0x00, 0x00, 0x00, 0x00, 0x00, 0x00,
    0x00, 0x00, 0x00, 0x00, 0x00, 0x00, 0x00, 0x00, 0x00, 0x00, 0x00, 0x00, 0x00, 0x00, 0x00, 0x00, 0x00, 0x00, 0x00,
    0x00, 0x00, 0x00, 0x00, 0x00, 0x00, 0x00, 0x00, 0x00, 0x00, 0x00, 0x00, 0x00, 0x00, 0x00, 0x00, 0x00, 0x00, 0x00,
    0x00, 0x00, 0x00, 0x00, 0x00, 0x00, 0x00, 0x00, 0x00, 0x00, 0x03, 0xC3, 0xC3, 0xC3, 0xC3, 0xC0, 0x07, 0xE7, 0xE7,
    0xE7, 0xE7, 0xE0, 0x0F, 0xFF, 0xFF, 0xFF, 0xFF, 0xF0, 0x0F, 0xFF, 0xFF, 0xFF, 0xFF, 0xF0, 0x0F, 0xFF, 0xFF, 0xFF,
    0xFF, 0xF0, 0x0F, 0xFF, 0xFF, 0xFF, 0xFF, 0xF0, 0x07, 0xE7, 0xE7, 0xE7, 0xE7, 0xE0, 0x03, 0xC3, 0xC3, 0xC3, 0xC3,
    0xC0, 0x03, 0xC0, 0x00, 0x07, 0xE0, 0x00, 0x0F, 0xF0, 0x00, 0x0F, 0xF0, 0x00, 0x0F, 0xF0, 0x00, 0x0F, 0xF0, 0x00,
    0x07, 0xE0, 0x00, 0x03, 0xC0, 0x00, 0x00, 0x03, 0xC0, 0x00, 0x07, 0xE0, 0x00, 0x0F, 0xF0, 0x00, 0x0F, 0xF0, 0x00,
    0x0F, 0xF0, 0x00, 0x0F, 0xF0, 0x00, 0x07, 0xE0, 0x00, 0x03, 0xC0, 0x00, 0x00, 0x00, 0x00, 0x00, 0x00, 0x00, 0x00,
    0x00, 0x00, 0x00, 0x00, 0x00, 0x00, 0x00, 0x00, 0x00, 0x00, 0x00, 0x00, 0x00, 0x00, 0x00, 0x00, 0x00, 0x00, 0x00,
    0x00, 0x00, 0x00, 0x00, 0x00, 0x00, 0x00, 0x00, 0x00, 0x00, 0x00, 0x00, 0x00, 0x00, 0x00, 0x00, 0x00, 0x00, 0x00,
    0x00, 0x00, 0x00, 0x00, 0x00, 0x00, 0x00, 0x00, 0x00, 0x00, 0x00, 0x00, 0x00, 0x00, 0x00, 0x00, 0x00, 0x00, 0x00,
    0x00, 0x00, 0x00, 0x00, 0x00, 0x00, 0x00, 0x00, 0x00, 0x00, 0x00, 0x00, 0x00, 0x00, 0x00, 0x00, 0x00, 0x00, 0x00,
    0x00, 0x00, 0x00, 0x00, 0x00, 0x00, 0x00, 0x00, 0x00, 0x00, 0x00, 0x00, 0x00, 0x00, 0x00, 0x00, 0x00, 0x00, 0x00,
    0x00, 0x00, 0x00, 0x00, 0x00, 0x00, 0x00, 0x00, 0x00, 0x00, 0x00, 0x00, 0x00, 0x00, 0x00, 0x00, 0x00, 0x00, 0x00,
    0x00, 0x00, 0x00, 0x00, 0x00, 0x00, 0x00, 0x00, 0x00, 0x00, 0x00, 0x00, 0x00, 0x00, 0x00, 0x00, 0x00, 0x00, 0x00,
    0x00, 0x00, 0x00, 0x00, 0x00, 0x03, 0xC0, 0x00, 0x00, 0x00, 0x00, 0x07, 0xE0, 0x00, 0x00, 0x00, 0x00, 0x0F, 0xF0,
    0x00, 0x00, 0x00, 0x00, 0x0F, 0xF0, 0x00, 0x00, 0x00, 0x00, 0x0F, 0xF0, 0x00, 0x00, 0x00, 0x00, 0x0F, 0xF0, 0x00,
    0x00, 0x00, 0x00, 0x07, 0xE0, 0x00, 0x00, 0x00, 0x00, 0x03, 0xC0, 0x00, 0x00, 0x00, 0x03, 0xC0, 0x03, 0xC0, 0x00,
    0x00, 0x07, 0xE0, 0x07, 0xE0, 0x00, 0x00, 0x0F, 0xF0, 0x0F, 0xF0, 0x00, 0x00, 0x0F, 0xF0, 0x0F, 0xF0, 0x00, 0x00,
    0x0F, 0xF0, 0x0F, 0xF0, 0x00, 0x00, 0x0F, 0xF0, 0x0F, 0xF0, 0x00, 0x00, 0x07, 0xE0, 0x07, 0xE0, 0x00, 0x00, 0x03,
    0xC0, 0x03, 0xC0, 0x00, 0x03, 0xC0, 0x00, 0x00, 0x03, 0xC0, 0x07, 0xE0, 0x00, 0x00, 0x07, 0xE0, 0x0F, 0xF0, 0x00,
    0x00, 0x0F, 0xF0, 0x0F, 0xF0, 0x00, 0x00, 0x0F, 0xF0, 0x0F, 0xF0, 0x00, 0x00, 0x0F, 0xF0, 0x0F, 0xF0, 0x00, 0x00,
    0x0F, 0xF0, 0x07, 0xE0, 0x00, 0x00, 0x07, 0xE0, 0x03, 0xC0, 0x00, 0x00, 0x03, 0xC0, 0x03, 0xC0, 0x00, 0x00, 0x03,
    0xC0, 0x07, 0xE0, 0x00, 0x00, 0x07, 0xE0, 0x0F, 0xF0, 0x00, 0x00, 0x0F, 0xF0, 0x0F, 0xF0, 0x00, 0x00, 0x0F, 0xF0,
    0x0F, 0xF0, 0x00, 0x00, 0x0F, 0xF0, 0x0F, 0xF0, 0x00, 0x00, 0x0F, 0xF0, 0x07, 0xE0, 0x00, 0x00, 0x07, 0xE0, 0x03,
    0xC0, 0x00, 0x00, 0x03, 0xC0, 0x03, 0xC3, 0xC3, 0xC3, 0xC3, 0xC0, 0x07, 0xE7, 0xE7, 0xE7, 0xE7, 0xE0, 0x0F, 0xFF,
    0xFF, 0xFF, 0xFF, 0xF0, 0x0F, 0xFF, 0xFF, 0xFF, 0xFF, 0xF0, 0x0F, 0xFF, 0xFF, 0xFF, 0xFF, 0xF0, 0x0F, 0xFF, 0xFF,
    0xFF, 0xFF, 0xF0, 0x07, 0xE7, 0xE7, 0xE7, 0xE7, 0xE0, 0x03, 0xC3, 0xC3, 0xC3, 0xC3, 0xC0, 0x03, 0xC0, 0x00, 0x00,
    0x03, 0xC0, 0x07, 0xE0, 0x00, 0x00, 0x07, 0xE0, 0x0F, 0xF0, 0x00, 0x00, 0x0F, 0xF0, 0x0F, 0xF0, 0x00, 0x00, 0x0F,
    0xF0, 0x0F, 0xF0, 0x00, 0x00, 0x0F, 0xF0, 0x0F, 0xF0, 0x00, 0x00, 0x0F, 0xF0, 0x07, 0xE0, 0x00, 0x00, 0x07, 0xE0,
    0x03, 0xC0, 0x00, 0x00, 0x03, 0xC0, 0x03, 0xC0, 0x00, 0x00, 0x03, 0xC0, 0x07, 0xE0, 0x00, 0x00, 0x07, 0xE0, 0x0F,
    0xF0, 0x00, 0x00, 0x0F, 0xF0, 0x0F, 0xF0, 0x00, 0x00, 0x0F, 0xF0, 0x0F, 0xF0, 0x00, 0x00, 0x0F, 0xF0, 0x0F, 0xF0,
    0x00, 0x00, 0x0F, 0xF0, 0x07, 0xE0, 0x00, 0x00, 0x07, 0xE0, 0x03, 0xC0, 0x00, 0x00, 0x03, 0xC0, 0x03, 0xC3, 0xC3,
    0xC3, 0xC0, 0x00, 0x07, 0xE7, 0xE7, 0xE7, 0xE0, 0x00, 0x0F, 0xFF, 0xFF, 0xFF, 0xF0, 0x00, 0x0F, 0xFF, 0xFF, 0xFF,
    0xF0, 0x00, 0x0F, 0xFF, 0xFF, 0xFF, 0xF0, 0x00, 0x0F, 0xFF, 0xFF, 0xFF, 0xF0, 0x00, 0x07, 0xE7, 0xE7, 0xE7, 0xE0,
    0x00, 0x03, 0xC3, 0xC3, 0xC3, 0xC0, 0x00, 0x03, 0xC0, 0x00, 0x00, 0x03, 0xC0, 0x07, 0xE0, 0x00, 0x00, 0x07, 0xE0,
    0x0F, 0xF0, 0x00, 0x00, 0x0F, 0xF0, 0x0F, 0xF0, 0x00, 0x00, 0x0F, 0xF0, 0x0F, 0xF0, 0x00, 0x00, 0x0F, 0xF0, 0x0F,
    0xF0, 0x00, 0x00, 0x0F, 0xF0, 0x07, 0xE0, 0x00, 0x00, 0x07, 0xE0, 0x03, 0xC0, 0x00, 0x00, 0x03, 0xC0, 0x03, 0xC0,
    0x00, 0x00, 0x03, 0xC0, 0x07, 0xE0, 0x00, 0x00, 0x07, 0xE0, 0x0F, 0xF0, 0x00, 0x00, 0x0F, 0xF0, 0x0F, 0xF0, 0x00,
    0x00, 0x0F, 0xF0, 0x0F, 0xF0, 0x00, 0x00, 0x0F, 0xF0, 0x0F, 0xF0, 0x00, 0x00, 0x0F, 0xF0, 0x07, 0xE0, 0x00, 0x00,
    0x07, 0xE0, 0x03, 0xC0, 0x00, 0x00, 0x03, 0xC0, 0x03, 0xC3, 0xC3, 0xC3, 0xC0, 0x00, 0x07, 0xE7, 0xE7, 0xE7, 0xE0,
    0x00, 0x0F, 0xFF, 0xFF, 0xFF, 0xF0, 0x00, 0x0F, 0xFF, 0xFF, 0xFF, 0xF0, 0x00, 0x0F, 0xFF, 0xFF, 0xFF, 0xF0, 0x00,
    0x0F, 0xFF, 0xFF, 0xFF, 0xF0, 0x00, 0x07, 0xE7, 0xE7, 0xE7, 0xE0, 0x00, 0x03, 0xC3, 0xC3, 0xC3, 0xC0, 0x00, 0x03,
    0xC0, 0x00, 0x00, 0x03, 0xC0, 0x07, 0xE0, 0x00, 0x00, 0x07, 0xE0, 0x0F, 0xF0, 0x00, 0x00, 0x0F, 0xF0, 0x0F, 0xF0,
    0x00, 0x00, 0x0F, 0xF0, 0x0F, 0xF0, 0x00, 0x00, 0x0F, 0xF0, 0x0F, 0xF0, 0x00, 0x00, 0x0F, 0xF0, 0x07, 0xE0, 0x00,
    0x00, 0x07, 0xE0, 0x03, 0xC0, 0x00, 0x00, 0x03, 0xC0, 0x03, 0xC0, 0x00, 0x00, 0x03, 0xC0, 0x07, 0xE0, 0x00, 0x00,
    0x07, 0xE0, 0x0F, 0xF0, 0x00, 0x00, 0x0F, 0xF0, 0x0F, 0xF0, 0x00, 0x00, 0x0F, 0xF0, 0x0F, 0xF0, 0x00, 0x00, 0x0F,
    0xF0, 0x0F, 0xF0, 0x00, 0x00, 0x0F, 0xF0, 0x07, 0xE0, 0x00, 0x00, 0x07, 0xE0, 0x03, 0xC0, 0x00, 0x00, 0x03, 0xC0,
    0x03, 0xC3, 0xC3, 0xC3, 0xC0, 0x00, 0x07, 0xE7, 0xE7, 0xE7, 0xE0, 0x00, 0x0F, 0xFF, 0xFF, 0xFF, 0xF0, 0x00, 0x0F,
    0xFF, 0xFF, 0xFF, 0xF0, 0x00, 0x0F, 0xFF, 0xFF, 0xFF, 0xF0, 0x00, 0x0F, 0xFF, 0xFF, 0xFF, 0xF0, 0x00, 0x07, 0xE7,
    0xE7, 0xE7, 0xE0, 0x00, 0x03, 0xC3, 0xC3, 0xC3, 0xC0, 0x00, 0x00, 0x03, 0xC3, 0xC3, 0xC0, 0x00, 0x00, 0x07, 0xE7,
    0xE7, 0xE0, 0x00, 0x00, 0x0F, 0xFF, 0xFF, 0xF0, 0x00, 0x00, 0x0F, 0xFF, 0xFF, 0xF0, 0x00, 0x00, 0x0F, 0xFF, 0xFF,
    0xF0, 0x00, 0x00, 0x0F, 0xFF, 0xFF, 0xF0, 0x00, 0x00, 0x07, 0xE7, 0xE7, 0xE0, 0x00, 0x00, 0x03, 0xC3, 0xC3, 0xC0,
    0x00, 0x03, 0xC0, 0x00, 0x00, 0x03, 0xC0, 0x07, 0xE0, 0x00, 0x00, 0x07, 0xE0, 0x0F, 0xF0, 0x00, 0x00, 0x0F, 0xF0,
    0x0F, 0xF0, 0x00, 0x00, 0x0F, 0xF0, 0x0F, 0xF0, 0x00, 0x00, 0x0F, 0xF0, 0x0F, 0xF0, 0x00, 0x00, 0x0F, 0xF0, 0x07,
    0xE0, 0x00, 0x00, 0x07, 0xE0, 0x03, 0xC0, 0x00, 0x00, 0x03, 0xC0, 0x03, 0xC0, 0x00, 0x00, 0x00, 0x00, 0x07, 0xE0,
    0x00, 0x00, 0x00, 0x00, 0x0F, 0xF0, 0x00, 0x00, 0x00, 0x00, 0x0F, 0xF0, 0x00, 0x00, 0x00, 0x00, 0x0F, 0xF0, 0x00,
    0x00, 0x00, 0x00, 0x0F, 0xF0, 0x00, 0x00, 0x00, 0x00, 0x07, 0xE0, 0x00, 0x00, 0x00, 0x00, 0x03, 0xC0, 0x00, 0x00,
    0x00, 0x00, 0x03, 0xC0, 0x00, 0x00, 0x00, 0x00, 0x07, 0xE0, 0x00, 0x00, 0x00, 0x00, 0x0F, 0xF0, 0x00, 0x00, 0x00,
    0x00, 0x0F, 0xF0, 0x00, 0x00, 0x00, 0x00, 0x0F, 0xF0, 0x00, 0x00, 0x00, 0x00, 0x0F, 0xF0, 0x00, 0x00, 0x00, 0x00,
    0x07, 0xE0, 0x00, 0x00, 0x00, 0x00, 0x03, 0xC0, 0x00, 0x00, 0x00, 0x00, 0x03, 0xC0, 0x00, 0x00, 0x00, 0x00, 0x07,
    0xE0, 0x00, 0x00, 0x00, 0x00, 0x0F, 0xF0, 0x00, 0x00, 0x00, 0x00, 0x0F, 0xF0, 0x00, 0x00, 0x00, 0x00, 0x0F, 0xF0,
    0x00, 0x00, 0x00, 0x00, 0x0F, 0xF0, 0x00, 0x00, 0x00, 0x00, 0x07, 0xE0, 0x00, 0x00, 0x00, 0x00, 0x03, 0xC0, 0x00,
    0x00, 0x00, 0x00, 0x03, 0xC0, 0x00, 0x00, 0x03, 0xC0, 0x07, 0xE0, 0x00, 0x00, 0x07, 0xE0, 0x0F, 0xF0, 0x00, 0x00,
    0x0F, 0xF0, 0x0F, 0xF0, 0x00, 0x00, 0x0F, 0xF0, 0x0F, 0xF0, 0x00, 0x00, 0x0F, 0xF0, 0x0F, 0xF0, 0x00, 0x00, 0x0F,
    0xF0, 0x07, 0xE0, 0x00, 0x00, 0x07, 0xE0, 0x03, 0xC0, 0x00, 0x00, 0x03, 0xC0, 0x00, 0x03, 0xC3, 0xC3, 0xC0, 0x00,
    0x00, 0x07, 0xE7, 0xE7, 0xE0, 0x00, 0x00, 0x0F, 0xFF, 0xFF, 0xF0, 0x00, 0x00, 0x0F, 0xFF, 0xFF, 0xF0, 0x00, 0x00,
    0x0F, 0xFF, 0xFF, 0xF0, 0x00, 0x00, 0x0F, 0xFF, 0xFF, 0xF0, 0x00, 0x00, 0x07, 0xE7, 0xE7, 0xE0, 0x00, 0x00, 0x03,
    0xC3, 0xC3, 0xC0, 0x00, 0x03, 0xC3, 0xC3, 0xC3, 0xC0, 0x00, 0x07, 0xE7, 0xE7, 0xE7, 0xE0, 0x00, 0x0F, 0xFF, 0xFF,
    0xFF, 0xF0, 0x00, 0x0F, 0xFF, 0xFF, 0xFF, 0xF0, 0x00, 0x0F, 0xFF, 0xFF, 0xFF, 0xF0, 0x00, 0x0F, 0xFF, 0xFF, 0xFF,
    0xF0, 0x00, 0x07, 0xE7, 0xE7, 0xE7, 0xE0, 0x00, 0x03, 0xC3, 0xC3, 0xC3, 0xC0, 0x00, 0x03, 0xC0, 0x00, 0x00, 0x03,
    0xC0, 0x07, 0xE0, 0x00, 0x00, 0x07, 0xE0, 0x0F, 0xF0, 0x00, 0x00, 0x0F, 0xF0, 0x0F, 0xF0, 0x00, 0x00, 0x0F, 0xF0,
    0x0F, 0xF0, 0x00, 0x00, 0x0F, 0xF0, 0x0F, 0xF0, 0x00, 0x00, 0x0F, 0xF0, 0x07, 0xE0, 0x00, 0x00, 0x07, 0xE0, 0x03,
    0xC0, 0x00, 0x00, 0x03, 0xC0, 0x03, 0xC0, 0x00, 0x00, 0x03, 0xC0, 0x07, 0xE0, 0x00, 0x00, 0x07, 0xE0, 0x0F, 0xF0,
    0x00, 0x00, 0x0F, 0xF0, 0x0F, 0xF0, 0x00, 0x00, 0x0F, 0xF0, 0x0F, 0xF0, 0x00, 0x00, 0x0F, 0xF0, 0x0F, 0xF0, 0x00,
    0x00, 0x0F, 0xF0, 0x07, 0xE0, 0x00, 0x00, 0x07, 0xE0, 0x03, 0xC0, 0x00, 0x00, 0x03, 0xC0, 0x03, 0xC0, 0x00, 0x00,
    0x03, 0xC0, 0x07, 0xE0, 0x00, 0x00, 0x07, 0xE0, 0x0F, 0xF0, 0x00, 0x00, 0x0F, 0xF0, 0x0F, 0xF0, 0x00, 0x00, 0x0F,
    0xF0, 0x0F, 0xF0, 0x00, 0x00, 0x0F, 0xF0, 0x0F, 0xF0, 0x00, 0x00, 0x0F, 0xF0, 0x07, 0xE0, 0x00, 0x00, 0x07, 0xE0,
    0x03, 0xC0, 0x00, 0x00, 0x03, 0xC0, 0x03, 0xC0, 0x00, 0x00, 0x03, 0xC0, 0x07, 0xE0, 0x00, 0x00, 0x07, 0xE0, 0x0F,
    0xF0, 0x00, 0x00, 0x0F, 0xF0, 0x0F, 0xF0, 0x00, 0x00, 0x0F, 0xF0, 0x0F, 0xF0, 0x00, 0x00, 0x0F, 0xF0, 0x0F, 0xF0,
    0x00, 0x00, 0x0F, 0xF0, 0x07, 0xE0, 0x00, 0x00, 0x07, 0xE0, 0x03, 0xC0, 0x00, 0x00, 0x03, 0xC0, 0x03, 0xC0, 0x00,
    0x00, 0x03, 0xC0, 0x07, 0xE0, 0x00, 0x00, 0x07, 0xE0, 0x0F, 0xF0, 0x00, 0x00, 0x0F, 0xF0, 0x0F, 0xF0, 0x00, 0x00,
    0x0F, 0xF0, 0x0F, 0xF0, 0x00, 0x00, 0x0F, 0xF0, 0x0F, 0xF0, 0x00, 0x00, 0x0F, 0xF0, 0x07, 0xE0, 0x00, 0x00, 0x07,
    0xE0, 0x03, 0xC0, 0x00, 0x00, 0x03, 0xC0, 0x03, 0xC3, 0xC3, 0xC3, 0xC0, 0x00, 0x07, 0xE7, 0xE7, 0xE7, 0xE0, 0x00,
    0x0F, 0xFF, 0xFF, 0xFF, 0xF0, 0x00, 0x0F, 0xFF, 0xFF, 0xFF, 0xF0, 0x00, 0x0F, 0xFF, 0xFF, 0xFF, 0xF0, 0x00, 0x0F,
    0xFF, 0xFF, 0xFF, 0xF0, 0x00, 0x07, 0xE7, 0xE7, 0xE7, 0xE0, 0x00, 0x03, 0xC3, 0xC3, 0xC3, 0xC0, 0x00, 0x03, 0xC3,
    0xC3, 0xC3, 0xC3, 0xC0, 0x07, 0xE7, 0xE7, 0xE7, 0xE7, 0xE0, 0x0F, 0xFF, 0xFF, 0xFF, 0xFF, 0xF0, 0x0F, 0xFF, 0xFF,
    0xFF, 0xFF, 0xF0, 0x0F, 0xFF, 0xFF, 0xFF, 0xFF, 0xF0, 0x0F, 0xFF, 0xFF, 0xFF, 0xFF, 0xF0, 0x07, 0xE7, 0xE7, 0xE7,
    0xE7, 0xE0, 0x03, 0xC3, 0xC3, 0xC3, 0xC3, 0xC0, 0x03, 0xC0, 0x00, 0x00, 0x00, 0x00, 0x07, 0xE0, 0x00, 0x00, 0x00,
    0x00, 0x0F, 0xF0, 0x00, 0x00, 0x00, 0x00, 0x0F, 0xF0, 0x00, 0x00, 0x00, 0x00, 0x0F, 0xF0, 0x00, 0x00, 0x00, 0x00,
    0x0F, 0xF0, 0x00, 0x00, 0x00, 0x00, 0x07, 0xE0, 0x00, 0x00, 0x00, 0x00, 0x03, 0xC0, 0x00, 0x00, 0x00, 0x00, 0x03,
    0xC0, 0x00, 0x00, 0x00, 0x00, 0x07, 0xE0, 0x00, 0x00, 0x00, 0x00, 0x0F, 0xF0, 0x00, 0x00, 0x00, 0x00, 0x0F, 0xF0,
    0x00, 0x00, 0x00, 0x00, 0x0F, 0xF0, 0x00, 0x00, 0x00, 0x00, 0x0F, 0xF0, 0x00, 0x00, 0x00, 0x00, 0x07, 0xE0, 0x00,
    0x00, 0x00, 0x00, 0x03, 0xC0, 0x00, 0x00, 0x00, 0x00, 0x03, 0xC3, 0xC3, 0xC3, 0xC0, 0x00, 0x07, 0xE7, 0xE7, 0xE7,
    0xE0, 0x00, 0x0F, 0xFF, 0xFF, 0xFF, 0xF0, 0x00, 0x0F, 0xFF, 0xFF, 0xFF, 0xF0, 0x00, 0x0F, 0xFF, 0xFF, 0xFF, 0xF0,
    0x00, 0x0F, 0xFF, 0xFF, 0xFF, 0xF0, 0x00, 0x07, 0xE7, 0xE7, 0xE7, 0xE0, 0x00, 0x03, 0xC3, 0xC3, 0xC3, 0xC0, 0x00,
    0x03, 0xC0, 0x00, 0x00, 0x00, 0x00, 0x07, 0xE0, 0x00, 0x00, 0x00, 0x00, 0x0F, 0xF0, 0x00, 0x00, 0x00, 0x00, 0x0F,
    0xF0, 0x00, 0x00, 0x00, 0x00, 0x0F, 0xF0, 0x00, 0x00, 0x00, 0x00, 0x0F, 0xF0, 0x00, 0x00, 0x00, 0x00, 0x07, 0xE0,
    0x00, 0x00, 0x00, 0x00, 0x03, 0xC0, 0x00, 0x00, 0x00, 0x00, 0x03, 0xC0, 0x00, 0x00, 0x00, 0x00, 0x07, 0xE0, 0x00,
    0x00, 0x00, 0x00, 0x0F, 0xF0, 0x00, 0x00, 0x00, 0x00, 0x0F, 0xF0, 0x00, 0x00, 0x00, 0x00, 0x0F, 0xF0, 0x00, 0x00,
    0x00, 0x00, 0x0F, 0xF0, 0x00, 0x00, 0x00, 0x00, 0x07, 0xE0, 0x00, 0x00, 0x00, 0x00, 0x03, 0xC0, 0x00, 0x00, 0x00,
    0x00, 0x03, 0xC3, 0xC3, 0xC3, 0xC3, 0xC0, 0x07, 0xE7, 0xE7, 0xE7, 0xE7, 0xE0, 0x0F, 0xFF, 0xFF, 0xFF, 0xFF, 0xF0,
    0x0F, 0xFF, 0xFF, 0xFF, 0xFF, 0xF0, 0x0F, 0xFF, 0xFF, 0xFF, 0xFF, 0xF0, 0x0F, 0xFF, 0xFF, 0xFF, 0xFF, 0xF0, 0x07,
    0xE7, 0xE7, 0xE7, 0xE7, 0xE0, 0x03, 0xC3, 0xC3, 0xC3, 0xC3, 0xC0, 0x03, 0xC3, 0xC3, 0xC3, 0xC3, 0xC0, 0x07, 0xE7,
    0xE7, 0xE7, 0xE7, 0xE0, 0x0F, 0xFF, 0xFF, 0xFF, 0xFF, 0xF0, 0x0F, 0xFF, 0xFF, 0xFF, 0xFF, 0xF0, 0x0F, 0xFF, 0xFF,
    0xFF, 0xFF, 0xF0, 0x0F, 0xFF, 0xFF, 0xFF, 0xFF, 0xF0, 0x07, 0xE7, 0xE7, 0xE7, 0xE7, 0xE0, 0x03, 0xC3, 0xC3, 0xC3,
    0xC3, 0xC0, 0x03, 0xC0, 0x00, 0x00, 0x00, 0x00, 0x07, 0xE0, 0x00, 0x00, 0x00, 0x00, 0x0F, 0xF0, 0x00, 0x00, 0x00,
    0x00, 0x0F, 0xF0, 0x00, 0x00, 0x00, 0x00, 0x0F, 0xF0, 0x00, 0x00, 0x00, 0x00, 0x0F, 0xF0, 0x00, 0x00, 0x00, 0x00,
    0x07, 0xE0, 0x00, 0x00, 0x00, 0x00, 0x03, 0xC0, 0x00, 0x00, 0x00, 0x00, 0x03, 0xC0, 0x00, 0x00, 0x00, 0x00, 0x07,
    0xE0, 0x00, 0x00, 0x00, 0x00, 0x0F, 0xF0, 0x00, 0x00, 0x00, 0x00, 0x0F, 0xF0, 0x00, 0x00, 0x00, 0x00, 0x0F, 0xF0,
    0x00, 0x00, 0x00, 0x00, 0x0F, 0xF0, 0x00, 0x00, 0x00, 0x00, 0x07, 0xE0, 0x00, 0x00, 0x00, 0x00, 0x03, 0xC0, 0x00,
    0x00, 0x00, 0x00, 0x03, 0xC3, 0xC3, 0xC3, 0xC0, 0x00, 0x07, 0xE7, 0xE7, 0xE7, 0xE0, 0x00, 0x0F, 0xFF, 0xFF, 0xFF,
    0xF0, 0x00, 0x0F, 0xFF, 0xFF, 0xFF, 0xF0, 0x00, 0x0F, 0xFF, 0xFF, 0xFF, 0xF0, 0x00, 0x0F, 0xFF, 0xFF, 0xFF, 0xF0,
    0x00, 0x07, 0xE7, 0xE7, 0xE7, 0xE0, 0x00, 0x03, 0xC3, 0xC3, 0xC3, 0xC0, 0x00, 0x03, 0xC0, 0x00, 0x00, 0x00, 0x00,
    0x07, 0xE0, 0x00, 0x00, 0x00, 0x00, 0x0F, 0xF0, 0x00, 0x00, 0x00, 0x00, 0x0F, 0xF0, 0x00, 0x00, 0x00, 0x00, 0x0F,
    0xF0, 0x00, 0x00, 0x00, 0x00, 0x0F, 0xF0, 0x00, 0x00, 0x00, 0x00, 0x07, 0xE0, 0x00, 0x00, 0x00, 0x00, 0x03, 0xC0,
    0x00, 0x00, 0x00, 0x00, 0x03, 0xC0, 0x00, 0x00, 0x00, 0x00, 0x07, 0xE0, 0x00, 0x00, 0x00, 0x00, 0x0F, 0xF0, 0x00,
    0x00, 0x00, 0x00, 0x0F, 0xF0, 0x00, 0x00, 0x00, 0x00, 0x0F, 0xF0, 0x00, 0x00, 0x00, 0x00, 0x0F, 0xF0, 0x00, 0x00,
    0x00, 0x00, 0x07, 0xE0, 0x00, 0x00, 0x00, 0x00, 0x03, 0xC0, 0x00, 0x00, 0x00, 0x00, 0x03, 0xC0, 0x00, 0x00, 0x00,
    0x00, 0x07, 0xE0, 0x00, 0x00, 0x00, 0x00, 0x0F, 0xF0, 0x00, 0x00, 0x00, 0x00, 0x0F, 0xF0, 0x00, 0x00, 0x00, 0x00,
    0x0F, 0xF0, 0x00, 0x00, 0x00, 0x00, 0x0F, 0xF0, 0x00, 0x00, 0x00, 0x00, 0x07, 0xE0, 0x00, 0x00, 0x00, 0x00, 0x03,
    0xC0, 0x00, 0x00, 0x00, 0x00, 0x00, 0x03, 0xC3, 0xC3, 0xC0, 0x00, 0x00, 0x07, 0xE7, 0xE7, 0xE0, 0x00, 0x00, 0x0F,
    0xFF, 0xFF, 0xF0, 0x00, 0x00, 0x0F, 0xFF, 0xFF, 0xF0, 0x00, 0x00, 0x0F, 0xFF, 0xFF, 0xF0, 0x00, 0x00, 0x0F, 0xFF,
    0xFF, 0xF0, 0x00, 0x00, 0x07, 0xE7, 0xE7, 0xE0, 0x00, 0x00, 0x03, 0xC3, 0xC3, 0xC0, 0x00, 0x03, 0xC0, 0x00, 0x00,
    0x03, 0xC0, 0x07, 0xE0, 0x00, 0x00, 0x07, 0xE0, 0x0F, 0xF0, 0x00, 0x00, 0x0F, 0xF0, 0x0F, 0xF0, 0x00, 0x00, 0x0F,
    0xF0, 0x0F, 0xF0, 0x00, 0x00, 0x0F, 0xF0, 0x0F, 0xF0, 0x00, 0x00, 0x0F, 0xF0, 0x07, 0xE0, 0x00, 0x00, 0x07, 0xE0,
    0x03, 0xC0, 0x00, 0x00, 0x03, 0xC0, 0x03, 0xC0, 0x00, 0x00, 0x00, 0x00, 0x07, 0xE0, 0x00, 0x00, 0x00, 0x00, 0x0F,
    0xF0, 0x00, 0x00, 0x00, 0x00, 0x0F, 0xF0, 0x00, 0x00, 0x00, 0x00, 0x0F, 0xF0, 0x00, 0x00, 0x00, 0x00, 0x0F, 0xF0,
    0x00, 0x00, 0x00, 0x00, 0x07, 0xE0, 0x00, 0x00, 0x00, 0x00, 0x03, 0xC0, 0x00, 0x00, 0x00, 0x00, 0x03, 0xC0, 0x03,
    0xC3, 0xC3, 0xC0, 0x07, 0xE0, 0x07, 0xE7, 0xE7, 0xE0, 0x0F, 0xF0, 0x0F, 0xFF, 0xFF, 0xF0, 0x0F, 0xF0, 0x0F, 0xFF,
    0xFF, 0xF0, 0x0F, 0xF0, 0x0F, 0xFF, 0xFF, 0xF0, 0x0F, 0xF0, 0x0F, 0xFF, 0xFF, 0xF0, 0x07, 0xE0, 0x07, 0xE7, 0xE7,
    0xE0, 0x03, 0xC0, 0x03, 0xC3, 0xC3, 0xC0, 0x03, 0xC0, 0x00, 0x00, 0x03, 0xC0, 0x07, 0xE0, 0x00, 0x00, 0x07, 0xE0,
    0x0F, 0xF0, 0x00, 0x00, 0x0F, 0xF0, 0x0F, 0xF0, 0x00, 0x00, 0x0F, 0xF0, 0x0F, 0xF0, 0x00, 0x00, 0x0F, 0xF0, 0x0F,
    0xF0, 0x00, 0x00, 0x0F, 0xF0, 0x07, 0xE0, 0x00, 0x00, 0x07, 0xE0, 0x03, 0xC0, 0x00, 0x00, 0x03, 0xC0, 0x03, 0xC0,
    0x00, 0x00, 0x03, 0xC0, 0x07, 0xE0, 0x00, 0x00, 0x07, 0xE0, 0x0F, 0xF0, 0x00, 0x00, 0x0F, 0xF0, 0x0F, 0xF0, 0x00,
    0x00, 0x0F, 0xF0, 0x0F, 0xF0, 0x00, 0x00, 0x0F, 0xF0, 0x0F, 0xF0, 0x00, 0x00, 0x0F, 0xF0, 0x07, 0xE0, 0x00, 0x00,
    0x07, 0xE0, 0x03, 0xC0, 0x00, 0x00, 0x03, 0xC0, 0x00, 0x03, 0xC3, 0xC3, 0xC0, 0x00, 0x00, 0x07, 0xE7, 0xE7, 0xE0,
    0x00, 0x00, 0x0F, 0xFF, 0xFF, 0xF0, 0x00, 0x00, 0x0F, 0xFF, 0xFF, 0xF0, 0x00, 0x00, 0x0F, 0xFF, 0xFF, 0xF0, 0x00,
    0x00, 0x0F, 0xFF, 0xFF, 0xF0, 0x00, 0x00, 0x07, 0xE7, 0xE7, 0xE0, 0x00, 0x00, 0x03, 0xC3, 0xC3, 0xC0, 0x00, 0x03,
    0xC0, 0x00, 0x00, 0x03, 0xC0, 0x07, 0xE0, 0x00, 0x00, 0x07, 0xE0, 0x0F, 0xF0, 0x00, 0x00, 0x0F, 0xF0, 0x0F, 0xF0,
    0x00, 0x00, 0x0F, 0xF0, 0x0F, 0xF0, 0x00, 0x00, 0x0F, 0xF0, 0x0F, 0xF0, 0x00, 0x00, 0x0F, 0xF0, 0x07, 0xE0, 0x00,
    0x00, 0x07, 0xE0, 0x03, 0xC0, 0x00, 0x00, 0x03, 0xC0, 0x03, 0xC0, 0x00, 0x00, 0x03, 0xC0, 0x07, 0xE0, 0x00, 0x00,
    0x07, 0xE0, 0x0F, 0xF0, 0x00, 0x00, 0x0F, 0xF0, 0x0F, 0xF0, 0x00, 0x00, 0x0F, 0xF0, 0x0F, 0xF0, 0x00, 0x00, 0x0F,
    0xF0, 0x0F, 0xF0, 0x00, 0x00, 0x0F, 0xF0, 0x07, 0xE0, 0x00, 0x00, 0x07, 0xE0, 0x03, 0xC0, 0x00, 0x00, 0x03, 0xC0,
    0x03, 0xC0, 0x00, 0x00, 0x03, 0xC0, 0x07, 0xE0, 0x00, 0x00, 0x07, 0xE0, 0x0F, 0xF0, 0x00, 0x00, 0x0F, 0xF0, 0x0F,
    0xF0, 0x00, 0x00, 0x0F, 0xF0, 0x0F, 0xF0, 0x00, 0x00, 0x0F, 0xF0, 0x0F, 0xF0, 0x00, 0x00, 0x0F, 0xF0, 0x07, 0xE0,
    0x00, 0x00, 0x07, 0xE0, 0x03, 0xC0, 0x00, 0x00, 0x03, 0xC0, 0x03, 0xC3, 0xC3, 0xC3, 0xC3, 0xC0, 0x07, 0xE7, 0xE7,
    0xE7, 0xE7, 0xE0, 0x0F, 0xFF, 0xFF, 0xFF, 0xFF, 0xF0, 0x0F, 0xFF, 0xFF, 0xFF, 0xFF, 0xF0, 0x0F, 0xFF, 0xFF, 0xFF,
    0xFF, 0xF0, 0x0F, 0xFF, 0xFF, 0xFF, 0xFF, 0xF0, 0x07, 0xE7, 0xE7, 0xE7, 0xE7, 0xE0, 0x03, 0xC3, 0xC3, 0xC3, 0xC3,
    0xC0, 0x03, 0xC0, 0x00, 0x00, 0x03, 0xC0, 0x07, 0xE0, 0x00, 0x00, 0x07, 0xE0, 0x0F, 0xF0, 0x00, 0x00, 0x0F, 0xF0,
    0x0F, 0xF0, 0x00, 0x00, 0x0F, 0xF0, 0x0F, 0xF0, 0x00, 0x00, 0x0F, 0xF0, 0x0F, 0xF0, 0x00, 0x00, 0x0F, 0xF0, 0x07,
    0xE0, 0x00, 0x00, 0x07, 0xE0, 0x03, 0xC0, 0x00, 0x00, 0x03, 0xC0, 0x03, 0xC0, 0x00, 0x00, 0x03, 0xC0, 0x07, 0xE0,
    0x00, 0x00, 0x07, 0xE0, 0x0F, 0xF0, 0x00, 0x00, 0x0F, 0xF0, 0x0F, 0xF0, 0x00, 0x00, 0x0F, 0xF0, 0x0F, 0xF0, 0x00,
    0x00, 0x0F, 0xF0, 0x0F, 0xF0, 0x00, 0x00, 0x0F, 0xF0, 0x07, 0xE0, 0x00, 0x00, 0x07, 0xE0, 0x03, 0xC0, 0x00, 0x00,
    0x03, 0xC0, 0x03, 0xC0, 0x00, 0x00, 0x03, 0xC0, 0x07, 0xE0, 0x00, 0x00, 0x07, 0xE0, 0x0F, 0xF0, 0x00, 0x00, 0x0F,
    0xF0, 0x0F, 0xF0, 0x00, 0x00, 0x0F, 0xF0, 0x0F, 0xF0, 0x00, 0x00, 0x0F, 0xF0, 0x0F, 0xF0, 0x00, 0x00, 0x0F, 0xF0,
    0x07, 0xE0, 0x00, 0x00, 0x07, 0xE0, 0x03, 0xC0, 0x00, 0x00, 0x03, 0xC0, 0x03, 0xC3, 0xC3, 0xC0, 0x07, 0xE7, 0xE7,
    0xE0, 0x0F, 0xFF, 0xFF, 0xF0, 0x0F, 0xFF, 0xFF, 0xF0, 0x0F, 0xFF, 0xFF, 0xF0, 0x0F, 0xFF, 0xFF, 0xF0, 0x07, 0xE7,
    0xE7, 0xE0, 0x03, 0xC3, 0xC3, 0xC0, 0x00, 0x00, 0x00, 0x00, 0x00, 0x03, 0xC0, 0x00, 0x00, 0x07, 0xE0, 0x00, 0x00,
    0x0F, 0xF0, 0x00, 0x00, 0x0F, 0xF0, 0x00, 0x00, 0x0F, 0xF0, 0x00, 0x00, 0x0F, 0xF0, 0x00, 0x00, 0x07, 0xE0, 0x00,
    0x00, 0x03, 0xC0, 0x00, 0x00, 0x03, 0xC0, 0x00, 0x00, 0x07, 0xE0, 0x00, 0x00, 0x0F, 0xF0, 0x00, 0x00, 0x0F, 0xF0,
    0x00, 0x00, 0x0F, 0xF0, 0x00, 0x00, 0x0F, 0xF0, 0x00, 0x00, 0x07, 0xE0, 0x00, 0x00, 0x03, 0xC0, 0x00, 0x00, 0x03,
    0xC0, 0x00, 0x00, 0x07, 0xE0, 0x00, 0x00, 0x0F, 0xF0, 0x00, 0x00, 0x0F, 0xF0, 0x00, 0x00, 0x0F, 0xF0, 0x00, 0x00,
    0x0F, 0xF0, 0x00, 0x00, 0x07, 0xE0, 0x00, 0x00, 0x03, 0xC0, 0x00, 0x00, 0x03, 0xC0, 0x00, 0x00, 0x07, 0xE0, 0x00,
    0x00, 0x0F, 0xF0, 0x00, 0x00, 0x0F, 0xF0, 0x00, 0x00, 0x0F, 0xF0, 0x00, 0x00, 0x0F, 0xF0, 0x00, 0x00, 0x07, 0xE0,
    0x00, 0x00, 0x03, 0xC0, 0x00, 0x00, 0x03, 0xC0, 0x00, 0x00, 0x07, 0xE0, 0x00, 0x00, 0x0F, 0xF0, 0x00, 0x00, 0x0F,
    0xF0, 0x00, 0x00, 0x0F, 0xF0, 0x00, 0x00, 0x0F, 0xF0, 0x00, 0x00, 0x07, 0xE0, 0x00, 0x00, 0x03, 0xC0, 0x00, 0x03,
    0xC3, 0xC3, 0xC0, 0x07, 0xE7, 0xE7, 0xE0, 0x0F, 0xFF, 0xFF, 0xF0, 0x0F, 0xFF, 0xFF, 0xF0, 0x0F, 0xFF, 0xFF, 0xF0,
    0x0F, 0xFF, 0xFF, 0xF0, 0x07, 0xE7, 0xE7, 0xE0, 0x03, 0xC3, 0xC3, 0xC0, 0x00, 0x00, 0x03, 0xC3, 0xC3, 0xC0, 0x00,
    0x00, 0x07, 0xE7, 0xE7, 0xE0, 0x00, 0x00, 0x0F, 0xFF, 0xFF, 0xF0, 0x00, 0x00, 0x0F, 0xFF, 0xFF, 0xF0, 0x00, 0x00,
    0x0F, 0xFF, 0xFF, 0xF0, 0x00, 0x00, 0x0F, 0xFF, 0xFF, 0xF0, 0x00, 0x00, 0x07, 0xE7, 0xE7, 0xE0, 0x00, 0x00, 0x03,
    0xC3, 0xC3, 0xC0, 0x00, 0x00, 0x00, 0x00, 0x00, 0x00, 0x00, 0x00, 0x00, 0x03, 0xC0, 0x00, 0x00, 0x00, 0x00, 0x07,
    0xE0, 0x00, 0x00, 0x00, 0x00, 0x0F, 0xF0, 0x00, 0x00, 0x00, 0x00, 0x0F, 0xF0, 0x00, 0x00, 0x00, 0x00, 0x0F, 0xF0,
    0x00, 0x00, 0x00, 0x00, 0x0F, 0xF0, 0x00, 0x00, 0x00, 0x00, 0x07, 0xE0, 0x00, 0x00, 0x00, 0x00, 0x03, 0xC0, 0x00,
    0x00, 0x00, 0x00, 0x03, 0xC0, 0x00, 0x00, 0x00, 0x00, 0x07, 0xE0, 0x00, 0x00, 0x00, 0x00, 0x0F, 0xF0, 0x00, 0x00,
    0x00, 0x00, 0x0F, 0xF0, 0x00, 0x00, 0x00, 0x00, 0x0F, 0xF0, 0x00, 0x00, 0x00, 0x00, 0x0F, 0xF0, 0x00, 0x00, 0x00,
    0x00, 0x07, 0xE0, 0x00, 0x00, 0x00, 0x00, 0x03, 0xC0, 0x00, 0x00, 0x00, 0x00, 0x03, 0xC0, 0x00, 0x00, 0x00, 0x00,
    0x07, 0xE0, 0x00, 0x00, 0x00, 0x00, 0x0F, 0xF0, 0x00, 0x00, 0x00, 0x00, 0x0F, 0xF0, 0x00, 0x00, 0x00, 0x00, 0x0F,
    0xF0, 0x00, 0x00, 0x00, 0x00, 0x0F, 0xF0, 0x00, 0x00, 0x00, 0x00, 0x07, 0xE0, 0x00, 0x00, 0x00, 0x00, 0x03, 0xC0,
    0x00, 0x00, 0x00, 0x00, 0x03, 0xC0, 0x00, 0x00, 0x00, 0x00, 0x07, 0xE0, 0x00, 0x00, 0x00, 0x00, 0x0F, 0xF0, 0x00,
    0x00, 0x00, 0x00, 0x0F, 0xF0, 0x00, 0x00, 0x00, 0x00, 0x0F, 0xF0, 0x00, 0x00, 0x00, 0x00, 0x0F, 0xF0, 0x00, 0x00,
    0x00, 0x00, 0x07, 0xE0, 0x00, 0x00, 0x00, 0x00, 0x03, 0xC0, 0x00, 0x03, 0xC0, 0x00, 0x03, 0xC0, 0x00, 0x07, 0xE0,
    0x00, 0x07, 0xE0, 0x00, 0x0F, 0xF0, 0x00, 0x0F, 0xF0, 0x00, 0x0F, 0xF0, 0x00, 0x0F, 0xF0, 0x00, 0x0F, 0xF0, 0x00,
    0x0F, 0xF0, 0x00, 0x0F, 0xF0, 0x00, 0x0F, 0xF0, 0x00, 0x07, 0xE0, 0x00, 0x07, 0xE0, 0x00, 0x03, 0xC0, 0x00, 0x03,
    0xC0, 0x00, 0x00, 0x03, 0xC3, 0xC0, 0x00, 0x00, 0x00, 0x07, 0xE7, 0xE0, 0x00, 0x00, 0x00, 0x0F, 0xFF, 0xF0, 0x00,
    0x00, 0x00, 0x0F, 0xFF, 0xF0, 0x00, 0x00, 0x00, 0x0F, 0xFF, 0xF0, 0x00, 0x00, 0x00, 0x0F, 0xFF, 0xF0, 0x00, 0x00,
    0x00, 0x07, 0xE7, 0xE0, 0x00, 0x00, 0x00, 0x03, 0xC3, 0xC0, 0x00, 0x00, 0x03, 0xC0, 0x00, 0x00, 0x03, 0xC0, 0x07,
    0xE0, 0x00, 0x00, 0x07, 0xE0, 0x0F, 0xF0, 0x00, 0x00, 0x0F, 0xF0, 0x0F, 0xF0, 0x00, 0x00, 0x0F, 0xF0, 0x0F, 0xF0,
    0x00, 0x00, 0x0F, 0xF0, 0x0F, 0xF0, 0x00, 0x00, 0x0F, 0xF0, 0x07, 0xE0, 0x00, 0x00, 0x07, 0xE0, 0x03, 0xC0, 0x00,
    0x00, 0x03, 0xC0, 0x03, 0xC0, 0x00, 0x03, 0xC0, 0x00, 0x07, 0xE0, 0x00, 0x07, 0xE0, 0x00, 0x0F, 0xF0, 0x00, 0x0F,
    0xF0, 0x00, 0x0F, 0xF0, 0x00, 0x0F, 0xF0, 0x00, 0x0F, 0xF0, 0x00, 0x0F, 0xF0, 0x00, 0x0F, 0xF0, 0x00, 0x0F, 0xF0,
    0x00, 0x07, 0xE0, 0x00, 0x07, 0xE0, 0x00, 0x03, 0xC0, 0x00, 0x03, 0xC0, 0x00, 0x03, 0xC0, 0x03, 0xC0, 0x00, 0x00,
    0x07, 0xE0, 0x07, 0xE0, 0x00, 0x00, 0x0F, 0xF0, 0x0F, 0xF0, 0x00, 0x00, 0x0F, 0xF0, 0x0F, 0xF0, 0x00, 0x00, 0x0F,
    0xF0, 0x0F, 0xF0, 0x00, 0x00, 0x0F, 0xF0, 0x0F, 0xF0, 0x00, 0x00, 0x07, 0xE0, 0x07, 0xE0, 0x00, 0x00, 0x03, 0xC0,
    0x03, 0xC0, 0x00, 0x00, 0x03, 0xC3, 0xC0, 0x00, 0x00, 0x00, 0x07, 0xE7, 0xE0, 0x00, 0x00, 0x00, 0x0F, 0xFF, 0xF0,
    0x00, 0x00, 0x00, 0x0F, 0xFF, 0xF0, 0x00, 0x00, 0x00, 0x0F, 0xFF, 0xF0, 0x00, 0x00, 0x00, 0x0F, 0xFF, 0xF0, 0x00,
    0x00, 0x00, 0x07, 0xE7, 0xE0, 0x00, 0x00, 0x00, 0x03, 0xC3, 0xC0, 0x00, 0x00, 0x00, 0x03, 0xC0, 0x03, 0xC0, 0x00,
    0x00, 0x07, 0xE0, 0x07, 0xE0, 0x00, 0x00, 0x0F, 0xF0, 0x0F, 0xF0, 0x00, 0x00, 0x0F, 0xF0, 0x0F, 0xF0, 0x00, 0x00,
    0x0F, 0xF0, 0x0F, 0xF0, 0x00, 0x00, 0x0F, 0xF0, 0x0F, 0xF0, 0x00, 0x00, 0x07, 0xE0, 0x07, 0xE0, 0x00, 0x00, 0x03,
    0xC0, 0x03, 0xC0, 0x00, 0x00, 0x03, 0xC0, 0x00, 0x03, 0xC0, 0x00, 0x07, 0xE0, 0x00, 0x07, 0xE0, 0x00, 0x0F, 0xF0,
    0x00, 0x0F, 0xF0, 0x00, 0x0F, 0xF0, 0x00, 0x0F, 0xF0, 0x00, 0x0F, 0xF0, 0x00, 0x0F, 0xF0, 0x00, 0x0F, 0xF0, 0x00,
    0x0F, 0xF0, 0x00, 0x07, 0xE0, 0x00, 0x07, 0xE0, 0x00, 0x03, 0xC0, 0x00, 0x03, 0xC0, 0x00, 0x03, 0xC0, 0x00, 0x00,
    0x03, 0xC0, 0x07, 0xE0, 0x00, 0x00, 0x07, 0xE0, 0x0F, 0xF0, 0x00, 0x00, 0x0F, 0xF0, 0x0F, 0xF0, 0x00, 0x00, 0x0F,
    0xF0, 0x0F, 0xF0, 0x00, 0x00, 0x0F, 0xF0, 0x0F, 0xF0, 0x00, 0x00, 0x0F, 0xF0, 0x07, 0xE0, 0x00, 0x00, 0x07, 0xE0,
    0x03, 0xC0, 0x00, 0x00, 0x03, 0xC0, 0x03, 0xC0, 0x00, 0x00, 0x00, 0x00, 0x07, 0xE0, 0x00, 0x00, 0x00, 0x00, 0x0F,
    0xF0, 0x00, 0x00, 0x00, 0x00, 0x0F, 0xF0, 0x00, 0x00, 0x00, 0x00, 0x0F, 0xF0, 0x00, 0x00, 0x00, 0x00, 0x0F, 0xF0,
    0x00, 0x00, 0x00, 0x00, 0x07, 0xE0, 0x00, 0x00, 0x00, 0x00, 0x03, 0xC0, 0x00, 0x00, 0x00, 0x00, 0x03, 0xC0, 0x00,
    0x00, 0x00, 0x00, 0x07, 0xE0, 0x00, 0x00, 0x00, 0x00, 0x0F, 0xF0, 0x00, 0x00, 0x00, 0x00, 0x0F, 0xF0, 0x00, 0x00,
    0x00, 0x00, 0x0F, 0xF0, 0x00, 0x00, 0x00, 0x00, 0x0F, 0xF0, 0x00, 0x00, 0x00, 0x00, 0x07, 0xE0, 0x00, 0x00, 0x00,
    0x00, 0x03, 0xC0, 0x00, 0x00, 0x00, 0x00, 0x03, 0xC0, 0x00, 0x00, 0x00, 0x00, 0x07, 0xE0, 0x00, 0x00, 0x00, 0x00,
    0x0F, 0xF0, 0x00, 0x00, 0x00, 0x00, 0x0F, 0xF0, 0x00, 0x00, 0x00, 0x00, 0x0F, 0xF0, 0x00, 0x00, 0x00, 0x00, 0x0F,
    0xF0, 0x00, 0x00, 0x00, 0x00, 0x07, 0xE0, 0x00, 0x00, 0x00, 0x00, 0x03, 0xC0, 0x00, 0x00, 0x00, 0x00, 0x03, 0xC0,
    0x00, 0x00, 0x00, 0x00, 0x07, 0xE0, 0x00, 0x00, 0x00, 0x00, 0x0F, 0xF0, 0x00, 0x00, 0x00, 0x00, 0x0F, 0xF0, 0x00,
    0x00, 0x00, 0x00, 0x0F, 0xF0, 0x00, 0x00, 0x00, 0x00, 0x0F, 0xF0, 0x00, 0x00, 0x00, 0x00, 0x07, 0xE0, 0x00, 0x00,
    0x00, 0x00, 0x03, 0xC0, 0x00, 0x00, 0x00, 0x00, 0x03, 0xC0, 0x00, 0x00, 0x00, 0x00, 0x07, 0xE0, 0x00, 0x00, 0x00,
    0x00, 0x0F, 0xF0, 0x00, 0x00, 0x00, 0x00, 0x0F, 0xF0, 0x00, 0x00, 0x00, 0x00, 0x0F, 0xF0, 0x00, 0x00, 0x00, 0x00,
    0x0F, 0xF0, 0x00, 0x00, 0x00, 0x00, 0x07, 0xE0, 0x00, 0x00, 0x00, 0x00, 0x03, 0xC0, 0x00, 0x00, 0x00, 0x00, 0x03,
    0xC0, 0x00, 0x00, 0x00, 0x00, 0x07, 0xE0, 0x00, 0x00, 0x00, 0x00, 0x0F, 0xF0, 0x00, 0x00, 0x00, 0x00, 0x0F, 0xF0,
    0x00, 0x00, 0x00, 0x00, 0x0F, 0xF0, 0x00, 0x00, 0x00, 0x00, 0x0F, 0xF0, 0x00, 0x00, 0x00, 0x00, 0x07, 0xE0, 0x00,
    0x00, 0x00, 0x00, 0x03, 0xC0, 0x00, 0x00, 0x00, 0x00, 0x03, 0xC3, 0xC3, 0xC3, 0xC3, 0xC0, 0x07, 0xE7, 0xE7, 0xE7,
    0xE7, 0xE0, 0x0F, 0xFF, 0xFF, 0xFF, 0xFF, 0xF0, 0x0F, 0xFF, 0xFF, 0xFF, 0xFF, 0xF0, 0x0F, 0xFF, 0xFF, 0xFF, 0xFF,
    0xF0, 0x0F, 0xFF, 0xFF, 0xFF, 0xFF, 0xF0, 0x07, 0xE7, 0xE7, 0xE7, 0xE7, 0xE0, 0x03, 0xC3, 0xC3, 0xC3, 0xC3, 0xC0,
    0x03, 0xC0, 0x00, 0x00, 0x03, 0xC0, 0x07, 0xE0, 0x00, 0x00, 0x07, 0xE0, 0x0F, 0xF0, 0x00, 0x00, 0x0F, 0xF0, 0x0F,
    0xF0, 0x00, 0x00, 0x0F, 0xF0, 0x0F, 0xF0, 0x00, 0x00, 0x0F, 0xF0, 0x0F, 0xF0, 0x00, 0x00, 0x0F, 0xF0, 0x07, 0xE0,
    0x00, 0x00, 0x07, 0xE0, 0x03, 0xC0, 0x00, 0x00, 0x03, 0xC0, 0x03, 0xC3, 0xC0, 0x03, 0xC3, 0xC0, 0x07, 0xE7, 0xE0,
    0x07, 0xE7, 0xE0, 0x0F, 0xFF, 0xF0, 0x0F, 0xFF, 0xF0, 0x0F, 0xFF, 0xF0, 0x0F, 0xFF, 0xF0, 0x0F, 0xFF, 0xF0, 0x0F,
    0xFF, 0xF0, 0x0F, 0xFF, 0xF0, 0x0F, 0xFF, 0xF0, 0x07, 0xE7, 0xE0, 0x07, 0xE7, 0xE0, 0x03, 0xC3, 0xC0, 0x03, 0xC3,
    0xC0, 0x03, 0xC0, 0x03, 0xC0, 0x03, 0xC0, 0x07, 0xE0, 0x07, 0xE0, 0x07, 0xE0, 0x0F, 0xF0, 0x0F, 0xF0, 0x0F, 0xF0,
    0x0F, 0xF0, 0x0F, 0xF0, 0x0F, 0xF0, 0x0F, 0xF0, 0x0F, 0xF0, 0x0F, 0xF0, 0x0F, 0xF0, 0x0F, 0xF0, 0x0F, 0xF0, 0x07,
    0xE0, 0x07, 0xE0, 0x07, 0xE0, 0x03, 0xC0, 0x03, 0xC0, 0x03, 0xC0, 0x03, 0xC0, 0x03, 0xC0, 0x03, 0xC0, 0x07, 0xE0,
    0x07, 0xE0, 0x07, 0xE0, 0x0F, 0xF0, 0x0F, 0xF0, 0x0F, 0xF0, 0x0F, 0xF0, 0x0F, 0xF0, 0x0F, 0xF0, 0x0F, 0xF0, 0x0F,
    0xF0, 0x0F, 0xF0, 0x0F, 0xF0, 0x0F, 0xF0, 0x0F, 0xF0, 0x07, 0xE0, 0x07, 0xE0, 0x07, 0xE0, 0x03, 0xC0, 0x03, 0xC0,
    0x03, 0xC0, 0x03, 0xC0, 0x00, 0x00, 0x03, 0xC0, 0x07, 0xE0, 0x00, 0x00, 0x07, 0xE0, 0x0F, 0xF0, 0x00, 0x00, 0x0F,
    0xF0, 0x0F, 0xF0, 0x00, 0x00, 0x0F, 0xF0, 0x0F, 0xF0, 0x00, 0x00, 0x0F, 0xF0, 0x0F, 0xF0, 0x00, 0x00, 0x0F, 0xF0,
    0x07, 0xE0, 0x00, 0x00, 0x07, 0xE0, 0x03, 0xC0, 0x00, 0x00, 0x03, 0xC0, 0x03, 0xC0, 0x00, 0x00, 0x03, 0xC0, 0x07,
    0xE0, 0x00, 0x00, 0x07, 0xE0, 0x0F, 0xF0, 0x00, 0x00, 0x0F, 0xF0, 0x0F, 0xF0, 0x00, 0x00, 0x0F, 0xF0, 0x0F, 0xF0,
    0x00, 0x00, 0x0F, 0xF0, 0x0F, 0xF0, 0x00, 0x00, 0x0F, 0xF0, 0x07, 0xE0, 0x00, 0x00, 0x07, 0xE0, 0x03, 0xC0, 0x00,
    0x00, 0x03, 0xC0, 0x03, 0xC0, 0x00, 0x00, 0x03, 0xC0, 0x07, 0xE0, 0x00, 0x00, 0x07, 0xE0, 0x0F, 0xF0, 0x00, 0x00,
    0x0F, 0xF0, 0x0F, 0xF0, 0x00, 0x00, 0x0F, 0xF0, 0x0F, 0xF0, 0x00, 0x00, 0x0F, 0xF0, 0x0F, 0xF0, 0x00, 0x00, 0x0F,
    0xF0, 0x07, 0xE0, 0x00, 0x00, 0x07, 0xE0, 0x03, 0xC0, 0x00, 0x00, 0x03, 0xC0, 0x03, 0xC0, 0x00, 0x00, 0x03, 0xC0,
    0x07, 0xE0, 0x00, 0x00, 0x07, 0xE0, 0x0F, 0xF0, 0x00, 0x00, 0x0F, 0xF0, 0x0F, 0xF0, 0x00, 0x00, 0x0F, 0xF0, 0x0F,
    0xF0, 0x00, 0x00, 0x0F, 0xF0, 0x0F, 0xF0, 0x00, 0x00, 0x0F, 0xF0, 0x07, 0xE0, 0x00, 0x00, 0x07, 0xE0, 0x03, 0xC0,
    0x00, 0x00, 0x03, 0xC0, 0x03, 0xC0, 0x00, 0x00, 0x03, 0xC0, 0x07, 0xE0, 0x00, 0x00, 0x07, 0xE0, 0x0F, 0xF0, 0x00,
    0x00, 0x0F, 0xF0, 0x0F, 0xF0, 0x00, 0x00, 0x0F, 0xF0, 0x0F, 0xF0, 0x00, 0x00, 0x0F, 0xF0, 0x0F, 0xF0, 0x00, 0x00,
    0x0F, 0xF0, 0x07, 0xE0, 0x00, 0x00, 0x07, 0xE0, 0x03, 0xC0, 0x00, 0x00, 0x03, 0xC0, 0x03, 0xC3, 0xC0, 0x00, 0x03,
    0xC0, 0x07, 0xE7, 0xE0, 0x00, 0x07, 0xE0, 0x0F, 0xFF, 0xF0, 0x00, 0x0F, 0xF0, 0x0F, 0xFF, 0xF0, 0x00, 0x0F, 0xF0,
    0x0F, 0xFF, 0xF0, 0x00, 0x0F, 0xF0, 0x0F, 0xFF, 0xF0, 0x00, 0x0F, 0xF0, 0x07, 0xE7, 0xE0, 0x00, 0x07, 0xE0, 0x03,
    0xC3, 0xC0, 0x00, 0x03, 0xC0, 0x03, 0xC0, 0x03, 0xC0, 0x03, 0xC0, 0x07, 0xE0, 0x07, 0xE0, 0x07, 0xE0, 0x0F, 0xF0,
    0x0F, 0xF0, 0x0F, 0xF0, 0x0F, 0xF0, 0x0F, 0xF0, 0x0F, 0xF0, 0x0F, 0xF0, 0x0F, 0xF0, 0x0F, 0xF0, 0x0F, 0xF0, 0x0F,
    0xF0, 0x0F, 0xF0, 0x07, 0xE0, 0x07, 0xE0, 0x07, 0xE0, 0x03, 0xC0, 0x03, 0xC0, 0x03, 0xC0, 0x03, 0xC0, 0x00, 0x03,
    0xC3, 0xC0, 0x07, 0xE0, 0x00, 0x07, 0xE7, 0xE0, 0x0F, 0xF0, 0x00, 0x0F, 0xFF, 0xF0, 0x0F, 0xF0, 0x00, 0x0F, 0xFF,
    0xF0, 0x0F, 0xF0, 0x00, 0x0F, 0xFF, 0xF0, 0x0F, 0xF0, 0x00, 0x0F, 0xFF, 0xF0, 0x07, 0xE0, 0x00, 0x07, 0xE7, 0xE0,
    0x03, 0xC0, 0x00, 0x03, 0xC3, 0xC0, 0x03, 0xC0, 0x00, 0x00, 0x03, 0xC0, 0x07, 0xE0, 0x00, 0x00, 0x07, 0xE0, 0x0F,
    0xF0, 0x00, 0x00, 0x0F, 0xF0, 0x0F, 0xF0, 0x00, 0x00, 0x0F, 0xF0, 0x0F, 0xF0, 0x00, 0x00, 0x0F, 0xF0, 0x0F, 0xF0,
    0x00, 0x00, 0x0F, 0xF0, 0x07, 0xE0, 0x00, 0x00, 0x07, 0xE0, 0x03, 0xC0, 0x00, 0x00, 0x03, 0xC0, 0x03, 0xC0, 0x00,
    0x00, 0x03, 0xC0, 0x07, 0xE0, 0x00, 0x00, 0x07, 0xE0, 0x0F, 0xF0, 0x00, 0x00, 0x0F, 0xF0, 0x0F, 0xF0, 0x00, 0x00,
    0x0F, 0xF0, 0x0F, 0xF0, 0x00, 0x00, 0x0F, 0xF0, 0x0F, 0xF0, 0x00, 0x00, 0x0F, 0xF0, 0x07, 0xE0, 0x00, 0x00, 0x07,
    0xE0, 0x03, 0xC0, 0x00, 0x00, 0x03, 0xC0, 0x00, 0x03, 0xC3, 0xC3, 0xC0, 0x00, 0x00, 0x07, 0xE7, 0xE7, 0xE0, 0x00,
    0x00, 0x0F, 0xFF, 0xFF, 0xF0, 0x00, 0x00, 0x0F, 0xFF, 0xFF, 0xF0, 0x00, 0x00, 0x0F, 0xFF, 0xFF, 0xF0, 0x00, 0x00,
    0x0F, 0xFF, 0xFF, 0xF0, 0x00, 0x00, 0x07, 0xE7, 0xE7, 0xE0, 0x00, 0x00, 0x03, 0xC3, 0xC3, 0xC0, 0x00, 0x03, 0xC0,
    0x00, 0x00, 0x03, 0xC0, 0x07, 0xE0, 0x00, 0x00, 0x07, 0xE0, 0x0F, 0xF0, 0x00, 0x00, 0x0F, 0xF0, 0x0F, 0xF0, 0x00,
    0x00, 0x0F, 0xF0, 0x0F, 0xF0, 0x00, 0x00, 0x0F, 0xF0, 0x0F, 0xF0, 0x00, 0x00, 0x0F, 0xF0, 0x07, 0xE0, 0x00, 0x00,
    0x07, 0xE0, 0x03, 0xC0, 0x00, 0x00, 0x03, 0xC0, 0x03, 0xC0, 0x00, 0x00, 0x03, 0xC0, 0x07, 0xE0, 0x00, 0x00, 0x07,
    0xE0, 0x0F, 0xF0, 0x00, 0x00, 0x0F, 0xF0, 0x0F, 0xF0, 0x00, 0x00, 0x0F, 0xF0, 0x0F, 0xF0, 0x00, 0x00, 0x0F, 0xF0,
    0x0F, 0xF0, 0x00, 0x00, 0x0F, 0xF0, 0x07, 0xE0, 0x00, 0x00, 0x07, 0xE0, 0x03, 0xC0, 0x00, 0x00, 0x03, 0xC0, 0x03,
    0xC0, 0x00, 0x00, 0x03, 0xC0, 0x07, 0xE0, 0x00, 0x00, 0x07, 0xE0, 0x0F, 0xF0, 0x00, 0x00, 0x0F, 0xF0, 0x0F, 0xF0,
    0x00, 0x00, 0x0F, 0xF0, 0x0F, 0xF0, 0x00, 0x00, 0x0F, 0xF0, 0x0F, 0xF0, 0x00, 0x00, 0x0F, 0xF0, 0x07, 0xE0, 0x00,
    0x00, 0x07, 0xE0, 0x03, 0xC0, 0x00, 0x00, 0x03, 0xC0, 0x03, 0xC0, 0x00, 0x00, 0x03, 0xC0, 0x07, 0xE0, 0x00, 0x00,
    0x07, 0xE0, 0x0F, 0xF0, 0x00, 0x00, 0x0F, 0xF0, 0x0F, 0xF0, 0x00, 0x00, 0x0F, 0xF0, 0x0F, 0xF0, 0x00, 0x00, 0x0F,
    0xF0, 0x0F, 0xF0, 0x00, 0x00, 0x0F, 0xF0, 0x07, 0xE0, 0x00, 0x00, 0x07, 0xE0, 0x03, 0xC0, 0x00, 0x00, 0x03, 0xC0,
    0x03, 0xC0, 0x00, 0x00, 0x03, 0xC0, 0x07, 0xE0, 0x00, 0x00, 0x07, 0xE0, 0x0F, 0xF0, 0x00, 0x00, 0x0F, 0xF0, 0x0F,
    0xF0, 0x00, 0x00, 0x0F, 0xF0, 0x0F, 0xF0, 0x00, 0x00, 0x0F, 0xF0, 0x0F, 0xF0, 0x00, 0x00, 0x0F, 0xF0, 0x07, 0xE0,
    0x00, 0x00, 0x07, 0xE0, 0x03, 0xC0, 0x00, 0x00, 0x03, 0xC0, 0x00, 0x03, 0xC3, 0xC3, 0xC0, 0x00, 0x00, 0x07, 0xE7,
    0xE7, 0xE0, 0x00, 0x00, 0x0F, 0xFF, 0xFF, 0xF0, 0x00, 0x00, 0x0F, 0xFF, 0xFF, 0xF0, 0x00, 0x00, 0x0F, 0xFF, 0xFF,
    0xF0, 0x00, 0x00, 0x0F, 0xFF, 0xFF, 0xF0, 0x00, 0x00, 0x07, 0xE7, 0xE7, 0xE0, 0x00, 0x00, 0x03, 0xC3, 0xC3, 0xC0,
    0x00, 0x03, 0xC3, 0xC3, 0xC3, 0xC0, 0x00, 0x07, 0xE7, 0xE7, 0xE7, 0xE0, 0x00, 0x0F, 0xFF, 0xFF, 0xFF, 0xF0, 0x00,
    0x0F, 0xFF, 0xFF, 0xFF, 0xF0, 0x00, 0x0F, 0xFF, 0xFF, 0xFF, 0xF0, 0x00, 0x0F, 0xFF, 0xFF, 0xFF, 0xF0, 0x00, 0x07,
    0xE7, 0xE7, 0xE7, 0xE0, 0x00, 0x03, 0xC3, 0xC3, 0xC3, 0xC0, 0x00, 0x03, 0xC0, 0x00, 0x00, 0x03, 0xC0, 0x07, 0xE0,
    0x00, 0x00, 0x07, 0xE0, 0x0F, 0xF0, 0x00, 0x00, 0x0F, 0xF0, 0x0F, 0xF0, 0x00, 0x00, 0x0F, 0xF0, 0x0F, 0xF0, 0x00,
    0x00, 0x0F, 0xF0, 0x0F, 0xF0, 0x00, 0x00, 0x0F, 0xF0, 0x07, 0xE0, 0x00, 0x00, 0x07, 0xE0, 0x03, 0xC0, 0x00, 0x00,
    0x03, 0xC0, 0x03, 0xC0, 0x00, 0x00, 0x03, 0xC0, 0x07, 0xE0, 0x00, 0x00, 0x07, 0xE0, 0x0F, 0xF0, 0x00, 0x00, 0x0F,
    0xF0, 0x0F, 0xF0, 0x00, 0x00, 0x0F, 0xF0, 0x0F, 0xF0, 0x00, 0x00, 0x0F, 0xF0, 0x0F, 0xF0, 0x00, 0x00, 0x0F, 0xF0,
    0x07, 0xE0, 0x00, 0x00, 0x07, 0xE0, 0x03, 0xC0, 0x00, 0x00, 0x03, 0xC0, 0x03, 0xC3, 0xC3, 0xC3, 0xC0, 0x00, 0x07,
    0xE7, 0xE7, 0xE7, 0xE0, 0x00, 0x0F, 0xFF, 0xFF, 0xFF, 0xF0, 0x00, 0x0F, 0xFF, 0xFF, 0xFF, 0xF0, 0x00, 0x0F, 0xFF,
    0xFF, 0xFF, 0xF0, 0x00, 0x0F, 0xFF, 0xFF, 0xFF, 0xF0, 0x00, 0x07, 0xE7, 0xE7, 0xE7, 0xE0, 0x00, 0x03, 0xC3, 0xC3,
    0xC3, 0xC0, 0x00, 0x03, 0xC0, 0x00, 0x00, 0x00, 0x00, 0x07, 0xE0, 0x00, 0x00, 0x00, 0x00, 0x0F, 0xF0, 0x00, 0x00,
    0x00, 0x00, 0x0F, 0xF0, 0x00, 0x00, 0x00, 0x00, 0x0F, 0xF0, 0x00, 0x00, 0x00, 0x00, 0x0F, 0xF0, 0x00, 0x00, 0x00,
    0x00, 0x07, 0xE0, 0x00, 0x00, 0x00, 0x00, 0x03, 0xC0, 0x00, 0x00, 0x00, 0x00, 0x03, 0xC0, 0x00, 0x00, 0x00, 0x00,
    0x07, 0xE0, 0x00, 0x00, 0x00, 0x00, 0x0F, 0xF0, 0x00, 0x00, 0x00, 0x00, 0x0F, 0xF0, 0x00, 0x00, 0x00, 0x00, 0x0F,
    0xF0, 0x00, 0x00, 0x00, 0x00, 0x0F, 0xF0, 0x00, 0x00, 0x00, 0x00, 0x07, 0xE0, 0x00, 0x00, 0x00, 0x00, 0x03, 0xC0,
    0x00, 0x00, 0x00, 0x00, 0x03, 0xC0, 0x00, 0x00, 0x00, 0x00, 0x07, 0xE0, 0x00, 0x00, 0x00, 0x00, 0x0F, 0xF0, 0x00,
    0x00, 0x00, 0x00, 0x0F, 0xF0, 0x00, 0x00, 0x00, 0x00, 0x0F, 0xF0, 0x00, 0x00, 0x00, 0x00, 0x0F, 0xF0, 0x00, 0x00,
    0x00, 0x00, 0x07, 0xE0, 0x00, 0x00, 0x00, 0x00, 0x03, 0xC0, 0x00, 0x00, 0x00, 0x00, 0x00, 0x03, 0xC3, 0xC3, 0xC0,
    0x00, 0x00, 0x07, 0xE7, 0xE7, 0xE0, 0x00, 0x00, 0x0F, 0xFF, 0xFF, 0xF0, 0x00, 0x00, 0x0F, 0xFF, 0xFF, 0xF0, 0x00,
    0x00, 0x0F, 0xFF, 0xFF, 0xF0, 0x00, 0x00, 0x0F, 0xFF, 0xFF, 0xF0, 0x00, 0x00, 0x07, 0xE7, 0xE7, 0xE0, 0x00, 0x00,
    0x03, 0xC3, 0xC3, 0xC0, 0x00, 0x03, 0xC0, 0x00, 0x00, 0x03, 0xC0, 0x07, 0xE0, 0x00, 0x00, 0x07, 0xE0, 0x0F, 0xF0,
    0x00, 0x00, 0x0F, 0xF0, 0x0F, 0xF0, 0x00, 0x00, 0x0F, 0xF0, 0x0F, 0xF0, 0x00, 0x00, 0x0F, 0xF0, 0x0F, 0xF0, 0x00,
    0x00, 0x0F, 0xF0, 0x07, 0xE0, 0x00, 0x00, 0x07, 0xE0, 0x03, 0xC0, 0x00, 0x00, 0x03, 0xC0, 0x03, 0xC0, 0x00, 0x00,
    0x03, 0xC0, 0x07, 0xE0, 0x00, 0x00, 0x07, 0xE0, 0x0F, 0xF0, 0x00, 0x00, 0x0F, 0xF0, 0x0F, 0xF0, 0x00, 0x00, 0x0F,
    0xF0, 0x0F, 0xF0, 0x00, 0x00, 0x0F, 0xF0, 0x0F, 0xF0, 0x00, 0x00, 0x0F, 0xF0, 0x07, 0xE0, 0x00, 0x00, 0x07, 0xE0,
    0x03, 0xC0, 0x00, 0x00, 0x03, 0xC0, 0x03, 0xC0, 0x00, 0x00, 0x03, 0xC0, 0x07, 0xE0, 0x00, 0x00, 0x07, 0xE0, 0x0F,
    0xF0, 0x00, 0x00, 0x0F, 0xF0, 0x0F, 0xF0, 0x00, 0x00, 0x0F, 0xF0, 0x0F, 0xF0, 0x00, 0x00, 0x0F, 0xF0, 0x0F, 0xF0,
    0x00, 0x00, 0x0F, 0xF0, 0x07, 0xE0, 0x00, 0x00, 0x07, 0xE0, 0x03, 0xC0, 0x00, 0x00, 0x03, 0xC0, 0x03, 0xC0, 0x00,
    0x00, 0x03, 0xC0, 0x07, 0xE0, 0x00, 0x00, 0x07, 0xE0, 0x0F, 0xF0, 0x03, 0xC0, 0x0F, 0xF0, 0x0F, 0xF0, 0x07, 0xE0,
    0x0F, 0xF0, 0x0F, 0xF0, 0x0F, 0xF0, 0x0F, 0xF0, 0x0F, 0xF0, 0x0F, 0xF0, 0x0F, 0xF0, 0x07, 0xE0, 0x0F, 0xF0, 0x07,
    0xE0, 0x03, 0xC0, 0x0F, 0xF0, 0x03, 0xC0, 0x03, 0xC0, 0x07, 0xE3, 0xC0, 0x00, 0x07, 0xE0, 0x03, 0xC7, 0xE0, 0x00,
    0x0F, 0xF0, 0x00, 0x0F, 0xF0, 0x00, 0x0F, 0xF0, 0x00, 0x0F, 0xF0, 0x00, 0x0F, 0xF0, 0x00, 0x0F, 0xF0, 0x00, 0x0F,
    0xF0, 0x00, 0x0F, 0xF0, 0x00, 0x07, 0xE0, 0x00, 0x07, 0xE0, 0x00, 0x03, 0xC0, 0x00, 0x03, 0xC0, 0x00, 0x00, 0x03,
    0xC3, 0xC0, 0x03, 0xC0, 0x00, 0x07, 0xE7, 0xE0, 0x07, 0xE0, 0x00, 0x0F, 0xFF, 0xF0, 0x0F, 0xF0, 0x00, 0x0F, 0xFF,
    0xF0, 0x0F, 0xF0, 0x00, 0x0F, 0xFF, 0xF0, 0x0F, 0xF0, 0x00, 0x0F, 0xFF, 0xF0, 0x0F, 0xF0, 0x00, 0x07, 0xE7, 0xE0,
    0x07, 0xE0, 0x00, 0x03, 0xC3, 0xC0, 0x03, 0xC0, 0x03, 0xC3, 0xC3, 0xC3, 0xC0, 0x00, 0x07, 0xE7, 0xE7, 0xE7, 0xE0,
    0x00, 0x0F, 0xFF, 0xFF, 0xFF, 0xF0, 0x00, 0x0F, 0xFF, 0xFF, 0xFF, 0xF0, 0x00, 0x0F, 0xFF, 0xFF, 0xFF, 0xF0, 0x00,
    0x0F, 0xFF, 0xFF, 0xFF, 0xF0, 0x00, 0x07, 0xE7, 0xE7, 0xE7, 0xE0, 0x00, 0x03, 0xC3, 0xC3, 0xC3, 0xC0, 0x00, 0x03,
    0xC0, 0x00, 0x00, 0x03, 0xC0, 0x07, 0xE0, 0x00, 0x00, 0x07, 0xE0, 0x0F, 0xF0, 0x00, 0x00, 0x0F, 0xF0, 0x0F, 0xF0,
    0x00, 0x00, 0x0F, 0xF0, 0x0F, 0xF0, 0x00, 0x00, 0x0F, 0xF0, 0x0F, 0xF0, 0x00, 0x00, 0x0F, 0xF0, 0x07, 0xE0, 0x00,
    0x00, 0x07, 0xE0, 0x03, 0xC0, 0x00, 0x00, 0x03, 0xC0, 0x03, 0xC0, 0x00, 0x00, 0x03, 0xC0, 0x07, 0xE0, 0x00, 0x00,
    0x07, 0xE0, 0x0F, 0xF0, 0x00, 0x00, 0x0F, 0xF0, 0x0F, 0xF0, 0x00, 0x00, 0x0F, 0xF0, 0x0F, 0xF0, 0x00, 0x00, 0x0F,
    0xF0, 0x0F, 0xF0, 0x00, 0x00, 0x0F, 0xF0, 0x07, 0xE0, 0x00, 0x00, 0x07, 0xE0, 0x03, 0xC0, 0x00, 0x00, 0x03, 0xC0,
    0x03, 0xC3, 0xC3, 0xC3, 0xC0, 0x00, 0x07, 0xE7, 0xE7, 0xE7, 0xE0, 0x00, 0x0F, 0xFF, 0xFF, 0xFF, 0xF0, 0x00, 0x0F,
    0xFF, 0xFF, 0xFF, 0xF0, 0x00, 0x0F, 0xFF, 0xFF, 0xFF, 0xF0, 0x00, 0x0F, 0xFF, 0xFF, 0xFF, 0xF0, 0x00, 0x07, 0xE7,
    0xE7, 0xE7, 0xE0, 0x00, 0x03, 0xC3, 0xC3, 0xC3, 0xC0, 0x00, 0x03, 0xC0, 0x03, 0xC0, 0x00, 0x00, 0x07, 0xE0, 0x07,
    0xE0, 0x00, 0x00, 0x0F, 0xF0, 0x0F, 0xF0, 0x00, 0x00, 0x0F, 0xF0, 0x0F, 0xF0, 0x00, 0x00, 0x0F, 0xF0, 0x0F, 0xF0,
    0x00, 0x00, 0x0F, 0xF0, 0x0F, 0xF0, 0x00, 0x00, 0x07, 0xE0, 0x07, 0xE0, 0x00, 0x00, 0x03, 0xC0, 0x03, 0xC0, 0x00,
    0x00, 0x03, 0xC0, 0x00, 0x03, 0xC0, 0x00, 0x07, 0xE0, 0x00, 0x07, 0xE0, 0x00, 0x0F, 0xF0, 0x00, 0x0F, 0xF0, 0x00,
    0x0F, 0xF0, 0x00, 0x0F, 0xF0, 0x00, 0x0F, 0xF0, 0x00, 0x0F, 0xF0, 0x00, 0x0F, 0xF0, 0x00, 0x0F, 0xF0, 0x00, 0x07,
    0xE0, 0x00, 0x07, 0xE0, 0x00, 0x03, 0xC0, 0x00, 0x03, 0xC0, 0x00, 0x03, 0xC0, 0x00, 0x00, 0x03, 0xC0, 0x07, 0xE0,
    0x00, 0x00, 0x07, 0xE0, 0x0F, 0xF0, 0x00, 0x00, 0x0F, 0xF0, 0x0F, 0xF0, 0x00, 0x00, 0x0F, 0xF0, 0x0F, 0xF0, 0x00,
    0x00, 0x0F, 0xF0, 0x0F, 0xF0, 0x00, 0x00, 0x0F, 0xF0, 0x07, 0xE0, 0x00, 0x00, 0x07, 0xE0, 0x03, 0xC0, 0x00, 0x00,
    0x03, 0xC0, 0x00, 0x03, 0xC3, 0xC3, 0xC0, 0x00, 0x00, 0x07, 0xE7, 0xE7, 0xE0, 0x00, 0x00, 0x0F, 0xFF, 0xFF, 0xF0,
    0x00, 0x00, 0x0F, 0xFF, 0xFF, 0xF0, 0x00, 0x00, 0x0F, 0xFF, 0xFF, 0xF0, 0x00, 0x00, 0x0F, 0xFF, 0xFF, 0xF0, 0x00,
    0x00, 0x07, 0xE7, 0xE7, 0xE0, 0x00, 0x00, 0x03, 0xC3, 0xC3, 0xC0, 0x00, 0x03, 0xC0, 0x00, 0x00, 0x03, 0xC0, 0x07,
    0xE0, 0x00, 0x00, 0x07, 0xE0, 0x0F, 0xF0, 0x00, 0x00, 0x0F, 0xF0, 0x0F, 0xF0, 0x00, 0x00, 0x0F, 0xF0, 0x0F, 0xF0,
    0x00, 0x00, 0x0F, 0xF0, 0x0F, 0xF0, 0x00, 0x00, 0x0F, 0xF0, 0x07, 0xE0, 0x00, 0x00, 0x07, 0xE0, 0x03, 0xC0, 0x00,
    0x00, 0x03, 0xC0, 0x03, 0xC0, 0x00, 0x00, 0x00, 0x00, 0x07, 0xE0, 0x00, 0x00, 0x00, 0x00, 0x0F, 0xF0, 0x00, 0x00,
    0x00, 0x00, 0x0F, 0xF0, 0x00, 0x00, 0x00, 0x00, 0x0F, 0xF0, 0x00, 0x00, 0x00, 0x00, 0x0F, 0xF0, 0x00, 0x00, 0x00,
    0x00, 0x07, 0xE0, 0x00, 0x00, 0x00, 0x00, 0x03, 0xC0, 0x00, 0x00, 0x00, 0x00, 0x00, 0x03, 0xC3, 0xC3, 0xC0, 0x00,
    0x00, 0x07, 0xE7, 0xE7, 0xE0, 0x00, 0x00, 0x0F, 0xFF, 0xFF, 0xF0, 0x00, 0x00, 0x0F, 0xFF, 0xFF, 0xF0, 0x00, 0x00,
    0x0F, 0xFF, 0xFF, 0xF0, 0x00, 0x00, 0x0F, 0xFF, 0xFF, 0xF0, 0x00, 0x00, 0x07, 0xE7, 0xE7, 0xE0, 0x00, 0x00, 0x03,
    0xC3, 0xC3, 0xC0, 0x00, 0x00, 0x00, 0x00, 0x00, 0x03, 0xC0, 0x00, 0x00, 0x00, 0x00, 0x07, 0xE0, 0x00, 0x00, 0x00,
    0x00, 0x0F, 0xF0, 0x00, 0x00, 0x00, 0x00, 0x0F, 0xF0, 0x00, 0x00, 0x00, 0x00, 0x0F, 0xF0, 0x00, 0x00, 0x00, 0x00,
    0x0F, 0xF0, 0x00, 0x00, 0x00, 0x00, 0x07, 0xE0, 0x00, 0x00, 0x00, 0x00, 0x03, 0xC0, 0x03, 0xC0, 0x00, 0x00, 0x03,
    0xC0, 0x07, 0xE0, 0x00, 0x00, 0x07, 0xE0, 0x0F, 0xF0, 0x00, 0x00, 0x0F, 0xF0, 0x0F, 0xF0, 0x00, 0x00, 0x0F, 0xF0,
    0x0F, 0xF0, 0x00, 0x00, 0x0F, 0xF0, 0x0F, 0xF0, 0x00, 0x00, 0x0F, 0xF0, 0x07, 0xE0, 0x00, 0x00, 0x07, 0xE0, 0x03,
    0xC0, 0x00, 0x00, 0x03, 0xC0, 0x00, 0x03, 0xC3, 0xC3, 0xC0, 0x00, 0x00, 0x07, 0xE7, 0xE7, 0xE0, 0x00, 0x00, 0x0F,
    0xFF, 0xFF, 0xF0, 0x00, 0x00, 0x0F, 0xFF, 0xFF, 0xF0, 0x00, 0x00, 0x0F, 0xFF, 0xFF, 0xF0, 0x00, 0x00, 0x0F, 0xFF,
    0xFF, 0xF0, 0x00, 0x00, 0x07, 0xE7, 0xE7, 0xE0, 0x00, 0x00, 0x03, 0xC3, 0xC3, 0xC0, 0x00, 0x03, 0xC3, 0xC3, 0xC3,
    0xC3, 0xC0, 0x07, 0xE7, 0xE7, 0xE7, 0xE7, 0xE0, 0x0F, 0xFF, 0xFF, 0xFF, 0xFF, 0xF0, 0x0F, 0xFF, 0xFF, 0xFF, 0xFF,
    0xF0, 0x0F, 0xFF, 0xFF, 0xFF, 0xFF, 0xF0, 0x0F, 0xFF, 0xFF, 0xFF, 0xFF, 0xF0, 0x07, 0xE7, 0xE7, 0xE7, 0xE7, 0xE0,
    0x03, 0xC3, 0xC3, 0xC3, 0xC3, 0xC0, 0x00, 0x00, 0x03, 0xC0, 0x00, 0x00, 0x00, 0x00, 0x07, 0xE0, 0x00, 0x00, 0x00,
    0x00, 0x0F, 0xF0, 0x00, 0x00, 0x00, 0x00, 0x0F, 0xF0, 0x00, 0x00, 0x00, 0x00, 0x0F, 0xF0, 0x00, 0x00, 0x00, 0x00,
    0x0F, 0xF0, 0x00, 0x00, 0x00, 0x00, 0x07, 0xE0, 0x00, 0x00, 0x00, 0x00, 0x03, 0xC0, 0x00, 0x00, 0x00, 0x00, 0x03,
    0xC0, 0x00, 0x00, 0x00, 0x00, 0x07, 0xE0, 0x00, 0x00, 0x00, 0x00, 0x0F, 0xF0, 0x00, 0x00, 0x00, 0x00, 0x0F, 0xF0,
    0x00, 0x00, 0x00, 0x00, 0x0F, 0xF0, 0x00, 0x00, 0x00, 0x00, 0x0F, 0xF0, 0x00, 0x00, 0x00, 0x00, 0x07, 0xE0, 0x00,
    0x00, 0x00, 0x00, 0x03, 0xC0, 0x00, 0x00, 0x00, 0x00, 0x03, 0xC0, 0x00, 0x00, 0x00, 0x00, 0x07, 0xE0, 0x00, 0x00,
    0x00, 0x00, 0x0F, 0xF0, 0x00, 0x00, 0x00, 0x00, 0x0F, 0xF0, 0x00, 0x00, 0x00, 0x00, 0x0F, 0xF0, 0x00, 0x00, 0x00,
    0x00, 0x0F, 0xF0, 0x00, 0x00, 0x00, 0x00, 0x07, 0xE0, 0x00, 0x00, 0x00, 0x00, 0x03, 0xC0, 0x00, 0x00, 0x00, 0x00,
    0x03, 0xC0, 0x00, 0x00, 0x00, 0x00, 0x07, 0xE0, 0x00, 0x00, 0x00, 0x00, 0x0F, 0xF0, 0x00, 0x00, 0x00, 0x00, 0x0F,
    0xF0, 0x00, 0x00, 0x00, 0x00, 0x0F, 0xF0, 0x00, 0x00, 0x00, 0x00, 0x0F, 0xF0, 0x00, 0x00, 0x00, 0x00, 0x07, 0xE0,
    0x00, 0x00, 0x00, 0x00, 0x03, 0xC0, 0x00, 0x00, 0x00, 0x00, 0x03, 0xC0, 0x00, 0x00, 0x00, 0x00, 0x07, 0xE0, 0x00,
    0x00, 0x00, 0x00, 0x0F, 0xF0, 0x00, 0x00, 0x00, 0x00, 0x0F, 0xF0, 0x00, 0x00, 0x00, 0x00, 0x0F, 0xF0, 0x00, 0x00,
    0x00, 0x00, 0x0F, 0xF0, 0x00, 0x00, 0x00, 0x00, 0x07, 0xE0, 0x00, 0x00, 0x00, 0x00, 0x03, 0xC0, 0x00, 0x00, 0x00,
    0x00, 0x03, 0xC0, 0x00, 0x00, 0x00, 0x00, 0x07, 0xE0, 0x00, 0x00, 0x00, 0x00, 0x0F, 0xF0, 0x00, 0x00, 0x00, 0x00,
    0x0F, 0xF0, 0x00, 0x00, 0x00, 0x00, 0x0F, 0xF0, 0x00, 0x00, 0x00, 0x00, 0x0F, 0xF0, 0x00, 0x00, 0x00, 0x00, 0x07,
    0xE0, 0x00, 0x00, 0x00, 0x00, 0x03, 0xC0, 0x00, 0x00, 0x03, 0xC0, 0x00, 0x00, 0x03, 0xC0, 0x07, 0xE0, 0x00, 0x00,
    0x07, 0xE0, 0x0F, 0xF0, 0x00, 0x00, 0x0F, 0xF0, 0x0F, 0xF0, 0x00, 0x00, 0x0F, 0xF0, 0x0F, 0xF0, 0x00, 0x00, 0x0F,
    0xF0, 0x0F, 0xF0, 0x00, 0x00, 0x0F, 0xF0, 0x07, 0xE0, 0x00, 0x00, 0x07, 0xE0, 0x03, 0xC0, 0x00, 0x00, 0x03, 0xC0,
    0x03, 0xC0, 0x00, 0x00, 0x03, 0xC0, 0x07, 0xE0, 0x00, 0x00, 0x07, 0xE0, 0x0F, 0xF0, 0x00, 0x00, 0x0F, 0xF0, 0x0F,
    0xF0, 0x00, 0x00, 0x0F, 0xF0, 0x0F, 0xF0, 0x00, 0x00, 0x0F, 0xF0, 0x0F, 0xF0, 0x00, 0x00, 0x0F, 0xF0, 0x07, 0xE0,
    0x00, 0x00, 0x07, 0xE0, 0x03, 0xC0, 0x00, 0x00, 0x03, 0xC0, 0x03, 0xC0, 0x00, 0x00, 0x03, 0xC0, 0x07, 0xE0, 0x00,
    0x00, 0x07, 0xE0, 0x0F, 0xF0, 0x00, 0x00, 0x0F, 0xF0, 0x0F, 0xF0, 0x00, 0x00, 0x0F, 0xF0, 0x0F, 0xF0, 0x00, 0x00,
    0x0F, 0xF0, 0x0F, 0xF0, 0x00, 0x00, 0x0F, 0xF0, 0x07, 0xE0, 0x00, 0x00, 0x07, 0xE0, 0x03, 0xC0, 0x00, 0x00, 0x03,
    0xC0, 0x03, 0xC0, 0x00, 0x00, 0x03, 0xC0, 0x07, 0xE0, 0x00, 0x00, 0x07, 0xE0, 0x0F, 0xF0, 0x00, 0x00, 0x0F, 0xF0,
    0x0F, 0xF0, 0x00, 0x00, 0x0F, 0xF0, 0x0F, 0xF0, 0x00, 0x00, 0x0F, 0xF0, 0x0F, 0xF0, 0x00, 0x00, 0x0F, 0xF0, 0x07,
    0xE0, 0x00, 0x00, 0x07, 0xE0, 0x03, 0xC0, 0x00, 0x00, 0x03, 0xC0, 0x03, 0xC0, 0x00, 0x00, 0x03, 0xC0, 0x07, 0xE0,
    0x00, 0x00, 0x07, 0xE0, 0x0F, 0xF0, 0x00, 0x00, 0x0F, 0xF0, 0x0F, 0xF0, 0x00, 0x00, 0x0F, 0xF0, 0x0F, 0xF0, 0x00,
    0x00, 0x0F, 0xF0, 0x0F, 0xF0, 0x00, 0x00, 0x0F, 0xF0, 0x07, 0xE0, 0x00, 0x00, 0x07, 0xE0, 0x03, 0xC0, 0x00, 0x00,
    0x03, 0xC0, 0x03, 0xC0, 0x00, 0x00, 0x03, 0xC0, 0x07, 0xE0, 0x00, 0x00, 0x07, 0xE0, 0x0F, 0xF0, 0x00, 0x00, 0x0F,
    0xF0, 0x0F, 0xF0, 0x00, 0x00, 0x0F, 0xF0, 0x0F, 0xF0, 0x00, 0x00, 0x0F, 0xF0, 0x0F, 0xF0, 0x00, 0x00, 0x0F, 0xF0,
    0x07, 0xE0, 0x00, 0x00, 0x07, 0xE0, 0x03, 0xC0, 0x00, 0x00, 0x03, 0xC0, 0x00, 0x03, 0xC3, 0xC3, 0xC0, 0x00, 0x00,
    0x07, 0xE7, 0xE7, 0xE0, 0x00, 0x00, 0x0F, 0xFF, 0xFF, 0xF0, 0x00, 0x00, 0x0F, 0xFF, 0xFF, 0xF0, 0x00, 0x00, 0x0F,
    0xFF, 0xFF, 0xF0, 0x00, 0x00, 0x0F, 0xFF, 0xFF, 0xF0, 0x00, 0x00, 0x07, 0xE7, 0xE7, 0xE0, 0x00, 0x00, 0x03, 0xC3,
    0xC3, 0xC0, 0x00, 0x03, 0xC0, 0x00, 0x00, 0x03, 0xC0, 0x07, 0xE0, 0x00, 0x00, 0x07, 0xE0, 0x0F, 0xF0, 0x00, 0x00,
    0x0F, 0xF0, 0x0F, 0xF0, 0x00, 0x00, 0x0F, 0xF0, 0x0F, 0xF0, 0x00, 0x00, 0x0F, 0xF0, 0x0F, 0xF0, 0x00, 0x00, 0x0F,
    0xF0, 0x07, 0xE0, 0x00, 0x00, 0x07, 0xE0, 0x03, 0xC0, 0x00, 0x00, 0x03, 0xC0, 0x03, 0xC0, 0x00, 0x00, 0x03, 0xC0,
    0x07, 0xE0, 0x00, 0x00, 0x07, 0xE0, 0x0F, 0xF0, 0x00, 0x00, 0x0F, 0xF0, 0x0F, 0xF0, 0x00, 0x00, 0x0F, 0xF0, 0x0F,
    0xF0, 0x00, 0x00, 0x0F, 0xF0, 0x0F, 0xF0, 0x00, 0x00, 0x0F, 0xF0, 0x07, 0xE0, 0x00, 0x00, 0x07, 0xE0, 0x03, 0xC0,
    0x00, 0x00, 0x03, 0xC0, 0x03, 0xC0, 0x00, 0x00, 0x03, 0xC0, 0x07, 0xE0, 0x00, 0x00, 0x07, 0xE0, 0x0F, 0xF0, 0x00,
    0x00, 0x0F, 0xF0, 0x0F, 0xF0, 0x00, 0x00, 0x0F, 0xF0, 0x0F, 0xF0, 0x00, 0x00, 0x0F, 0xF0, 0x0F, 0xF0, 0x00, 0x00,
    0x0F, 0xF0, 0x07, 0xE0, 0x00, 0x00, 0x07, 0xE0, 0x03, 0xC0, 0x00, 0x00, 0x03, 0xC0, 0x03, 0xC0, 0x00, 0x00, 0x03,
    0xC0, 0x07, 0xE0, 0x00, 0x00, 0x07, 0xE0, 0x0F, 0xF0, 0x00, 0x00, 0x0F, 0xF0, 0x0F, 0xF0, 0x00, 0x00, 0x0F, 0xF0,
    0x0F, 0xF0, 0x00, 0x00, 0x0F, 0xF0, 0x0F, 0xF0, 0x00, 0x00, 0x0F, 0xF0, 0x07, 0xE0, 0x00, 0x00, 0x07, 0xE0, 0x03,
    0xC0, 0x00, 0x00, 0x03, 0xC0, 0x03, 0xC0, 0x00, 0x00, 0x03, 0xC0, 0x07, 0xE0, 0x00, 0x00, 0x07, 0xE0, 0x0F, 0xF0,
    0x00, 0x00, 0x0F, 0xF0, 0x0F, 0xF0, 0x00, 0x00, 0x0F, 0xF0, 0x0F, 0xF0, 0x00, 0x00, 0x0F, 0xF0, 0x0F, 0xF0, 0x00,
    0x00, 0x0F, 0xF0, 0x07, 0xE0, 0x00, 0x00, 0x07, 0xE0, 0x03, 0xC0, 0x00, 0x00, 0x03, 0xC0, 0x00, 0x03, 0xC0, 0x03,
    0xC0, 0x00, 0x00, 0x07, 0xE0, 0x07, 0xE0, 0x00, 0x00, 0x0F, 0xF0, 0x0F, 0xF0, 0x00, 0x00, 0x0F, 0xF0, 0x0F, 0xF0,
    0x00, 0x00, 0x0F, 0xF0, 0x0F, 0xF0, 0x00, 0x00, 0x0F, 0xF0, 0x0F, 0xF0, 0x00, 0x00, 0x07, 0xE0, 0x07, 0xE0, 0x00,
    0x00, 0x03, 0xC0, 0x03, 0xC0, 0x00, 0x00, 0x00, 0x03, 0xC0, 0x00, 0x00, 0x00, 0x00, 0x07, 0xE0, 0x00, 0x00, 0x00,
    0x00, 0x0F, 0xF0, 0x00, 0x00, 0x00, 0x00, 0x0F, 0xF0, 0x00, 0x00, 0x00, 0x00, 0x0F, 0xF0, 0x00, 0x00, 0x00, 0x00,
    0x0F, 0xF0, 0x00, 0x00, 0x00, 0x00, 0x07, 0xE0, 0x00, 0x00, 0x00, 0x00, 0x03, 0xC0, 0x00, 0x00, 0x03, 0xC0, 0x00,
    0x00, 0x03, 0xC0, 0x07, 0xE0, 0x00, 0x00, 0x07, 0xE0, 0x0F, 0xF0, 0x00, 0x00, 0x0F, 0xF0, 0x0F, 0xF0, 0x00, 0x00,
    0x0F, 0xF0, 0x0F, 0xF0, 0x00, 0x00, 0x0F, 0xF0, 0x0F, 0xF0, 0x00, 0x00, 0x0F, 0xF0, 0x07, 0xE0, 0x00, 0x00, 0x07,
    0xE0, 0x03, 0xC0, 0x00, 0x00, 0x03, 0xC0, 0x03, 0xC0, 0x00, 0x00, 0x03, 0xC0, 0x07, 0xE0, 0x00, 0x00, 0x07, 0xE0,
    0x0F, 0xF0, 0x00, 0x00, 0x0F, 0xF0, 0x0F, 0xF0, 0x00, 0x00, 0x0F, 0xF0, 0x0F, 0xF0, 0x00, 0x00, 0x0F, 0xF0, 0x0F,
    0xF0, 0x00, 0x00, 0x0F, 0xF0, 0x07, 0xE0, 0x00, 0x00, 0x07, 0xE0, 0x03, 0xC0, 0x00, 0x00, 0x03, 0xC0, 0x03, 0xC0,
    0x00, 0x00, 0x03, 0xC0, 0x07, 0xE0, 0x00, 0x00, 0x07, 0xE0, 0x0F, 0xF0, 0x00, 0x00, 0x0F, 0xF0, 0x0F, 0xF0, 0x00,
    0x00, 0x0F, 0xF0, 0x0F, 0xF0, 0x00, 0x00, 0x0F, 0xF0, 0x0F, 0xF0, 0x00, 0x00, 0x0F, 0xF0, 0x07, 0xE0, 0x00, 0x00,
    0x07, 0xE0, 0x03, 0xC0, 0x00, 0x00, 0x03, 0xC0, 0x03, 0xC0, 0x03, 0xC0, 0x03, 0xC0, 0x07, 0xE0, 0x07, 0xE0, 0x07,
    0xE0, 0x0F, 0xF0, 0x0F, 0xF0, 0x0F, 0xF0, 0x0F, 0xF0, 0x0F, 0xF0, 0x0F, 0xF0, 0x0F, 0xF0, 0x0F, 0xF0, 0x0F, 0xF0,
    0x0F, 0xF0, 0x0F, 0xF0, 0x0F, 0xF0, 0x07, 0xE0, 0x07, 0xE0, 0x07, 0xE0, 0x03, 0xC0, 0x03, 0xC0, 0x03, 0xC0, 0x03,
    0xC0, 0x03, 0xC0, 0x03, 0xC0, 0x07, 0xE0, 0x07, 0xE0, 0x07, 0xE0, 0x0F, 0xF0, 0x0F, 0xF0, 0x0F, 0xF0, 0x0F, 0xF0,
    0x0F, 0xF0, 0x0F, 0xF0, 0x0F, 0xF0, 0x0F, 0xF0, 0x0F, 0xF0, 0x0F, 0xF0, 0x0F, 0xF0, 0x0F, 0xF0, 0x07, 0xE0, 0x07,
    0xE0, 0x07, 0xE0, 0x03, 0xC0, 0x03, 0xC0, 0x03, 0xC0, 0x03, 0xC0, 0x03, 0xC0, 0x03, 0xC0, 0x07, 0xE0, 0x07, 0xE0,
    0x07, 0xE0, 0x0F, 0xF0, 0x0F, 0xF0, 0x0F, 0xF0, 0x0F, 0xF0, 0x0F, 0xF0, 0x0F, 0xF0, 0x0F, 0xF0, 0x0F, 0xF0, 0x0F,
    0xF0, 0x0F, 0xF0, 0x0F, 0xF0, 0x0F, 0xF0, 0x07, 0xE0, 0x07, 0xE0, 0x07, 0xE0, 0x03, 0xC0, 0x03, 0xC0, 0x03, 0xC0,
    0x00, 0x03, 0xC0, 0x03, 0xC0, 0x00, 0x00, 0x07, 0xE0, 0x07, 0xE0, 0x00, 0x00, 0x0F, 0xF0, 0x0F, 0xF0, 0x00, 0x00,
    0x0F, 0xF0, 0x0F, 0xF0, 0x00, 0x00, 0x0F, 0xF0, 0x0F, 0xF0, 0x00, 0x00, 0x0F, 0xF0, 0x0F, 0xF0, 0x00, 0x00, 0x07,
    0xE0, 0x07, 0xE0, 0x00, 0x00, 0x03, 0xC0, 0x03, 0xC0, 0x00, 0x03, 0xC0, 0x00, 0x00, 0x03, 0xC0, 0x07, 0xE0, 0x00,
    0x00, 0x07, 0xE0, 0x0F, 0xF0, 0x00, 0x00, 0x0F, 0xF0, 0x0F, 0xF0, 0x00, 0x00, 0x0F, 0xF0, 0x0F, 0xF0, 0x00, 0x00,
    0x0F, 0xF0, 0x0F, 0xF0, 0x00, 0x00, 0x0F, 0xF0, 0x07, 0xE0, 0x00, 0x00, 0x07, 0xE0, 0x03, 0xC0, 0x00, 0x00, 0x03,
    0xC0, 0x03, 0xC0, 0x00, 0x00, 0x03, 0xC0, 0x07, 0xE0, 0x00, 0x00, 0x07, 0xE0, 0x0F, 0xF0, 0x00, 0x00, 0x0F, 0xF0,
    0x0F, 0xF0, 0x00, 0x00, 0x0F, 0xF0, 0x0F, 0xF0, 0x00, 0x00, 0x0F, 0xF0, 0x0F, 0xF0, 0x00, 0x00, 0x0F, 0xF0, 0x07,
    0xE0, 0x00, 0x00, 0x07, 0xE0, 0x03, 0xC0, 0x00, 0x00, 0x03, 0xC0, 0x00, 0x03, 0xC0, 0x03, 0xC0, 0x00, 0x00, 0x07,
    0xE0, 0x07, 0xE0, 0x00, 0x00, 0x0F, 0xF0, 0x0F, 0xF0, 0x00, 0x00, 0x0F, 0xF0, 0x0F, 0xF0, 0x00, 0x00, 0x0F, 0xF0,
    0x0F, 0xF0, 0x00, 0x00, 0x0F, 0xF0, 0x0F, 0xF0, 0x00, 0x00, 0x07, 0xE0, 0x07, 0xE0, 0x00, 0x00, 0x03, 0xC0, 0x03,
    0xC0, 0x00, 0x00, 0x00, 0x03, 0xC0, 0x00, 0x00, 0x00, 0x00, 0x07, 0xE0, 0x00, 0x00, 0x00, 0x00, 0x0F, 0xF0, 0x00,
    0x00, 0x00, 0x00, 0x0F, 0xF0, 0x00, 0x00, 0x00, 0x00, 0x0F, 0xF0, 0x00, 0x00, 0x00, 0x00, 0x0F, 0xF0, 0x00, 0x00,
    0x00, 0x00, 0x07, 0xE0, 0x00, 0x00, 0x00, 0x00, 0x03, 0xC0, 0x00, 0x00, 0x00, 0x03, 0xC0, 0x03, 0xC0, 0x00, 0x00,
    0x07, 0xE0, 0x07, 0xE0, 0x00, 0x00, 0x0F, 0xF0, 0x0F, 0xF0, 0x00, 0x00, 0x0F, 0xF0, 0x0F, 0xF0, 0x00, 0x00, 0x0F,
    0xF0, 0x0F, 0xF0, 0x00, 0x00, 0x0F, 0xF0, 0x0F, 0xF0, 0x00, 0x00, 0x07, 0xE0, 0x07, 0xE0, 0x00, 0x00, 0x03, 0xC0,
    0x03, 0xC0, 0x00, 0x03, 0xC0, 0x00, 0x00, 0x03, 0xC0, 0x07, 0xE0, 0x00, 0x00, 0x07, 0xE0, 0x0F, 0xF0, 0x00, 0x00,
    0x0F, 0xF0, 0x0F, 0xF0, 0x00, 0x00, 0x0F, 0xF0, 0x0F, 0xF0, 0x00, 0x00, 0x0F, 0xF0, 0x0F, 0xF0, 0x00, 0x00, 0x0F,
    0xF0, 0x07, 0xE0, 0x00, 0x00, 0x07, 0xE0, 0x03, 0xC0, 0x00, 0x00, 0x03, 0xC0, 0x03, 0xC0, 0x00, 0x00, 0x03, 0xC0,
    0x07, 0xE0, 0x00, 0x00, 0x07, 0xE0, 0x0F, 0xF0, 0x00, 0x00, 0x0F, 0xF0, 0x0F, 0xF0, 0x00, 0x00, 0x0F, 0xF0, 0x0F,
    0xF0, 0x00, 0x00, 0x0F, 0xF0, 0x0F, 0xF0, 0x00, 0x00, 0x0F, 0xF0, 0x07, 0xE0, 0x00, 0x00, 0x07, 0xE0, 0x03, 0xC0,
    0x00, 0x00, 0x03, 0xC0, 0x03, 0xC0, 0x00, 0x00, 0x03, 0xC0, 0x07, 0xE0, 0x00, 0x00, 0x07, 0xE0, 0x0F, 0xF0, 0x00,
    0x00, 0x0F, 0xF0, 0x0F, 0xF0, 0x00, 0x00, 0x0F, 0xF0, 0x0F, 0xF0, 0x00, 0x00, 0x0F, 0xF0, 0x0F, 0xF0, 0x00, 0x00,
    0x0F, 0xF0, 0x07, 0xE0, 0x00, 0x00, 0x07, 0xE0, 0x03, 0xC0, 0x00, 0x00, 0x03, 0xC0, 0x03, 0xC0, 0x00, 0x00, 0x03,
    0xC0, 0x07, 0xE0, 0x00, 0x00, 0x07, 0xE0, 0x0F, 0xF0, 0x00, 0x00, 0x0F, 0xF0, 0x0F, 0xF0, 0x00, 0x00, 0x0F, 0xF0,
    0x0F, 0xF0, 0x00, 0x00, 0x0F, 0xF0, 0x0F, 0xF0, 0x00, 0x00, 0x0F, 0xF0, 0x07, 0xE0, 0x00, 0x00, 0x07, 0xE0, 0x03,
    0xC0, 0x00, 0x00, 0x03, 0xC0, 0x00, 0x03, 0xC0, 0x03, 0xC0, 0x00, 0x00, 0x07, 0xE0, 0x07, 0xE0, 0x00, 0x00, 0x0F,
    0xF0, 0x0F, 0xF0, 0x00, 0x00, 0x0F, 0xF0, 0x0F, 0xF0, 0x00, 0x00, 0x0F, 0xF0, 0x0F, 0xF0, 0x00, 0x00, 0x0F, 0xF0,
    0x0F, 0xF0, 0x00, 0x00, 0x07, 0xE0, 0x07, 0xE0, 0x00, 0x00, 0x03, 0xC0, 0x03, 0xC0, 0x00, 0x00, 0x00, 0x03, 0xC0,
    0x00, 0x00, 0x00, 0x00, 0x07, 0xE0, 0x00, 0x00, 0x00, 0x00, 0x0F, 0xF0, 0x00, 0x00, 0x00, 0x00, 0x0F, 0xF0, 0x00,
    0x00, 0x00, 0x00, 0x0F, 0xF0, 0x00, 0x00, 0x00, 0x00, 0x0F, 0xF0, 0x00, 0x00, 0x00, 0x00, 0x07, 0xE0, 0x00, 0x00,
    0x00, 0x00, 0x03, 0xC0, 0x00, 0x00, 0x00, 0x00, 0x03, 0xC0, 0x00, 0x00, 0x00, 0x00, 0x07, 0xE0, 0x00, 0x00, 0x00,
    0x00, 0x0F, 0xF0, 0x00, 0x00, 0x00, 0x00, 0x0F, 0xF0, 0x00, 0x00, 0x00, 0x00, 0x0F, 0xF0, 0x00, 0x00, 0x00, 0x00,
    0x0F, 0xF0, 0x00, 0x00, 0x00, 0x00, 0x07, 0xE0, 0x00, 0x00, 0x00, 0x00, 0x03, 0xC0, 0x00, 0x00, 0x00, 0x00, 0x03,
    0xC0, 0x00, 0x00, 0x00, 0x00, 0x07, 0xE0, 0x00, 0x00, 0x00, 0x00, 0x0F, 0xF0, 0x00, 0x00, 0x00, 0x00, 0x0F, 0xF0,
    0x00, 0x00, 0x00, 0x00, 0x0F, 0xF0, 0x00, 0x00, 0x00, 0x00, 0x0F, 0xF0, 0x00, 0x00, 0x00, 0x00, 0x07, 0xE0, 0x00,
    0x00, 0x00, 0x00, 0x03, 0xC0, 0x00, 0x00, 0x00, 0x00, 0x03, 0xC0, 0x00, 0x00, 0x00, 0x00, 0x07, 0xE0, 0x00, 0x00,
    0x00, 0x00, 0x0F, 0xF0, 0x00, 0x00, 0x00, 0x00, 0x0F, 0xF0, 0x00, 0x00, 0x00, 0x00, 0x0F, 0xF0, 0x00, 0x00, 0x00,
    0x00, 0x0F, 0xF0, 0x00, 0x00, 0x00, 0x00, 0x07, 0xE0, 0x00, 0x00, 0x00, 0x00, 0x03, 0xC0, 0x00, 0x00, 0x03, 0xC3,
    0xC3, 0xC3, 0xC3, 0xC0, 0x07, 0xE7, 0xE7, 0xE7, 0xE7, 0xE0, 0x0F, 0xFF, 0xFF, 0xFF, 0xFF, 0xF0, 0x0F, 0xFF, 0xFF,
    0xFF, 0xFF, 0xF0, 0x0F, 0xFF, 0xFF, 0xFF, 0xFF, 0xF0, 0x0F, 0xFF, 0xFF, 0xFF, 0xFF, 0xF0, 0x07, 0xE7, 0xE7, 0xE7,
    0xE7, 0xE0, 0x03, 0xC3, 0xC3, 0xC3, 0xC3, 0xC0, 0x00, 0x00, 0x00, 0x00, 0x03, 0xC0, 0x00, 0x00, 0x00, 0x00, 0x07,
    0xE0, 0x00, 0x00, 0x00, 0x00, 0x0F, 0xF0, 0x00, 0x00, 0x00, 0x00, 0x0F, 0xF0, 0x00, 0x00, 0x00, 0x00, 0x0F, 0xF0,
    0x00, 0x00, 0x00, 0x00, 0x0F, 0xF0, 0x00, 0x00, 0x00, 0x00, 0x07, 0xE0, 0x00, 0x00, 0x00, 0x00, 0x03, 0xC0, 0x00,
    0x00, 0x00, 0x03, 0xC0, 0x00, 0x00, 0x00, 0x00, 0x07, 0xE0, 0x00, 0x00, 0x00, 0x00, 0x0F, 0xF0, 0x00, 0x00, 0x00,
    0x00, 0x0F, 0xF0, 0x00, 0x00, 0x00, 0x00, 0x0F, 0xF0, 0x00, 0x00, 0x00, 0x00, 0x0F, 0xF0, 0x00, 0x00, 0x00, 0x00,
    0x07, 0xE0, 0x00, 0x00, 0x00, 0x00, 0x03, 0xC0, 0x00, 0x00, 0x00, 0x03, 0xC0, 0x00, 0x00, 0x00, 0x00, 0x07, 0xE0,
    0x00, 0x00, 0x00, 0x00, 0x0F, 0xF0, 0x00, 0x00, 0x00, 0x00, 0x0F, 0xF0, 0x00, 0x00, 0x00, 0x00, 0x0F, 0xF0, 0x00,
    0x00, 0x00, 0x00, 0x0F, 0xF0, 0x00, 0x00, 0x00, 0x00, 0x07, 0xE0, 0x00, 0x00, 0x00, 0x00, 0x03, 0xC0, 0x00, 0x00,
    0x00, 0x03, 0xC0, 0x00, 0x00, 0x00, 0x00, 0x07, 0xE0, 0x00, 0x00, 0x00, 0x00, 0x0F, 0xF0, 0x00, 0x00, 0x00, 0x00,
    0x0F, 0xF0, 0x00, 0x00, 0x00, 0x00, 0x0F, 0xF0, 0x00, 0x00, 0x00, 0x00, 0x0F, 0xF0, 0x00, 0x00, 0x00, 0x00, 0x07,
    0xE0, 0x00, 0x00, 0x00, 0x00, 0x03, 0xC0, 0x00, 0x00, 0x00, 0x03, 0xC0, 0x00, 0x00, 0x00, 0x00, 0x07, 0xE0, 0x00,
    0x00, 0x00, 0x00, 0x0F, 0xF0, 0x00, 0x00, 0x00, 0x00, 0x0F, 0xF0, 0x00, 0x00, 0x00, 0x00, 0x0F, 0xF0, 0x00, 0x00,
    0x00, 0x00, 0x0F, 0xF0, 0x00, 0x00, 0x00, 0x00, 0x07, 0xE0, 0x00, 0x00, 0x00, 0x00, 0x03, 0xC0, 0x00, 0x00, 0x00,
    0x00, 0x03, 0xC3, 0xC3, 0xC3, 0xC3, 0xC0, 0x07, 0xE7, 0xE7, 0xE7, 0xE7, 0xE0, 0x0F, 0xFF, 0xFF, 0xFF, 0xFF, 0xF0,
    0x0F, 0xFF, 0xFF, 0xFF, 0xFF, 0xF0, 0x0F, 0xFF, 0xFF, 0xFF, 0xFF, 0xF0, 0x0F, 0xFF, 0xFF, 0xFF, 0xFF, 0xF0, 0x07,
    0xE7, 0xE7, 0xE7, 0xE7, 0xE0, 0x03, 0xC3, 0xC3, 0xC3, 0xC3, 0xC0, 0x00, 0x00, 0x03, 0xC3, 0xC0, 0x00, 0x00, 0x07,
    0xE7, 0xE0, 0x00, 0x00, 0x0F, 0xFF, 0xF0, 0x00, 0x00, 0x0F, 0xFF, 0xF0, 0x00, 0x00, 0x0F, 0xFF, 0xF0, 0x00, 0x00,
    0x0F, 0xFF, 0xF0, 0x00, 0x00, 0x07, 0xE7, 0xE0, 0x00, 0x00, 0x03, 0xC3, 0xC0, 0x00, 0x03, 0xC0, 0x00, 0x00, 0x00,
    0x07, 0xE0, 0x00, 0x00, 0x00, 0x0F, 0xF0, 0x00, 0x00, 0x00, 0x0F, 0xF0, 0x00, 0x00, 0x00, 0x0F, 0xF0, 0x00, 0x00,
    0x00, 0x0F, 0xF0, 0x00, 0x00, 0x00, 0x07, 0xE0, 0x00, 0x00, 0x00, 0x03, 0xC0, 0x00, 0x00, 0x00, 0x03, 0xC0, 0x00,
    0x00, 0x00, 0x07, 0xE0, 0x00, 0x00, 0x00, 0x0F, 0xF0, 0x00, 0x00, 0x00, 0x0F, 0xF0, 0x00, 0x00, 0x00, 0x0F, 0xF0,
    0x00, 0x00, 0x00, 0x0F, 0xF0, 0x00, 0x00, 0x00, 0x07, 0xE0, 0x00, 0x00, 0x00, 0x03, 0xC0, 0x00, 0x00, 0x03, 0xC0,
    0x00, 0x00, 0x00, 0x07, 0xE0, 0x00, 0x00, 0x00, 0x0F, 0xF0, 0x00, 0x00, 0x00, 0x0F, 0xF0, 0x00, 0x00, 0x00, 0x0F,
    0xF0, 0x00, 0x00, 0x00, 0x0F, 0xF0, 0x00, 0x00, 0x00, 0x07, 0xE0, 0x00, 0x00, 0x00, 0x03, 0xC0, 0x00, 0x00, 0x00,
    0x00, 0x03, 0xC0, 0x00, 0x00, 0x00, 0x07, 0xE0, 0x00, 0x00, 0x00, 0x0F, 0xF0, 0x00, 0x00, 0x00, 0x0F, 0xF0, 0x00,
    0x00, 0x00, 0x0F, 0xF0, 0x00, 0x00, 0x00, 0x0F, 0xF0, 0x00, 0x00, 0x00, 0x07, 0xE0, 0x00, 0x00, 0x00, 0x03, 0xC0,
    0x00, 0x00, 0x00, 0x03, 0xC0, 0x00, 0x00, 0x00, 0x07, 0xE0, 0x00, 0x00, 0x00, 0x0F, 0xF0, 0x00, 0x00, 0x00, 0x0F,
    0xF0, 0x00, 0x00, 0x00, 0x0F, 0xF0, 0x00, 0x00, 0x00, 0x0F, 0xF0, 0x00, 0x00, 0x00, 0x07, 0xE0, 0x00, 0x00, 0x00,
    0x03, 0xC0, 0x00, 0x00, 0x00, 0x00, 0x03, 0xC3, 0xC0, 0x00, 0x00, 0x07, 0xE7, 0xE0, 0x00, 0x00, 0x0F, 0xFF, 0xF0,
    0x00, 0x00, 0x0F, 0xFF, 0xF0, 0x00, 0x00, 0x0F, 0xFF, 0xF0, 0x00, 0x00, 0x0F, 0xFF, 0xF0, 0x00, 0x00, 0x07, 0xE7,
    0xE0, 0x00, 0x00, 0x03, 0xC3, 0xC0, 0x03, 0xC0, 0x07, 0xE0, 0x0F, 0xF0, 0x0F, 0xF0, 0x0F, 0xF0, 0x0F, 0xF0, 0x07,
    0xE0, 0x03, 0xC0, 0x03, 0xC0, 0x07, 0xE0, 0x0F, 0xF0, 0x0F, 0xF0, 0x0F, 0xF0, 0x0F, 0xF0, 0x07, 0xE0, 0x03, 0xC0,
    0x03, 0xC0, 0x07, 0xE0, 0x0F, 0xF0, 0x0F, 0xF0, 0x0F, 0xF0, 0x0F, 0xF0, 0x07, 0xE0, 0x03, 0xC0, 0x03, 0xC0, 0x07,
    0xE0, 0x0F, 0xF0, 0x0F, 0xF0, 0x0F, 0xF0, 0x0F, 0xF0, 0x07, 0xE0, 0x03, 0xC0, 0x03, 0xC0, 0x07, 0xE0, 0x0F, 0xF0,
    0x0F, 0xF0, 0x0F, 0xF0, 0x0F, 0xF0, 0x07, 0xE0, 0x03, 0xC0, 0x03, 0xC0, 0x07, 0xE0, 0x0F, 0xF0, 0x0F, 0xF0, 0x0F,
    0xF0, 0x0F, 0xF0, 0x07, 0xE0, 0x03, 0xC0, 0x03, 0xC0, 0x07, 0xE0, 0x0F, 0xF0, 0x0F, 0xF0, 0x0F, 0xF0, 0x0F, 0xF0,
    0x07, 0xE0, 0x03, 0xC0, 0x03, 0xC0, 0x07, 0xE0, 0x0F, 0xF0, 0x0F, 0xF0, 0x0F, 0xF0, 0x0F, 0xF0, 0x07, 0xE0, 0x03,
    0xC0, 0x03, 0xC3, 0xC0, 0x00, 0x00, 0x07, 0xE7, 0xE0, 0x00, 0x00, 0x0F, 0xFF, 0xF0, 0x00, 0x00, 0x0F, 0xFF, 0xF0,
    0x00, 0x00, 0x0F, 0xFF, 0xF0, 0x00, 0x00, 0x0F, 0xFF, 0xF0, 0x00, 0x00, 0x07, 0xE7, 0xE0, 0x00, 0x00, 0x03, 0xC3,
    0xC0, 0x00, 0x00, 0x00, 0x00, 0x03, 0xC0, 0x00, 0x00, 0x00, 0x07, 0xE0, 0x00, 0x00, 0x00, 0x0F, 0xF0, 0x00, 0x00,
    0x00, 0x0F, 0xF0, 0x00, 0x00, 0x00, 0x0F, 0xF0, 0x00, 0x00, 0x00, 0x0F, 0xF0, 0x00, 0x00, 0x00, 0x07, 0xE0, 0x00,
    0x00, 0x00, 0x03, 0xC0, 0x00, 0x00, 0x00, 0x03, 0xC0, 0x00, 0x00, 0x00, 0x07, 0xE0, 0x00, 0x00, 0x00, 0x0F, 0xF0,
    0x00, 0x00, 0x00, 0x0F, 0xF0, 0x00, 0x00, 0x00, 0x0F, 0xF0, 0x00, 0x00, 0x00, 0x0F, 0xF0, 0x00, 0x00, 0x00, 0x07,
    0xE0, 0x00, 0x00, 0x00, 0x03, 0xC0, 0x00, 0x00, 0x00, 0x00, 0x03, 0xC0, 0x00, 0x00, 0x00, 0x07, 0xE0, 0x00, 0x00,
    0x00, 0x0F, 0xF0, 0x00, 0x00, 0x00, 0x0F, 0xF0, 0x00, 0x00, 0x00, 0x0F, 0xF0, 0x00, 0x00, 0x00, 0x0F, 0xF0, 0x00,
    0x00, 0x00, 0x07, 0xE0, 0x00, 0x00, 0x00, 0x03, 0xC0, 0x00, 0x00, 0x03, 0xC0, 0x00, 0x00, 0x00, 0x07, 0xE0, 0x00,
    0x00, 0x00, 0x0F, 0xF0, 0x00, 0x00, 0x00, 0x0F, 0xF0, 0x00, 0x00, 0x00, 0x0F, 0xF0, 0x00, 0x00, 0x00, 0x0F, 0xF0,
    0x00, 0x00, 0x00, 0x07, 0xE0, 0x00, 0x00, 0x00, 0x03, 0xC0, 0x00, 0x00, 0x00, 0x03, 0xC0, 0x00, 0x00, 0x00, 0x07,
    0xE0, 0x00, 0x00, 0x00, 0x0F, 0xF0, 0x00, 0x00, 0x00, 0x0F, 0xF0, 0x00, 0x00, 0x00, 0x0F, 0xF0, 0x00, 0x00, 0x00,
    0x0F, 0xF0, 0x00, 0x00, 0x00, 0x07, 0xE0, 0x00, 0x00, 0x00, 0x03, 0xC0, 0x00, 0x03, 0xC3, 0xC0, 0x00, 0x00, 0x07,
    0xE7, 0xE0, 0x00, 0x00, 0x0F, 0xFF, 0xF0, 0x00, 0x00, 0x0F, 0xFF, 0xF0, 0x00, 0x00, 0x0F, 0xFF, 0xF0, 0x00, 0x00,
    0x0F, 0xFF, 0xF0, 0x00, 0x00, 0x07, 0xE7, 0xE0, 0x00, 0x00, 0x03, 0xC3, 0xC0, 0x00, 0x00, 0x00, 0x03, 0xC0, 0x00,
    0x00, 0x00, 0x00, 0x07, 0xE0, 0x00, 0x00, 0x00, 0x00, 0x0F, 0xF0, 0x00, 0x00, 0x00, 0x00, 0x0F, 0xF0, 0x00, 0x00,
    0x00, 0x00, 0x0F, 0xF0, 0x00, 0x00, 0x00, 0x00, 0x0F, 0xF0, 0x00, 0x00, 0x00, 0x00, 0x07, 0xE0, 0x00, 0x00, 0x00,
    0x00, 0x03, 0xC0, 0x00, 0x00, 0x00, 0x03, 0xC0, 0x03, 0xC0, 0x03, 0xC0, 0x07, 0xE0, 0x07, 0xE0, 0x07, 0xE0, 0x0F,
    0xF0, 0x0F, 0xF0, 0x0F, 0xF0, 0x0F, 0xF0, 0x0F, 0xF0, 0x0F, 0xF0, 0x0F, 0xF0, 0x0F, 0xF0, 0x0F, 0xF0, 0x0F, 0xF0,
    0x0F, 0xF0, 0x0F, 0xF0, 0x07, 0xE0, 0x07, 0xE0, 0x07, 0xE0, 0x03, 0xC0, 0x03, 0xC0, 0x03, 0xC0, 0x00, 0x00, 0x00,
    0x03, 0xC0, 0x00, 0x00, 0x00, 0x00, 0x07, 0xE0, 0x00, 0x00, 0x00, 0x00, 0x0F, 0xF0, 0x00, 0x00, 0x00, 0x00, 0x0F,
    0xF0, 0x00, 0x00, 0x00, 0x00, 0x0F, 0xF0, 0x00, 0x00, 0x00, 0x00, 0x0F, 0xF0, 0x00, 0x00, 0x00, 0x00, 0x07, 0xE0,
    0x00, 0x00, 0x00, 0x00, 0x03, 0xC0, 0x00, 0x00, 0x00, 0x00, 0x00, 0x00, 0x00, 0x00, 0x00, 0x00, 0x00, 0x00, 0x00,
    0x00, 0x00, 0x00, 0x00, 0x00, 0x00, 0x00, 0x00, 0x00, 0x00, 0x00, 0x00, 0x00, 0x00, 0x00, 0x00, 0x00, 0x00, 0x00,
    0x00, 0x00, 0x00, 0x00, 0x00, 0x00, 0x00, 0x00, 0x00, 0x00, 0x00, 0x00, 0x00, 0x00, 0x00, 0x00, 0x00, 0x00, 0x00,
    0x00, 0x00, 0x00, 0x00, 0x00, 0x00, 0x00, 0x00, 0x00, 0x00, 0x00, 0x00, 0x00, 0x00, 0x00, 0x00, 0x00, 0x00, 0x00,
    0x00, 0x00, 0x00, 0x00, 0x00, 0x00, 0x00, 0x00, 0x00, 0x00, 0x00, 0x00, 0x00, 0x00, 0x00, 0x00, 0x00, 0x00, 0x00,
    0x00, 0x00, 0x00, 0x00, 0x00, 0x00, 0x00, 0x00,
};
inline constexpr freeink::ui::FontGlyph kNDot4XLGlyphs[] = {
    {0, 16, 0, 16, 0, 0},         // U+0020
    {0, 16, 56, 16, 0, -56},      // U+0021
    {112, 24, 56, 24, 0, -56},    // U+0022
    {280, 48, 56, 48, 0, -56},    // U+0023
    {616, 48, 72, 48, 0, -64},    // U+0024
    {1048, 80, 56, 80, 0, -56},   // U+0025
    {1608, 56, 56, 56, 0, -56},   // U+0026
    {2000, 16, 56, 16, 0, -56},   // U+0027
    {2112, 32, 56, 32, 0, -56},   // U+0028
    {2336, 32, 56, 32, 0, -56},   // U+0029
    {2560, 32, 56, 32, 0, -56},   // U+002A
    {2784, 48, 48, 48, 0, -48},   // U+002B
    {3072, 24, 16, 24, 0, -8},    // U+002C
    {3120, 32, 32, 32, 0, -32},   // U+002D
    {3248, 24, 16, 24, 0, -16},   // U+002E
    {3296, 48, 48, 48, 0, -48},   // U+002F
    {3584, 48, 56, 48, 0, -56},   // U+0030
    {3920, 48, 56, 48, 0, -56},   // U+0031
    {4256, 48, 56, 48, 0, -56},   // U+0032
    {4592, 48, 56, 48, 0, -56},   // U+0033
    {4928, 48, 56, 48, 0, -56},   // U+0034
    {5264, 48, 56, 48, 0, -56},   // U+0035
    {5600, 48, 56, 48, 0, -56},   // U+0036
    {5936, 48, 56, 48, 0, -56},   // U+0037
    {6272, 48, 56, 48, 0, -56},   // U+0038
    {6608, 48, 56, 48, 0, -56},   // U+0039
    {6944, 16, 40, 16, 0, -40},   // U+003A
    {7024, 24, 40, 24, 0, -32},   // U+003B
    {7144, 32, 48, 32, 0, -48},   // U+003C
    {7336, 48, 40, 48, 0, -40},   // U+003D
    {7576, 32, 48, 32, 0, -48},   // U+003E
    {7768, 48, 56, 48, 0, -56},   // U+003F
    {8104, 48, 56, 48, 0, -48},   // U+0040
    {8440, 48, 56, 48, 0, -56},   // U+0041
    {8776, 48, 56, 48, 0, -56},   // U+0042
    {9112, 48, 56, 48, 0, -56},   // U+0043
    {9448, 48, 56, 48, 0, -56},   // U+0044
    {9784, 48, 56, 48, 0, -56},   // U+0045
    {10120, 48, 56, 48, 0, -56},  // U+0046
    {10456, 48, 56, 48, 0, -56},  // U+0047
    {10792, 48, 56, 48, 0, -56},  // U+0048
    {11128, 32, 56, 32, 0, -56},  // U+0049
    {11352, 48, 56, 48, 0, -56},  // U+004A
    {11688, 48, 56, 48, 0, -56},  // U+004B
    {12024, 48, 56, 48, 0, -56},  // U+004C
    {12360, 48, 56, 48, 0, -56},  // U+004D
    {12696, 48, 56, 48, 0, -56},  // U+004E
    {13032, 48, 56, 48, 0, -56},  // U+004F
    {13368, 48, 56, 48, 0, -56},  // U+0050
    {13704, 48, 56, 48, 0, -56},  // U+0051
    {14040, 48, 56, 48, 0, -56},  // U+0052
    {14376, 48, 56, 48, 0, -56},  // U+0053
    {14712, 48, 56, 48, 0, -56},  // U+0054
    {15048, 48, 56, 48, 0, -56},  // U+0055
    {15384, 48, 56, 48, 0, -56},  // U+0056
    {15720, 48, 56, 48, 0, -56},  // U+0057
    {16056, 48, 56, 48, 0, -56},  // U+0058
    {16392, 48, 56, 48, 0, -56},  // U+0059
    {16728, 48, 56, 48, 0, -56},  // U+005A
    {17064, 32, 56, 32, 0, -56},  // U+005B
    {17288, 48, 48, 48, 0, -48},  // U+005C
    {17576, 32, 56, 32, 0, -56},  // U+005D
    {17800, 48, 56, 48, 0, -56},  // U+005E
    {18136, 48, 8, 48, 0, 0},     // U+005F
    {18184, 24, 64, 24, 0, -64},  // U+0060
    {18376, 48, 56, 48, 0, -56},  // U+0061
    {18712, 48, 56, 48, 0, -56},  // U+0062
    {19048, 48, 56, 48, 0, -56},  // U+0063
    {19384, 48, 56, 48, 0, -56},  // U+0064
    {19720, 48, 56, 48, 0, -56},  // U+0065
    {20056, 48, 56, 48, 0, -56},  // U+0066
    {20392, 48, 56, 48, 0, -56},  // U+0067
    {20728, 48, 56, 48, 0, -56},  // U+0068
    {21064, 32, 57, 32, 0, -57},  // U+0069
    {21292, 48, 57, 48, 0, -57},  // U+006A
    {21634, 48, 56, 48, 0, -56},  // U+006B
    {21970, 48, 56, 48, 0, -56},  // U+006C
    {22306, 48, 56, 48, 0, -56},  // U+006D
    {22642, 48, 56, 48, 0, -56},  // U+006E
    {22978, 48, 56, 48, 0, -56},  // U+006F
    {23314, 48, 56, 48, 0, -56},  // U+0070
    {23650, 48, 56, 48, 0, -56},  // U+0071
    {23986, 48, 56, 48, 0, -56},  // U+0072
    {24322, 48, 56, 48, 0, -56},  // U+0073
    {24658, 48, 56, 48, 0, -56},  // U+0074
    {24994, 48, 56, 48, 0, -56},  // U+0075
    {25330, 48, 56, 48, 0, -56},  // U+0076
    {25666, 48, 56, 48, 0, -56},  // U+0077
    {26002, 48, 56, 48, 0, -56},  // U+0078
    {26338, 48, 56, 48, 0, -56},  // U+0079
    {26674, 48, 56, 48, 0, -56},  // U+007A
    {27010, 40, 56, 40, 0, -56},  // U+007B
    {27290, 16, 64, 16, 0, -56},  // U+007C
    {27418, 40, 56, 40, 0, -56},  // U+007D
    {27698, 48, 40, 48, 0, -40},  // U+007E
};
inline constexpr freeink::ui::BitmapFont kNDot4XL = {kNDot4XLBitmap, kNDot4XLGlyphs, 32, 126, 76, 60, 80, 72, 1};

}  // namespace platform::fonts::generated
