#pragma once

// Generated by tools/generate-fonts.py; do not edit.
// Source: fonts/ndot-57/Ndot57-Regular.ttf, 120px, 1bpp.

#include <FreeInkUIFont.h>

namespace platform::fonts::generated {

inline constexpr uint8_t kNDot120Bitmap[] = {
    0x00, 0x00, 0x03, 0xC0, 0x3C, 0x03, 0xC0, 0x00, 0x00, 0x00, 0x00, 0x0F, 0xF0, 0xFF, 0x0F, 0xF0, 0x00, 0x00, 0x00,
    0x00, 0x1F, 0xF9, 0xFF, 0x9F, 0xF8, 0x00, 0x00, 0x00, 0x00, 0x3F, 0xFB, 0xFF, 0xBF, 0xF8, 0x00, 0x00, 0x00, 0x00,
    0x3F, 0xFF, 0xFF, 0xFF, 0xFC, 0x00, 0x00, 0x00, 0x00, 0x3F, 0xFF, 0xFF, 0xFF, 0xFC, 0x00, 0x00, 0x00, 0x00, 0x3F,
    0xFF, 0xFF, 0xFF, 0xFC, 0x00, 0x00, 0x00, 0x00, 0x3F, 0xFF, 0xFF, 0xFF, 0xFC, 0x00, 0x00, 0x00, 0x00, 0x3F, 0xFB,
    0xFF, 0xBF, 0xF8, 0x00, 0x00, 0x00, 0x00, 0x1F, 0xF9, 0xFF, 0x9F, 0xF8, 0x00, 0x00, 0x00, 0x00, 0x0F, 0xF0, 0xFF,
    0x0F, 0xF0, 0x00, 0x00, 0x00, 0x00, 0x07, 0xC0, 0x7C, 0x07, 0xC0, 0x00, 0x00, 0x00, 0x3C, 0x00, 0x00, 0x00, 0x00,
    0x00, 0x3C, 0x00, 0x00, 0xFF, 0x00, 0x00, 0x00, 0x00, 0x00, 0xFF, 0x00, 0x01, 0xFF, 0x80, 0x00, 0x00, 0x00, 0x01,
    0xFF, 0x80, 0x03, 0xFF, 0x80, 0x00, 0x00, 0x00, 0x03, 0xFF, 0x80, 0x03, 0xFF, 0xC0, 0x00, 0x00, 0x00, 0x03, 0xFF,
    0xC0, 0x03, 0xFF, 0xC0, 0x00, 0x00, 0x00, 0x03, 0xFF, 0xC0, 0x03, 0xFF, 0xC0, 0x00, 0x00, 0x00, 0x03, 0xFF, 0xC0,
    0x03, 0xFF, 0xC0, 0x00, 0x00, 0x00, 0x03, 0xFF, 0xC0, 0x03, 0xFF, 0x80, 0x00, 0x00, 0x00, 0x03, 0xFF, 0x80, 0x01,
    0xFF, 0x80, 0x00, 0x00, 0x00, 0x01, 0xFF, 0x80, 0x00, 0xFF, 0x00, 0x00, 0x00, 0x00, 0x00, 0xFF, 0x00, 0x00, 0x7C,
    0x00, 0x00, 0x00, 0x00, 0x00, 0x7C, 0x00, 0x00, 0x3C, 0x00, 0x00, 0x00, 0x00, 0x00, 0x3C, 0x00, 0x00, 0xFF, 0x00,
    0x00, 0x00, 0x00, 0x00, 0xFF, 0x00, 0x01, 0xFF, 0x80, 0x00, 0x00, 0x00, 0x01, 0xFF, 0x80, 0x03, 0xFF, 0x80, 0x00,
    0x00, 0x00, 0x03, 0xFF, 0x80, 0x03, 0xFF, 0xC0, 0x00, 0x00, 0x00, 0x03, 0xFF, 0xC0, 0x03, 0xFF, 0xC0, 0x00, 0x00,
    0x00, 0x03, 0xFF, 0xC0, 0x03, 0xFF, 0xC0, 0x00, 0x00, 0x00, 0x03, 0xFF, 0xC0, 0x03, 0xFF, 0xC0, 0x00, 0x00, 0x00,
    0x03, 0xFF, 0xC0, 0x03, 0xFF, 0x80, 0x00, 0x00, 0x00, 0x03, 0xFF, 0x80, 0x01, 0xFF, 0x80, 0x00, 0x00, 0x00, 0x01,
    0xFF, 0x80, 0x00, 0xFF, 0x00, 0x00, 0x00, 0x00, 0x00, 0xFF, 0x00, 0x00, 0x7C, 0x00, 0x00, 0x00, 0x00, 0x00, 0x7C,
    0x00, 0x00, 0x3C, 0x00, 0x00, 0x00, 0x00, 0x00, 0x3C, 0x00, 0x00, 0xFF, 0x00, 0x00, 0x00, 0x00, 0x00, 0xFF, 0x00,
    0x01, 0xFF, 0x80, 0x00, 0x00, 0x00, 0x01, 0xFF, 0x80, 0x03, 0xFF, 0x80, 0x00, 0x00, 0x00, 0x03, 0xFF, 0x80, 0x03,
    0xFF, 0xC0, 0x00, 0x00, 0x00, 0x03, 0xFF, 0xC0, 0x03, 0xFF, 0xC0, 0x00, 0x00, 0x00, 0x03, 0xFF, 0xC0, 0x03, 0xFF,
    0xC0, 0x00, 0x00, 0x00, 0x03, 0xFF, 0xC0, 0x03, 0xFF, 0xC0, 0x00, 0x00, 0x00, 0x03, 0xFF, 0xC0, 0x03, 0xFF, 0x80,
    0x00, 0x00, 0x00, 0x03, 0xFF, 0x80, 0x01, 0xFF, 0x80, 0x00, 0x00, 0x00, 0x01, 0xFF, 0x80, 0x00, 0xFF, 0x00, 0x00,
    0x00, 0x00, 0x00, 0xFF, 0x00, 0x00, 0x7C, 0x00, 0x00, 0x00, 0x00, 0x00, 0x7C, 0x00, 0x00, 0x3C, 0x00, 0x00, 0x00,
    0x00, 0x00, 0x3C, 0x00, 0x00, 0xFF, 0x00, 0x00, 0x00, 0x00, 0x00, 0xFF, 0x00, 0x01, 0xFF, 0x80, 0x00, 0x00, 0x00,
    0x01, 0xFF, 0x80, 0x03, 0xFF, 0x80, 0x00, 0x00, 0x00, 0x03, 0xFF, 0x80, 0x03, 0xFF, 0xC0, 0x00, 0x00, 0x00, 0x03,
    0xFF, 0xC0, 0x03, 0xFF, 0xC0, 0x00, 0x00, 0x00, 0x03, 0xFF, 0xC0, 0x03, 0xFF, 0xC0, 0x00, 0x00, 0x00, 0x03, 0xFF,
    0xC0, 0x03, 0xFF, 0xC0, 0x00, 0x00, 0x00, 0x03, 0xFF, 0xC0, 0x03, 0xFF, 0x80, 0x00, 0x00, 0x00, 0x03, 0xFF, 0x80,
    0x01, 0xFF, 0x80, 0x00, 0x00, 0x00, 0x01, 0xFF, 0x80, 0x00, 0xFF, 0x00, 0x00, 0x00, 0x00, 0x00, 0xFF, 0x00, 0x00,
    0x7C, 0x00, 0x00, 0x00, 0x00, 0x00, 0x7C, 0x00, 0x00, 0x3C, 0x00, 0x00, 0x00, 0x00, 0x00, 0x3C, 0x00, 0x00, 0xFF,
    0x00, 0x00, 0x00, 0x00, 0x00, 0xFF, 0x00, 0x01, 0xFF, 0x80, 0x00, 0x00, 0x00, 0x01, 0xFF, 0x80, 0x03, 0xFF, 0x80,
    0x00, 0x00, 0x00, 0x03, 0xFF, 0x80, 0x03, 0xFF, 0xC0, 0x00, 0x00, 0x00, 0x03, 0xFF, 0xC0, 0x03, 0xFF, 0xC0, 0x00,
    0x00, 0x00, 0x03, 0xFF, 0xC0, 0x03, 0xFF, 0xC0, 0x00, 0x00, 0x00, 0x03, 0xFF, 0xC0, 0x03, 0xFF, 0xC0, 0x00, 0x00,
    0x00, 0x03, 0xFF, 0xC0, 0x03, 0xFF, 0x80, 0x00, 0x00, 0x00, 0x03, 0xFF, 0x80, 0x01, 0xFF, 0x80, 0x00, 0x00, 0x00,
    0x01, 0xFF, 0x80, 0x00, 0xFF, 0x00, 0x00, 0x00, 0x00, 0x00, 0xFF, 0x00, 0x00, 0x7C, 0x00, 0x00, 0x00, 0x00, 0x00,
    0x7C, 0x00, 0x00, 0x00, 0x03, 0xC0, 0x3C, 0x03, 0xC0, 0x00, 0x00, 0x00, 0x00, 0x0F, 0xF0, 0xFF, 0x0F, 0xF0, 0x00,
    0x00, 0x00, 0x00, 0x1F, 0xF9, 0xFF, 0x9F, 0xF8, 0x00, 0x00, 0x00, 0x00, 0x3F, 0xFB, 0xFF, 0xBF, 0xF8, 0x00, 0x00,
    0x00, 0x00, 0x3F, 0xFF, 0xFF, 0xFF, 0xFC, 0x00, 0x00, 0x00, 0x00, 0x3F, 0xFF, 0xFF, 0xFF, 0xFC, 0x00, 0x00, 0x00,
    0x00, 0x3F, 0xFF, 0xFF, 0xFF, 0xFC, 0x00, 0x00, 0x00, 0x00, 0x3F, 0xFF, 0xFF, 0xFF, 0xFC, 0x00, 0x00, 0x00, 0x00,
    0x3F, 0xFB, 0xFF, 0xBF, 0xF8, 0x00, 0x00, 0x00, 0x00, 0x1F, 0xF9, 0xFF, 0x9F, 0xF8, 0x00, 0x00, 0x00, 0x00, 0x0F,
    0xF0, 0xFF, 0x0F, 0xF0, 0x00, 0x00, 0x00, 0x00, 0x07, 0xC0, 0x7C, 0x07, 0xC0, 0x00, 0x00, 0x00, 0x00, 0x00, 0x00,
    0x3C, 0x00, 0x00, 0x00, 0x00, 0x00, 0x00, 0x00, 0x00, 0xFF, 0x00, 0x00, 0x00, 0x00, 0x00, 0x00, 0x00, 0x01, 0xFF,
    0x80, 0x00, 0x00, 0x00, 0x00, 0x00, 0x00, 0x03, 0xFF, 0x80, 0x00, 0x00, 0x00, 0x00, 0x00, 0x00, 0x03, 0xFF, 0xC0,
    0x00, 0x00, 0x00, 0x00, 0x00, 0x00, 0x03, 0xFF, 0xC0, 0x00, 0x00, 0x00, 0x00, 0x00, 0x00, 0x03, 0xFF, 0xC0, 0x00,
    0x00, 0x00, 0x00, 0x00, 0x00, 0x03, 0xFF, 0xC0, 0x00, 0x00, 0x00, 0x00, 0x00, 0x00, 0x03, 0xFF, 0x80, 0x00, 0x00,
    0x00, 0x00, 0x00, 0x00, 0x01, 0xFF, 0x80, 0x00, 0x00, 0x00, 0x00, 0x00, 0x00, 0x00, 0xFF, 0x00, 0x00, 0x00, 0x00,
    0x00, 0x00, 0x00, 0x00, 0x7C, 0x00, 0x00, 0x00, 0x00, 0x00, 0x00, 0x03, 0xC0, 0x3C, 0x00, 0x00, 0x00, 0x00, 0x00,
    0x00, 0x0F, 0xF0, 0xFF, 0x00, 0x00, 0x00, 0x00, 0x00, 0x00, 0x1F, 0xF9, 0xFF, 0x80, 0x00, 0x00, 0x00, 0x00, 0x00,
    0x3F, 0xFB, 0xFF, 0x80, 0x00, 0x00, 0x00, 0x00, 0x00, 0x3F, 0xFF, 0xFF, 0xC0, 0x00, 0x00, 0x00, 0x00, 0x00, 0x3F,
    0xFF, 0xFF, 0xC0, 0x00, 0x00, 0x00, 0x00, 0x00, 0x3F, 0xFF, 0xFF, 0xC0, 0x00, 0x00, 0x00, 0x00, 0x00, 0x3F, 0xFF,
    0xFF, 0xC0, 0x00, 0x00, 0x00, 0x00, 0x00, 0x3F, 0xFB, 0xFF, 0x80, 0x00, 0x00, 0x00, 0x00, 0x00, 0x1F, 0xF9, 0xFF,
    0x80, 0x00, 0x00, 0x00, 0x00, 0x00, 0x0F, 0xF0, 0xFF, 0x00, 0x00, 0x00, 0x00, 0x00, 0x00, 0x07, 0xC0, 0x7C, 0x00,
    0x00, 0x00, 0x00, 0x00, 0x00, 0x00, 0x00, 0x3C, 0x00, 0x00, 0x00, 0x00, 0x00, 0x00, 0x00, 0x00, 0xFF, 0x00, 0x00,
    0x00, 0x00, 0x00, 0x00, 0x00, 0x01, 0xFF, 0x80, 0x00, 0x00, 0x00, 0x00, 0x00, 0x00, 0x03, 0xFF, 0x80, 0x00, 0x00,
    0x00, 0x00, 0x00, 0x00, 0x03, 0xFF, 0xC0, 0x00, 0x00, 0x00, 0x00, 0x00, 0x00, 0x03, 0xFF, 0xC0, 0x00, 0x00, 0x00,
    0x00, 0x00, 0x00, 0x03, 0xFF, 0xC0, 0x00, 0x00, 0x00, 0x00, 0x00, 0x00, 0x03, 0xFF, 0xC0, 0x00, 0x00, 0x00, 0x00,
    0x00, 0x00, 0x03, 0xFF, 0x80, 0x00, 0x00, 0x00, 0x00, 0x00, 0x00, 0x01, 0xFF, 0x80, 0x00, 0x00, 0x00, 0x00, 0x00,
    0x00, 0x00, 0xFF, 0x00, 0x00, 0x00, 0x00, 0x00, 0x00, 0x00, 0x00, 0x7C, 0x00, 0x00, 0x00, 0x00, 0x00, 0x00, 0x00,
    0x00, 0x3C, 0x00, 0x00, 0x00, 0x00, 0x00, 0x00, 0x00, 0x00, 0xFF, 0x00, 0x00, 0x00, 0x00, 0x00, 0x00, 0x00, 0x01,
    0xFF, 0x80, 0x00, 0x00, 0x00, 0x00, 0x00, 0x00, 0x03, 0xFF, 0x80, 0x00, 0x00, 0x00, 0x00, 0x00, 0x00, 0x03, 0xFF,
    0xC0, 0x00, 0x00, 0x00, 0x00, 0x00, 0x00, 0x03, 0xFF, 0xC0, 0x00, 0x00, 0x00, 0x00, 0x00, 0x00, 0x03, 0xFF, 0xC0,
    0x00, 0x00, 0x00, 0x00, 0x00, 0x00, 0x03, 0xFF, 0xC0, 0x00, 0x00, 0x00, 0x00, 0x00, 0x00, 0x03, 0xFF, 0x80, 0x00,
    0x00, 0x00, 0x00, 0x00, 0x00, 0x01, 0xFF, 0x80, 0x00, 0x00, 0x00, 0x00, 0x00, 0x00, 0x00, 0xFF, 0x00, 0x00, 0x00,
    0x00, 0x00, 0x00, 0x00, 0x00, 0x7C, 0x00, 0x00, 0x00, 0x00, 0x00, 0x00, 0x00, 0x00, 0x3C, 0x00, 0x00, 0x00, 0x00,
    0x00, 0x00, 0x00, 0x00, 0xFF, 0x00, 0x00, 0x00, 0x00, 0x00, 0x00, 0x00, 0x01, 0xFF, 0x80, 0x00, 0x00, 0x00, 0x00,
    0x00, 0x00, 0x03, 0xFF, 0x80, 0x00, 0x00, 0x00, 0x00, 0x00, 0x00, 0x03, 0xFF, 0xC0, 0x00, 0x00, 0x00, 0x00, 0x00,
    0x00, 0x03, 0xFF, 0xC0, 0x00, 0x00, 0x00, 0x00, 0x00, 0x00, 0x03, 0xFF, 0xC0, 0x00, 0x00, 0x00, 0x00, 0x00, 0x00,
    0x03, 0xFF, 0xC0, 0x00, 0x00, 0x00, 0x00, 0x00, 0x00, 0x03, 0xFF, 0x80, 0x00, 0x00, 0x00, 0x00, 0x00, 0x00, 0x01,
    0xFF, 0x80, 0x00, 0x00, 0x00, 0x00, 0x00, 0x00, 0x00, 0xFF, 0x00, 0x00, 0x00, 0x00, 0x00, 0x00, 0x00, 0x00, 0x7C,
    0x00, 0x00, 0x00, 0x00, 0x00, 0x00, 0x00, 0x00, 0x3C, 0x00, 0x00, 0x00, 0x00, 0x00, 0x00, 0x00, 0x00, 0xFF, 0x00,
    0x00, 0x00, 0x00, 0x00, 0x00, 0x00, 0x01, 0xFF, 0x80, 0x00, 0x00, 0x00, 0x00, 0x00, 0x00, 0x03, 0xFF, 0x80, 0x00,
    0x00, 0x00, 0x00, 0x00, 0x00, 0x03, 0xFF, 0xC0, 0x00, 0x00, 0x00, 0x00, 0x00, 0x00, 0x03, 0xFF, 0xC0, 0x00, 0x00,
    0x00, 0x00, 0x00, 0x00, 0x03, 0xFF, 0xC0, 0x00, 0x00, 0x00, 0x00, 0x00, 0x00, 0x03, 0xFF, 0xC0, 0x00, 0x00, 0x00,
    0x00, 0x00, 0x00, 0x03, 0xFF, 0x80, 0x00, 0x00, 0x00, 0x00, 0x00, 0x00, 0x01, 0xFF, 0x80, 0x00, 0x00, 0x00, 0x00,
    0x00, 0x00, 0x00, 0xFF, 0x00, 0x00, 0x00, 0x00, 0x00, 0x00, 0x00, 0x00, 0x7C, 0x00, 0x00, 0x00, 0x00, 0x00, 0x00,
    0x03, 0xC0, 0x3C, 0x03, 0xC0, 0x00, 0x00, 0x00, 0x00, 0x0F, 0xF0, 0xFF, 0x0F, 0xF0, 0x00, 0x00, 0x00, 0x00, 0x1F,
    0xF9, 0xFF, 0x9F, 0xF8, 0x00, 0x00, 0x00, 0x00, 0x3F, 0xFB, 0xFF, 0xBF, 0xF8, 0x00, 0x00, 0x00, 0x00, 0x3F, 0xFF,
    0xFF, 0xFF, 0xFC, 0x00, 0x00, 0x00, 0x00, 0x3F, 0xFF, 0xFF, 0xFF, 0xFC, 0x00, 0x00, 0x00, 0x00, 0x3F, 0xFF, 0xFF,
    0xFF, 0xFC, 0x00, 0x00, 0x00, 0x00, 0x3F, 0xFF, 0xFF, 0xFF, 0xFC, 0x00, 0x00, 0x00, 0x00, 0x3F, 0xFB, 0xFF, 0xBF,
    0xF8, 0x00, 0x00, 0x00, 0x00, 0x1F, 0xF9, 0xFF, 0x9F, 0xF8, 0x00, 0x00, 0x00, 0x00, 0x0F, 0xF0, 0xFF, 0x0F, 0xF0,
    0x00, 0x00, 0x00, 0x00, 0x07, 0xC0, 0x7C, 0x07, 0xC0, 0x00, 0x00, 0x00, 0x00, 0x03, 0xC0, 0x3C, 0x03, 0xC0, 0x00,
    0x00, 0x00, 0x00, 0x0F, 0xF0, 0xFF, 0x0F, 0xF0, 0x00, 0x00, 0x00, 0x00, 0x1F, 0xF9, 0xFF, 0x9F, 0xF8, 0x00, 0x00,
    0x00, 0x00, 0x3F, 0xFB, 0xFF, 0xBF, 0xF8, 0x00, 0x00, 0x00, 0x00, 0x3F, 0xFF, 0xFF, 0xFF, 0xFC, 0x00, 0x00, 0x00,
    0x00, 0x3F, 0xFF, 0xFF, 0xFF, 0xFC, 0x00, 0x00, 0x00, 0x00, 0x3F, 0xFF, 0xFF, 0xFF, 0xFC, 0x00, 0x00, 0x00, 0x00,
    0x3F, 0xFF, 0xFF, 0xFF, 0xFC, 0x00, 0x00, 0x00, 0x00, 0x3F, 0xFB, 0xFF, 0xBF, 0xF8, 0x00, 0x00, 0x00, 0x00, 0x1F,
    0xF9, 0xFF, 0x9F, 0xF8, 0x00, 0x00, 0x00, 0x00, 0x0F, 0xF0, 0xFF, 0x0F, 0xF0, 0x00, 0x00, 0x00, 0x00, 0x07, 0xC0,
    0x7C, 0x07, 0xC0, 0x00, 0x00, 0x00, 0x3C, 0x00, 0x00, 0x00, 0x00, 0x00, 0x3C, 0x00, 0x00, 0xFF, 0x00, 0x00, 0x00,
    0x00, 0x00, 0xFF, 0x00, 0x01, 0xFF, 0x80, 0x00, 0x00, 0x00, 0x01, 0xFF, 0x80, 0x03, 0xFF, 0x80, 0x00, 0x00, 0x00,
    0x03, 0xFF, 0x80, 0x03, 0xFF, 0xC0, 0x00, 0x00, 0x00, 0x03, 0xFF, 0xC0, 0x03, 0xFF, 0xC0, 0x00, 0x00, 0x00, 0x03,
    0xFF, 0xC0, 0x03, 0xFF, 0xC0, 0x00, 0x00, 0x00, 0x03, 0xFF, 0xC0, 0x03, 0xFF, 0xC0, 0x00, 0x00, 0x00, 0x03, 0xFF,
    0xC0, 0x03, 0xFF, 0x80, 0x00, 0x00, 0x00, 0x03, 0xFF, 0x80, 0x01, 0xFF, 0x80, 0x00, 0x00, 0x00, 0x01, 0xFF, 0x80,
    0x00, 0xFF, 0x00, 0x00, 0x00, 0x00, 0x00, 0xFF, 0x00, 0x00, 0x7C, 0x00, 0x00, 0x00, 0x00, 0x00, 0x7C, 0x00, 0x00,
    0x00, 0x00, 0x00, 0x00, 0x00, 0x00, 0x3C, 0x00, 0x00, 0x00, 0x00, 0x00, 0x00, 0x00, 0x00, 0xFF, 0x00, 0x00, 0x00,
    0x00, 0x00, 0x00, 0x00, 0x01, 0xFF, 0x80, 0x00, 0x00, 0x00, 0x00, 0x00, 0x00, 0x03, 0xFF, 0x80, 0x00, 0x00, 0x00,
    0x00, 0x00, 0x00, 0x03, 0xFF, 0xC0, 0x00, 0x00, 0x00, 0x00, 0x00, 0x00, 0x03, 0xFF, 0xC0, 0x00, 0x00, 0x00, 0x00,
    0x00, 0x00, 0x03, 0xFF, 0xC0, 0x00, 0x00, 0x00, 0x00, 0x00, 0x00, 0x03, 0xFF, 0xC0, 0x00, 0x00, 0x00, 0x00, 0x00,
    0x00, 0x03, 0xFF, 0x80, 0x00, 0x00, 0x00, 0x00, 0x00, 0x00, 0x01, 0xFF, 0x80, 0x00, 0x00, 0x00, 0x00, 0x00, 0x00,
    0x00, 0xFF, 0x00, 0x00, 0x00, 0x00, 0x00, 0x00, 0x00, 0x00, 0x7C, 0x00, 0x00, 0x00, 0x00, 0x00, 0x00, 0x03, 0xC0,
    0x00, 0x00, 0x00, 0x00, 0x00, 0x00, 0x00, 0x0F, 0xF0, 0x00, 0x00, 0x00, 0x00, 0x00, 0x00, 0x00, 0x1F, 0xF8, 0x00,
    0x00, 0x00, 0x00, 0x00, 0x00, 0x00, 0x3F, 0xF8, 0x00, 0x00, 0x00, 0x00, 0x00, 0x00, 0x00, 0x3F, 0xFC, 0x00, 0x00,
    0x00, 0x00, 0x00, 0x00, 0x00, 0x3F, 0xFC, 0x00, 0x00, 0x00, 0x00, 0x00, 0x00, 0x00, 0x3F, 0xFC, 0x00, 0x00, 0x00,
    0x00, 0x00, 0x00, 0x00, 0x3F, 0xFC, 0x00, 0x00, 0x00, 0x00, 0x00, 0x00, 0x00, 0x3F, 0xF8, 0x00, 0x00, 0x00, 0x00,
    0x00, 0x00, 0x00, 0x1F, 0xF8, 0x00, 0x00, 0x00, 0x00, 0x00, 0x00, 0x00, 0x0F, 0xF0, 0x00, 0x00, 0x00, 0x00, 0x00,
    0x00, 0x00, 0x07, 0xC0, 0x00, 0x00, 0x00, 0x00, 0x00, 0x00, 0x3C, 0x00, 0x00, 0x00, 0x00, 0x00, 0x00, 0x00, 0x00,
    0xFF, 0x00, 0x00, 0x00, 0x00, 0x00, 0x00, 0x00, 0x01, 0xFF, 0x80, 0x00, 0x00, 0x00, 0x00, 0x00, 0x00, 0x03, 0xFF,
    0x80, 0x00, 0x00, 0x00, 0x00, 0x00, 0x00, 0x03, 0xFF, 0xC0, 0x00, 0x00, 0x00, 0x00, 0x00, 0x00, 0x03, 0xFF, 0xC0,
    0x00, 0x00, 0x00, 0x00, 0x00, 0x00, 0x03, 0xFF, 0xC0, 0x00, 0x00, 0x00, 0x00, 0x00, 0x00, 0x03, 0xFF, 0xC0, 0x00,
    0x00, 0x00, 0x00, 0x00, 0x00, 0x03, 0xFF, 0x80, 0x00, 0x00, 0x00, 0x00, 0x00, 0x00, 0x01, 0xFF, 0x80, 0x00, 0x00,
    0x00, 0x00, 0x00, 0x00, 0x00, 0xFF, 0x00, 0x00, 0x00, 0x00, 0x00, 0x00, 0x00, 0x00, 0x7C, 0x00, 0x00, 0x00, 0x00,
    0x00, 0x00, 0x03, 0xC0, 0x00, 0x00, 0x00, 0x00, 0x00, 0x00, 0x00, 0x0F, 0xF0, 0x00, 0x00, 0x00, 0x00, 0x00, 0x00,
    0x00, 0x1F, 0xF8, 0x00, 0x00, 0x00, 0x00, 0x00, 0x00, 0x00, 0x3F, 0xF8, 0x00, 0x00, 0x00, 0x00, 0x00, 0x00, 0x00,
    0x3F, 0xFC, 0x00, 0x00, 0x00, 0x00, 0x00, 0x00, 0x00, 0x3F, 0xFC, 0x00, 0x00, 0x00, 0x00, 0x00, 0x00, 0x00, 0x3F,
    0xFC, 0x00, 0x00, 0x00, 0x00, 0x00, 0x00, 0x00, 0x3F, 0xFC, 0x00, 0x00, 0x00, 0x00, 0x00, 0x00, 0x00, 0x3F, 0xF8,
    0x00, 0x00, 0x00, 0x00, 0x00, 0x00, 0x00, 0x1F, 0xF8, 0x00, 0x00, 0x00, 0x00, 0x00, 0x00, 0x00, 0x0F, 0xF0, 0x00,
    0x00, 0x00, 0x00, 0x00, 0x00, 0x00, 0x07, 0xC0, 0x00, 0x00, 0x00, 0x00, 0x00, 0x00, 0x3C, 0x03, 0xC0, 0x3C, 0x03,
    0xC0, 0x3C, 0x00, 0x00, 0xFF, 0x0F, 0xF0, 0xFF, 0x0F, 0xF0, 0xFF, 0x00, 0x01, 0xFF, 0x9F, 0xF9, 0xFF, 0x9F, 0xF9,
    0xFF, 0x80, 0x03, 0xFF, 0xBF, 0xFB, 0xFF, 0xBF, 0xFB, 0xFF, 0x80, 0x03, 0xFF, 0xFF, 0xFF, 0xFF, 0xFF, 0xFF, 0xFF,
    0xC0, 0x03, 0xFF, 0xFF, 0xFF, 0xFF, 0xFF, 0xFF, 0xFF, 0xC0, 0x03, 0xFF, 0xFF, 0xFF, 0xFF, 0xFF, 0xFF, 0xFF, 0xC0,
    0x03, 0xFF, 0xFF, 0xFF, 0xFF, 0xFF, 0xFF, 0xFF, 0xC0, 0x03, 0xFF, 0xBF, 0xFB, 0xFF, 0xBF, 0xFB, 0xFF, 0x80, 0x01,
    0xFF, 0x9F, 0xF9, 0xFF, 0x9F, 0xF9, 0xFF, 0x80, 0x00, 0xFF, 0x0F, 0xF0, 0xFF, 0x0F, 0xF0, 0xFF, 0x00, 0x00, 0x7C,
    0x07, 0xC0, 0x7C, 0x07, 0xC0, 0x7C, 0x00, 0x00, 0x00, 0x03, 0xC0, 0x3C, 0x03, 0xC0, 0x00, 0x00, 0x00, 0x00, 0x0F,
    0xF0, 0xFF, 0x0F, 0xF0, 0x00, 0x00, 0x00, 0x00, 0x1F, 0xF9, 0xFF, 0x9F, 0xF8, 0x00, 0x00, 0x00, 0x00, 0x3F, 0xFB,
    0xFF, 0xBF, 0xF8, 0x00, 0x00, 0x00, 0x00, 0x3F, 0xFF, 0xFF, 0xFF, 0xFC, 0x00, 0x00, 0x00, 0x00, 0x3F, 0xFF, 0xFF,
    0xFF, 0xFC, 0x00, 0x00, 0x00, 0x00, 0x3F, 0xFF, 0xFF, 0xFF, 0xFC, 0x00, 0x00, 0x00, 0x00, 0x3F, 0xFF, 0xFF, 0xFF,
    0xFC, 0x00, 0x00, 0x00, 0x00, 0x3F, 0xFB, 0xFF, 0xBF, 0xF8, 0x00, 0x00, 0x00, 0x00, 0x1F, 0xF9, 0xFF, 0x9F, 0xF8,
    0x00, 0x00, 0x00, 0x00, 0x0F, 0xF0, 0xFF, 0x0F, 0xF0, 0x00, 0x00, 0x00, 0x00, 0x07, 0xC0, 0x7C, 0x07, 0xC0, 0x00,
    0x00, 0x00, 0x3C, 0x00, 0x00, 0x00, 0x00, 0x00, 0x3C, 0x00, 0x00, 0xFF, 0x00, 0x00, 0x00, 0x00, 0x00, 0xFF, 0x00,
    0x01, 0xFF, 0x80, 0x00, 0x00, 0x00, 0x01, 0xFF, 0x80, 0x03, 0xFF, 0x80, 0x00, 0x00, 0x00, 0x03, 0xFF, 0x80, 0x03,
    0xFF, 0xC0, 0x00, 0x00, 0x00, 0x03, 0xFF, 0xC0, 0x03, 0xFF, 0xC0, 0x00, 0x00, 0x00, 0x03, 0xFF, 0xC0, 0x03, 0xFF,
    0xC0, 0x00, 0x00, 0x00, 0x03, 0xFF, 0xC0, 0x03, 0xFF, 0xC0, 0x00, 0x00, 0x00, 0x03, 0xFF, 0xC0, 0x03, 0xFF, 0x80,
    0x00, 0x00, 0x00, 0x03, 0xFF, 0x80, 0x01, 0xFF, 0x80, 0x00, 0x00, 0x00, 0x01, 0xFF, 0x80, 0x00, 0xFF, 0x00, 0x00,
    0x00, 0x00, 0x00, 0xFF, 0x00, 0x00, 0x7C, 0x00, 0x00, 0x00, 0x00, 0x00, 0x7C, 0x00, 0x00, 0x00, 0x00, 0x00, 0x00,
    0x00, 0x00, 0x3C, 0x00, 0x00, 0x00, 0x00, 0x00, 0x00, 0x00, 0x00, 0xFF, 0x00, 0x00, 0x00, 0x00, 0x00, 0x00, 0x00,
    0x01, 0xFF, 0x80, 0x00, 0x00, 0x00, 0x00, 0x00, 0x00, 0x03, 0xFF, 0x80, 0x00, 0x00, 0x00, 0x00, 0x00, 0x00, 0x03,
    0xFF, 0xC0, 0x00, 0x00, 0x00, 0x00, 0x00, 0x00, 0x03, 0xFF, 0xC0, 0x00, 0x00, 0x00, 0x00, 0x00, 0x00, 0x03, 0xFF,
    0xC0, 0x00, 0x00, 0x00, 0x00, 0x00, 0x00, 0x03, 0xFF, 0xC0, 0x00, 0x00, 0x00, 0x00, 0x00, 0x00, 0x03, 0xFF, 0x80,
    0x00, 0x00, 0x00, 0x00, 0x00, 0x00, 0x01, 0xFF, 0x80, 0x00, 0x00, 0x00, 0x00, 0x00, 0x00, 0x00, 0xFF, 0x00, 0x00,
    0x00, 0x00, 0x00, 0x00, 0x00, 0x00, 0x7C, 0x00, 0x00, 0x00, 0x00, 0x00, 0x3C, 0x03, 0xC0, 0x00, 0x00, 0x00, 0x00,
    0x00, 0x00, 0xFF, 0x0F, 0xF0, 0x00, 0x00, 0x00, 0x00, 0x00, 0x01, 0xFF, 0x9F, 0xF8, 0x00, 0x00, 0x00, 0x00, 0x00,
    0x03, 0xFF, 0xBF, 0xF8, 0x00, 0x00, 0x00, 0x00, 0x00, 0x03, 0xFF, 0xFF, 0xFC, 0x00, 0x00, 0x00, 0x00, 0x00, 0x03,
    0xFF, 0xFF, 0xFC, 0x00, 0x00, 0x00, 0x00, 0x00, 0x03, 0xFF, 0xFF, 0xFC, 0x00, 0x00, 0x00, 0x00, 0x00, 0x03, 0xFF,
    0xFF, 0xFC, 0x00, 0x00, 0x00, 0x00, 0x00, 0x03, 0xFF, 0xBF, 0xF8, 0x00, 0x00, 0x00, 0x00, 0x00, 0x01, 0xFF, 0x9F,
    0xF8, 0x00, 0x00, 0x00, 0x00, 0x00, 0x00, 0xFF, 0x0F, 0xF0, 0x00, 0x00, 0x00, 0x00, 0x00, 0x00, 0x7C, 0x07, 0xC0,
    0x00, 0x00, 0x00, 0x00, 0x00, 0x00, 0x00, 0x00, 0x00, 0x3C, 0x00, 0x00, 0x00, 0x00, 0x00, 0x00, 0x00, 0x00, 0xFF,
    0x00, 0x00, 0x00, 0x00, 0x00, 0x00, 0x00, 0x01, 0xFF, 0x80, 0x00, 0x00, 0x00, 0x00, 0x00, 0x00, 0x03, 0xFF, 0x80,
    0x00, 0x00, 0x00, 0x00, 0x00, 0x00, 0x03, 0xFF, 0xC0, 0x00, 0x00, 0x00, 0x00, 0x00, 0x00, 0x03, 0xFF, 0xC0, 0x00,
    0x00, 0x00, 0x00, 0x00, 0x00, 0x03, 0xFF, 0xC0, 0x00, 0x00, 0x00, 0x00, 0x00, 0x00, 0x03, 0xFF, 0xC0, 0x00, 0x00,
    0x00, 0x00, 0x00, 0x00, 0x03, 0xFF, 0x80, 0x00, 0x00, 0x00, 0x00, 0x00, 0x00, 0x01, 0xFF, 0x80, 0x00, 0x00, 0x00,
    0x00, 0x00, 0x00, 0x00, 0xFF, 0x00, 0x00, 0x00, 0x00, 0x00, 0x00, 0x00, 0x00, 0x7C, 0x00, 0x00, 0x3C, 0x00, 0x00,
    0x00, 0x00, 0x00, 0x3C, 0x00, 0x00, 0xFF, 0x00, 0x00, 0x00, 0x00, 0x00, 0xFF, 0x00, 0x01, 0xFF, 0x80, 0x00, 0x00,
    0x00, 0x01, 0xFF, 0x80, 0x03, 0xFF, 0x80, 0x00, 0x00, 0x00, 0x03, 0xFF, 0x80, 0x03, 0xFF, 0xC0, 0x00, 0x00, 0x00,
    0x03, 0xFF, 0xC0, 0x03, 0xFF, 0xC0, 0x00, 0x00, 0x00, 0x03, 0xFF, 0xC0, 0x03, 0xFF, 0xC0, 0x00, 0x00, 0x00, 0x03,
    0xFF, 0xC0, 0x03, 0xFF, 0xC0, 0x00, 0x00, 0x00, 0x03, 0xFF, 0xC0, 0x03, 0xFF, 0x80, 0x00, 0x00, 0x00, 0x03, 0xFF,
    0x80, 0x01, 0xFF, 0x80, 0x00, 0x00, 0x00, 0x01, 0xFF, 0x80, 0x00, 0xFF, 0x00, 0x00, 0x00, 0x00, 0x00, 0xFF, 0x00,
    0x00, 0x7C, 0x00, 0x00, 0x00, 0x00, 0x00, 0x7C, 0x00, 0x00, 0x00, 0x03, 0xC0, 0x3C, 0x03, 0xC0, 0x00, 0x00, 0x00,
    0x00, 0x0F, 0xF0, 0xFF, 0x0F, 0xF0, 0x00, 0x00, 0x00, 0x00, 0x1F, 0xF9, 0xFF, 0x9F, 0xF8, 0x00, 0x00, 0x00, 0x00,
    0x3F, 0xFB, 0xFF, 0xBF, 0xF8, 0x00, 0x00, 0x00, 0x00, 0x3F, 0xFF, 0xFF, 0xFF, 0xFC, 0x00, 0x00, 0x00, 0x00, 0x3F,
    0xFF, 0xFF, 0xFF, 0xFC, 0x00, 0x00, 0x00, 0x00, 0x3F, 0xFF, 0xFF, 0xFF, 0xFC, 0x00, 0x00, 0x00, 0x00, 0x3F, 0xFF,
    0xFF, 0xFF, 0xFC, 0x00, 0x00, 0x00, 0x00, 0x3F, 0xFB, 0xFF, 0xBF, 0xF8, 0x00, 0x00, 0x00, 0x00, 0x1F, 0xF9, 0xFF,
    0x9F, 0xF8, 0x00, 0x00, 0x00, 0x00, 0x0F, 0xF0, 0xFF, 0x0F, 0xF0, 0x00, 0x00, 0x00, 0x00, 0x07, 0xC0, 0x7C, 0x07,
    0xC0, 0x00, 0x00, 0x00, 0x00, 0x00, 0x00, 0x00, 0x03, 0xC0, 0x00, 0x00, 0x00, 0x00, 0x00, 0x00, 0x00, 0x0F, 0xF0,
    0x00, 0x00, 0x00, 0x00, 0x00, 0x00, 0x00, 0x1F, 0xF8, 0x00, 0x00, 0x00, 0x00, 0x00, 0x00, 0x00, 0x3F, 0xF8, 0x00,
    0x00, 0x00, 0x00, 0x00, 0x00, 0x00, 0x3F, 0xFC, 0x00, 0x00, 0x00, 0x00, 0x00, 0x00, 0x00, 0x3F, 0xFC, 0x00, 0x00,
    0x00, 0x00, 0x00, 0x00, 0x00, 0x3F, 0xFC, 0x00, 0x00, 0x00, 0x00, 0x00, 0x00, 0x00, 0x3F, 0xFC, 0x00, 0x00, 0x00,
    0x00, 0x00, 0x00, 0x00, 0x3F, 0xF8, 0x00, 0x00, 0x00, 0x00, 0x00, 0x00, 0x00, 0x1F, 0xF8, 0x00, 0x00, 0x00, 0x00,
    0x00, 0x00, 0x00, 0x0F, 0xF0, 0x00, 0x00, 0x00, 0x00, 0x00, 0x00, 0x00, 0x07, 0xC0, 0x00, 0x00, 0x00, 0x00, 0x00,
    0x00, 0x3C, 0x03, 0xC0, 0x00, 0x00, 0x00, 0x00, 0x00, 0x00, 0xFF, 0x0F, 0xF0, 0x00, 0x00, 0x00, 0x00, 0x00, 0x01,
    0xFF, 0x9F, 0xF8, 0x00, 0x00, 0x00, 0x00, 0x00, 0x03, 0xFF, 0xBF, 0xF8, 0x00, 0x00, 0x00, 0x00, 0x00, 0x03, 0xFF,
    0xFF, 0xFC, 0x00, 0x00, 0x00, 0x00, 0x00, 0x03, 0xFF, 0xFF, 0xFC, 0x00, 0x00, 0x00, 0x00, 0x00, 0x03, 0xFF, 0xFF,
    0xFC, 0x00, 0x00, 0x00, 0x00, 0x00, 0x03, 0xFF, 0xFF, 0xFC, 0x00, 0x00, 0x00, 0x00, 0x00, 0x03, 0xFF, 0xBF, 0xF8,
    0x00, 0x00, 0x00, 0x00, 0x00, 0x01, 0xFF, 0x9F, 0xF8, 0x00, 0x00, 0x00, 0x00, 0x00, 0x00, 0xFF, 0x0F, 0xF0, 0x00,
    0x00, 0x00, 0x00, 0x00, 0x00, 0x7C, 0x07, 0xC0, 0x00, 0x00, 0x00, 0x00, 0x03, 0xC0, 0x00, 0x03, 0xC0, 0x00, 0x00,
    0x00, 0x00, 0x0F, 0xF0, 0x00, 0x0F, 0xF0, 0x00, 0x00, 0x00, 0x00, 0x1F, 0xF8, 0x00, 0x1F, 0xF8, 0x00, 0x00, 0x00,
    0x00, 0x3F, 0xF8, 0x00, 0x3F, 0xF8, 0x00, 0x00, 0x00, 0x00, 0x3F, 0xFC, 0x00, 0x3F, 0xFC, 0x00, 0x00, 0x00, 0x00,
    0x3F, 0xFC, 0x00, 0x3F, 0xFC, 0x00, 0x00, 0x00, 0x00, 0x3F, 0xFC, 0x00, 0x3F, 0xFC, 0x00, 0x00, 0x00, 0x00, 0x3F,
    0xFC, 0x00, 0x3F, 0xFC, 0x00, 0x00, 0x00, 0x00, 0x3F, 0xF8, 0x00, 0x3F, 0xF8, 0x00, 0x00, 0x00, 0x00, 0x1F, 0xF8,
    0x00, 0x1F, 0xF8, 0x00, 0x00, 0x00, 0x00, 0x0F, 0xF0, 0x00, 0x0F, 0xF0, 0x00, 0x00, 0x00, 0x00, 0x07, 0xC0, 0x00,
    0x07, 0xC0, 0x00, 0x00, 0x00, 0x3C, 0x00, 0x00, 0x00, 0x03, 0xC0, 0x00, 0x00, 0x00, 0xFF, 0x00, 0x00, 0x00, 0x0F,
    0xF0, 0x00, 0x00, 0x01, 0xFF, 0x80, 0x00, 0x00, 0x1F, 0xF8, 0x00, 0x00, 0x03, 0xFF, 0x80, 0x00, 0x00, 0x3F, 0xF8,
    0x00, 0x00, 0x03, 0xFF, 0xC0, 0x00, 0x00, 0x3F, 0xFC, 0x00, 0x00, 0x03, 0xFF, 0xC0, 0x00, 0x00, 0x3F, 0xFC, 0x00,
    0x00, 0x03, 0xFF, 0xC0, 0x00, 0x00, 0x3F, 0xFC, 0x00, 0x00, 0x03, 0xFF, 0xC0, 0x00, 0x00, 0x3F, 0xFC, 0x00, 0x00,
    0x03, 0xFF, 0x80, 0x00, 0x00, 0x3F, 0xF8, 0x00, 0x00, 0x01, 0xFF, 0x80, 0x00, 0x00, 0x1F, 0xF8, 0x00, 0x00, 0x00,
    0xFF, 0x00, 0x00, 0x00, 0x0F, 0xF0, 0x00, 0x00, 0x00, 0x7C, 0x00, 0x00, 0x00, 0x07, 0xC0, 0x00, 0x00, 0x00, 0x3C,
    0x03, 0xC0, 0x3C, 0x03, 0xC0, 0x3C, 0x00, 0x00, 0xFF, 0x0F, 0xF0, 0xFF, 0x0F, 0xF0, 0xFF, 0x00, 0x01, 0xFF, 0x9F,
    0xF9, 0xFF, 0x9F, 0xF9, 0xFF, 0x80, 0x03, 0xFF, 0xBF, 0xFB, 0xFF, 0xBF, 0xFB, 0xFF, 0x80, 0x03, 0xFF, 0xFF, 0xFF,
    0xFF, 0xFF, 0xFF, 0xFF, 0xC0, 0x03, 0xFF, 0xFF, 0xFF, 0xFF, 0xFF, 0xFF, 0xFF, 0xC0, 0x03, 0xFF, 0xFF, 0xFF, 0xFF,
    0xFF, 0xFF, 0xFF, 0xC0, 0x03, 0xFF, 0xFF, 0xFF, 0xFF, 0xFF, 0xFF, 0xFF, 0xC0, 0x03, 0xFF, 0xBF, 0xFB, 0xFF, 0xBF,
    0xFB, 0xFF, 0x80, 0x01, 0xFF, 0x9F, 0xF9, 0xFF, 0x9F, 0xF9, 0xFF, 0x80, 0x00, 0xFF, 0x0F, 0xF0, 0xFF, 0x0F, 0xF0,
    0xFF, 0x00, 0x00, 0x7C, 0x07, 0xC0, 0x7C, 0x07, 0xC0, 0x7C, 0x00, 0x00, 0x00, 0x00, 0x00, 0x00, 0x03, 0xC0, 0x00,
    0x00, 0x00, 0x00, 0x00, 0x00, 0x00, 0x0F, 0xF0, 0x00, 0x00, 0x00, 0x00, 0x00, 0x00, 0x00, 0x1F, 0xF8, 0x00, 0x00,
    0x00, 0x00, 0x00, 0x00, 0x00, 0x3F, 0xF8, 0x00, 0x00, 0x00, 0x00, 0x00, 0x00, 0x00, 0x3F, 0xFC, 0x00, 0x00, 0x00,
    0x00, 0x00, 0x00, 0x00, 0x3F, 0xFC, 0x00, 0x00, 0x00, 0x00, 0x00, 0x00, 0x00, 0x3F, 0xFC, 0x00, 0x00, 0x00, 0x00,
    0x00, 0x00, 0x00, 0x3F, 0xFC, 0x00, 0x00, 0x00, 0x00, 0x00, 0x00, 0x00, 0x3F, 0xF8, 0x00, 0x00, 0x00, 0x00, 0x00,
    0x00, 0x00, 0x1F, 0xF8, 0x00, 0x00, 0x00, 0x00, 0x00, 0x00, 0x00, 0x0F, 0xF0, 0x00, 0x00, 0x00, 0x00, 0x00, 0x00,
    0x00, 0x07, 0xC0, 0x00, 0x00, 0x00, 0x00, 0x00, 0x00, 0x00, 0x03, 0xC0, 0x00, 0x00, 0x00, 0x00, 0x00, 0x00, 0x00,
    0x0F, 0xF0, 0x00, 0x00, 0x00, 0x00, 0x00, 0x00, 0x00, 0x1F, 0xF8, 0x00, 0x00, 0x00, 0x00, 0x00, 0x00, 0x00, 0x3F,
    0xF8, 0x00, 0x00, 0x00, 0x00, 0x00, 0x00, 0x00, 0x3F, 0xFC, 0x00, 0x00, 0x00, 0x00, 0x00, 0x00, 0x00, 0x3F, 0xFC,
    0x00, 0x00, 0x00, 0x00, 0x00, 0x00, 0x00, 0x3F, 0xFC, 0x00, 0x00, 0x00, 0x00, 0x00, 0x00, 0x00, 0x3F, 0xFC, 0x00,
    0x00, 0x00, 0x00, 0x00, 0x00, 0x00, 0x3F, 0xF8, 0x00, 0x00, 0x00, 0x00, 0x00, 0x00, 0x00, 0x1F, 0xF8, 0x00, 0x00,
    0x00, 0x00, 0x00, 0x00, 0x00, 0x0F, 0xF0, 0x00, 0x00, 0x00, 0x00, 0x00, 0x00, 0x00, 0x07, 0xC0, 0x00, 0x00, 0x00,
    0x3C, 0x03, 0xC0, 0x3C, 0x03, 0xC0, 0x3C, 0x00, 0x00, 0xFF, 0x0F, 0xF0, 0xFF, 0x0F, 0xF0, 0xFF, 0x00, 0x01, 0xFF,
    0x9F, 0xF9, 0xFF, 0x9F, 0xF9, 0xFF, 0x80, 0x03, 0xFF, 0xBF, 0xFB, 0xFF, 0xBF, 0xFB, 0xFF, 0x80, 0x03, 0xFF, 0xFF,
    0xFF, 0xFF, 0xFF, 0xFF, 0xFF, 0xC0, 0x03, 0xFF, 0xFF, 0xFF, 0xFF, 0xFF, 0xFF, 0xFF, 0xC0, 0x03, 0xFF, 0xFF, 0xFF,
    0xFF, 0xFF, 0xFF, 0xFF, 0xC0, 0x03, 0xFF, 0xFF, 0xFF, 0xFF, 0xFF, 0xFF, 0xFF, 0xC0, 0x03, 0xFF, 0xBF, 0xFB, 0xFF,
    0xBF, 0xFB, 0xFF, 0x80, 0x01, 0xFF, 0x9F, 0xF9, 0xFF, 0x9F, 0xF9, 0xFF, 0x80, 0x00, 0xFF, 0x0F, 0xF0, 0xFF, 0x0F,
    0xF0, 0xFF, 0x00, 0x00, 0x7C, 0x07, 0xC0, 0x7C, 0x07, 0xC0, 0x7C, 0x00, 0x00, 0x3C, 0x00, 0x00, 0x00, 0x00, 0x00,
    0x00, 0x00, 0x00, 0xFF, 0x00, 0x00, 0x00, 0x00, 0x00, 0x00, 0x00, 0x01, 0xFF, 0x80, 0x00, 0x00, 0x00, 0x00, 0x00,
    0x00, 0x03, 0xFF, 0x80, 0x00, 0x00, 0x00, 0x00, 0x00, 0x00, 0x03, 0xFF, 0xC0, 0x00, 0x00, 0x00, 0x00, 0x00, 0x00,
    0x03, 0xFF, 0xC0, 0x00, 0x00, 0x00, 0x00, 0x00, 0x00, 0x03, 0xFF, 0xC0, 0x00, 0x00, 0x00, 0x00, 0x00, 0x00, 0x03,
    0xFF, 0xC0, 0x00, 0x00, 0x00, 0x00, 0x00, 0x00, 0x03, 0xFF, 0x80, 0x00, 0x00, 0x00, 0x00, 0x00, 0x00, 0x01, 0xFF,
    0x80, 0x00, 0x00, 0x00, 0x00, 0x00, 0x00, 0x00, 0xFF, 0x00, 0x00, 0x00, 0x00, 0x00, 0x00, 0x00, 0x00, 0x7C, 0x00,
    0x00, 0x00, 0x00, 0x00, 0x00, 0x00, 0x00, 0x3C, 0x00, 0x00, 0x00, 0x00, 0x00, 0x00, 0x00, 0x00, 0xFF, 0x00, 0x00,
    0x00, 0x00, 0x00, 0x00, 0x00, 0x01, 0xFF, 0x80, 0x00, 0x00, 0x00, 0x00, 0x00, 0x00, 0x03, 0xFF, 0x80, 0x00, 0x00,
    0x00, 0x00, 0x00, 0x00, 0x03, 0xFF, 0xC0, 0x00, 0x00, 0x00, 0x00, 0x00, 0x00, 0x03, 0xFF, 0xC0, 0x00, 0x00, 0x00,
    0x00, 0x00, 0x00, 0x03, 0xFF, 0xC0, 0x00, 0x00, 0x00, 0x00, 0x00, 0x00, 0x03, 0xFF, 0xC0, 0x00, 0x00, 0x00, 0x00,
    0x00, 0x00, 0x03, 0xFF, 0x80, 0x00, 0x00, 0x00, 0x00, 0x00, 0x00, 0x01, 0xFF, 0x80, 0x00, 0x00, 0x00, 0x00, 0x00,
    0x00, 0x00, 0xFF, 0x00, 0x00, 0x00, 0x00, 0x00, 0x00, 0x00, 0x00, 0x7C, 0x00, 0x00, 0x00, 0x00, 0x00, 0x00, 0x00,
    0x00, 0x3C, 0x03, 0xC0, 0x3C, 0x03, 0xC0, 0x00, 0x00, 0x00, 0xFF, 0x0F, 0xF0, 0xFF, 0x0F, 0xF0, 0x00, 0x00, 0x01,
    0xFF, 0x9F, 0xF9, 0xFF, 0x9F, 0xF8, 0x00, 0x00, 0x03, 0xFF, 0xBF, 0xFB, 0xFF, 0xBF, 0xF8, 0x00, 0x00, 0x03, 0xFF,
    0xFF, 0xFF, 0xFF, 0xFF, 0xFC, 0x00, 0x00, 0x03, 0xFF, 0xFF, 0xFF, 0xFF, 0xFF, 0xFC, 0x00, 0x00, 0x03, 0xFF, 0xFF,
    0xFF, 0xFF, 0xFF, 0xFC, 0x00, 0x00, 0x03, 0xFF, 0xFF, 0xFF, 0xFF, 0xFF, 0xFC, 0x00, 0x00, 0x03, 0xFF, 0xBF, 0xFB,
    0xFF, 0xBF, 0xF8, 0x00, 0x00, 0x01, 0xFF, 0x9F, 0xF9, 0xFF, 0x9F, 0xF8, 0x00, 0x00, 0x00, 0xFF, 0x0F, 0xF0, 0xFF,
    0x0F, 0xF0, 0x00, 0x00, 0x00, 0x7C, 0x07, 0xC0, 0x7C, 0x07, 0xC0, 0x00, 0x00, 0x00, 0x00, 0x00, 0x00, 0x00, 0x00,
    0x00, 0x3C, 0x00, 0x00, 0x00, 0x00, 0x00, 0x00, 0x00, 0x00, 0xFF, 0x00, 0x00, 0x00, 0x00, 0x00, 0x00, 0x00, 0x01,
    0xFF, 0x80, 0x00, 0x00, 0x00, 0x00, 0x00, 0x00, 0x03, 0xFF, 0x80, 0x00, 0x00, 0x00, 0x00, 0x00, 0x00, 0x03, 0xFF,
    0xC0, 0x00, 0x00, 0x00, 0x00, 0x00, 0x00, 0x03, 0xFF, 0xC0, 0x00, 0x00, 0x00, 0x00, 0x00, 0x00, 0x03, 0xFF, 0xC0,
    0x00, 0x00, 0x00, 0x00, 0x00, 0x00, 0x03, 0xFF, 0xC0, 0x00, 0x00, 0x00, 0x00, 0x00, 0x00, 0x03, 0xFF, 0x80, 0x00,
    0x00, 0x00, 0x00, 0x00, 0x00, 0x01, 0xFF, 0x80, 0x00, 0x00, 0x00, 0x00, 0x00, 0x00, 0x00, 0xFF, 0x00, 0x00, 0x00,
    0x00, 0x00, 0x00, 0x00, 0x00, 0x7C, 0x00, 0x00, 0x3C, 0x00, 0x00, 0x00, 0x00, 0x00, 0x3C, 0x00, 0x00, 0xFF, 0x00,
    0x00, 0x00, 0x00, 0x00, 0xFF, 0x00, 0x01, 0xFF, 0x80, 0x00, 0x00, 0x00, 0x01, 0xFF, 0x80, 0x03, 0xFF, 0x80, 0x00,
    0x00, 0x00, 0x03, 0xFF, 0x80, 0x03, 0xFF, 0xC0, 0x00, 0x00, 0x00, 0x03, 0xFF, 0xC0, 0x03, 0xFF, 0xC0, 0x00, 0x00,
    0x00, 0x03, 0xFF, 0xC0, 0x03, 0xFF, 0xC0, 0x00, 0x00, 0x00, 0x03, 0xFF, 0xC0, 0x03, 0xFF, 0xC0, 0x00, 0x00, 0x00,
    0x03, 0xFF, 0xC0, 0x03, 0xFF, 0x80, 0x00, 0x00, 0x00, 0x03, 0xFF, 0x80, 0x01, 0xFF, 0x80, 0x00, 0x00, 0x00, 0x01,
    0xFF, 0x80, 0x00, 0xFF, 0x00, 0x00, 0x00, 0x00, 0x00, 0xFF, 0x00, 0x00, 0x7C, 0x00, 0x00, 0x00, 0x00, 0x00, 0x7C,
    0x00, 0x00, 0x00, 0x03, 0xC0, 0x3C, 0x03, 0xC0, 0x00, 0x00, 0x00, 0x00, 0x0F, 0xF0, 0xFF, 0x0F, 0xF0, 0x00, 0x00,
    0x00, 0x00, 0x1F, 0xF9, 0xFF, 0x9F, 0xF8, 0x00, 0x00, 0x00, 0x00, 0x3F, 0xFB, 0xFF, 0xBF, 0xF8, 0x00, 0x00, 0x00,
    0x00, 0x3F, 0xFF, 0xFF, 0xFF, 0xFC, 0x00, 0x00, 0x00, 0x00, 0x3F, 0xFF, 0xFF, 0xFF, 0xFC, 0x00, 0x00, 0x00, 0x00,
    0x3F, 0xFF, 0xFF, 0xFF, 0xFC, 0x00, 0x00, 0x00, 0x00, 0x3F, 0xFF, 0xFF, 0xFF, 0xFC, 0x00, 0x00, 0x00, 0x00, 0x3F,
    0xFB, 0xFF, 0xBF, 0xF8, 0x00, 0x00, 0x00, 0x00, 0x1F, 0xF9, 0xFF, 0x9F, 0xF8, 0x00, 0x00, 0x00, 0x00, 0x0F, 0xF0,
    0xFF, 0x0F, 0xF0, 0x00, 0x00, 0x00, 0x00, 0x07, 0xC0, 0x7C, 0x07, 0xC0, 0x00, 0x00, 0x00, 0x00, 0x00, 0x00, 0x3C,
    0x03, 0xC0, 0x3C, 0x00, 0x00, 0x00, 0x00, 0x00, 0xFF, 0x0F, 0xF0, 0xFF, 0x00, 0x00, 0x00, 0x00, 0x01, 0xFF, 0x9F,
    0xF9, 0xFF, 0x80, 0x00, 0x00, 0x00, 0x03, 0xFF, 0xBF, 0xFB, 0xFF, 0x80, 0x00, 0x00, 0x00, 0x03, 0xFF, 0xFF, 0xFF,
    0xFF, 0xC0, 0x00, 0x00, 0x00, 0x03, 0xFF, 0xFF, 0xFF, 0xFF, 0xC0, 0x00, 0x00, 0x00, 0x03, 0xFF, 0xFF, 0xFF, 0xFF,
    0xC0, 0x00, 0x00, 0x00, 0x03, 0xFF, 0xFF, 0xFF, 0xFF, 0xC0, 0x00, 0x00, 0x00, 0x03, 0xFF, 0xBF, 0xFB, 0xFF, 0x80,
    0x00, 0x00, 0x00, 0x01, 0xFF, 0x9F, 0xF9, 0xFF, 0x80, 0x00, 0x00, 0x00, 0x00, 0xFF, 0x0F, 0xF0, 0xFF, 0x00, 0x00,
    0x00, 0x00, 0x00, 0x7C, 0x07, 0xC0, 0x7C, 0x00, 0x00, 0x00, 0x03, 0xC0, 0x00, 0x00, 0x00, 0x00, 0x00, 0x00, 0x00,
    0x0F, 0xF0, 0x00, 0x00, 0x00, 0x00, 0x00, 0x00, 0x00, 0x1F, 0xF8, 0x00, 0x00, 0x00, 0x00, 0x00, 0x00, 0x00, 0x3F,
    0xF8, 0x00, 0x00, 0x00, 0x00, 0x00, 0x00, 0x00, 0x3F, 0xFC, 0x00, 0x00, 0x00, 0x00, 0x00, 0x00, 0x00, 0x3F, 0xFC,
    0x00, 0x00, 0x00, 0x00, 0x00, 0x00, 0x00, 0x3F, 0xFC, 0x00, 0x00, 0x00, 0x00, 0x00, 0x00, 0x00, 0x3F, 0xFC, 0x00,
    0x00, 0x00, 0x00, 0x00, 0x00, 0x00, 0x3F, 0xF8, 0x00, 0x00, 0x00, 0x00, 0x00, 0x00, 0x00, 0x1F, 0xF8, 0x00, 0x00,
    0x00, 0x00, 0x00, 0x00, 0x00, 0x0F, 0xF0, 0x00, 0x00, 0x00, 0x00, 0x00, 0x00, 0x00, 0x07, 0xC0, 0x00, 0x00, 0x00,
    0x00, 0x00, 0x00, 0x3C, 0x00, 0x00, 0x00, 0x00, 0x00, 0x00, 0x00, 0x00, 0xFF, 0x00, 0x00, 0x00, 0x00, 0x00, 0x00,
    0x00, 0x01, 0xFF, 0x80, 0x00, 0x00, 0x00, 0x00, 0x00, 0x00, 0x03, 0xFF, 0x80, 0x00, 0x00, 0x00, 0x00, 0x00, 0x00,
    0x03, 0xFF, 0xC0, 0x00, 0x00, 0x00, 0x00, 0x00, 0x00, 0x03, 0xFF, 0xC0, 0x00, 0x00, 0x00, 0x00, 0x00, 0x00, 0x03,
    0xFF, 0xC0, 0x00, 0x00, 0x00, 0x00, 0x00, 0x00, 0x03, 0xFF, 0xC0, 0x00, 0x00, 0x00, 0x00, 0x00, 0x00, 0x03, 0xFF,
    0x80, 0x00, 0x00, 0x00, 0x00, 0x00, 0x00, 0x01, 0xFF, 0x80, 0x00, 0x00, 0x00, 0x00, 0x00, 0x00, 0x00, 0xFF, 0x00,
    0x00, 0x00, 0x00, 0x00, 0x00, 0x00, 0x00, 0x7C, 0x00, 0x00, 0x00, 0x00, 0x00, 0x00, 0x00, 0x00, 0x3C, 0x03, 0xC0,
    0x3C, 0x03, 0xC0, 0x00, 0x00, 0x00, 0xFF, 0x0F, 0xF0, 0xFF, 0x0F, 0xF0, 0x00, 0x00, 0x01, 0xFF, 0x9F, 0xF9, 0xFF,
    0x9F, 0xF8, 0x00, 0x00, 0x03, 0xFF, 0xBF, 0xFB, 0xFF, 0xBF, 0xF8, 0x00, 0x00, 0x03, 0xFF, 0xFF, 0xFF, 0xFF, 0xFF,
    0xFC, 0x00, 0x00, 0x03, 0xFF, 0xFF, 0xFF, 0xFF, 0xFF, 0xFC, 0x00, 0x00, 0x03, 0xFF, 0xFF, 0xFF, 0xFF, 0xFF, 0xFC,
    0x00, 0x00, 0x03, 0xFF, 0xFF, 0xFF, 0xFF, 0xFF, 0xFC, 0x00, 0x00, 0x03, 0xFF, 0xBF, 0xFB, 0xFF, 0xBF, 0xF8, 0x00,
    0x00, 0x01, 0xFF, 0x9F, 0xF9, 0xFF, 0x9F, 0xF8, 0x00, 0x00, 0x00, 0xFF, 0x0F, 0xF0, 0xFF, 0x0F, 0xF0, 0x00, 0x00,
    0x00, 0x7C, 0x07, 0xC0, 0x7C, 0x07, 0xC0, 0x00, 0x00, 0x00, 0x3C, 0x00, 0x00, 0x00, 0x00, 0x00, 0x3C, 0x00, 0x00,
    0xFF, 0x00, 0x00, 0x00, 0x00, 0x00, 0xFF, 0x00, 0x01, 0xFF, 0x80, 0x00, 0x00, 0x00, 0x01, 0xFF, 0x80, 0x03, 0xFF,
    0x80, 0x00, 0x00, 0x00, 0x03, 0xFF, 0x80, 0x03, 0xFF, 0xC0, 0x00, 0x00, 0x00, 0x03, 0xFF, 0xC0, 0x03, 0xFF, 0xC0,
    0x00, 0x00, 0x00, 0x03, 0xFF, 0xC0, 0x03, 0xFF, 0xC0, 0x00, 0x00, 0x00, 0x03, 0xFF, 0xC0, 0x03, 0xFF, 0xC0, 0x00,
    0x00, 0x00, 0x03, 0xFF, 0xC0, 0x03, 0xFF, 0x80, 0x00, 0x00, 0x00, 0x03, 0xFF, 0x80, 0x01, 0xFF, 0x80, 0x00, 0x00,
    0x00, 0x01, 0xFF, 0x80, 0x00, 0xFF, 0x00, 0x00, 0x00, 0x00, 0x00, 0xFF, 0x00, 0x00, 0x7C, 0x00, 0x00, 0x00, 0x00,
    0x00, 0x7C, 0x00, 0x00, 0x3C, 0x00, 0x00, 0x00, 0x00, 0x00, 0x3C, 0x00, 0x00, 0xFF, 0x00, 0x00, 0x00, 0x00, 0x00,
    0xFF, 0x00, 0x01, 0xFF, 0x80, 0x00, 0x00, 0x00, 0x01, 0xFF, 0x80, 0x03, 0xFF, 0x80, 0x00, 0x00, 0x00, 0x03, 0xFF,
    0x80, 0x03, 0xFF, 0xC0, 0x00, 0x00, 0x00, 0x03, 0xFF, 0xC0, 0x03, 0xFF, 0xC0, 0x00, 0x00, 0x00, 0x03, 0xFF, 0xC0,
    0x03, 0xFF, 0xC0, 0x00, 0x00, 0x00, 0x03, 0xFF, 0xC0, 0x03, 0xFF, 0xC0, 0x00, 0x00, 0x00, 0x03, 0xFF, 0xC0, 0x03,
    0xFF, 0x80, 0x00, 0x00, 0x00, 0x03, 0xFF, 0x80, 0x01, 0xFF, 0x80, 0x00, 0x00, 0x00, 0x01, 0xFF, 0x80, 0x00, 0xFF,
    0x00, 0x00, 0x00, 0x00, 0x00, 0xFF, 0x00, 0x00, 0x7C, 0x00, 0x00, 0x00, 0x00, 0x00, 0x7C, 0x00, 0x00, 0x00, 0x03,
    0xC0, 0x3C, 0x03, 0xC0, 0x00, 0x00, 0x00, 0x00, 0x0F, 0xF0, 0xFF, 0x0F, 0xF0, 0x00, 0x00, 0x00, 0x00, 0x1F, 0xF9,
    0xFF, 0x9F, 0xF8, 0x00, 0x00, 0x00, 0x00, 0x3F, 0xFB, 0xFF, 0xBF, 0xF8, 0x00, 0x00, 0x00, 0x00, 0x3F, 0xFF, 0xFF,
    0xFF, 0xFC, 0x00, 0x00, 0x00, 0x00, 0x3F, 0xFF, 0xFF, 0xFF, 0xFC, 0x00, 0x00, 0x00, 0x00, 0x3F, 0xFF, 0xFF, 0xFF,
    0xFC, 0x00, 0x00, 0x00, 0x00, 0x3F, 0xFF, 0xFF, 0xFF, 0xFC, 0x00, 0x00, 0x00, 0x00, 0x3F, 0xFB, 0xFF, 0xBF, 0xF8,
    0x00, 0x00, 0x00, 0x00, 0x1F, 0xF9, 0xFF, 0x9F, 0xF8, 0x00, 0x00, 0x00, 0x00, 0x0F, 0xF0, 0xFF, 0x0F, 0xF0, 0x00,
    0x00, 0x00, 0x00, 0x07, 0xC0, 0x7C, 0x07, 0xC0, 0x00, 0x00, 0x00, 0x3C, 0x03, 0xC0, 0x3C, 0x03, 0xC0, 0x3C, 0x00,
    0x00, 0xFF, 0x0F, 0xF0, 0xFF, 0x0F, 0xF0, 0xFF, 0x00, 0x01, 0xFF, 0x9F, 0xF9, 0xFF, 0x9F, 0xF9, 0xFF, 0x80, 0x03,
    0xFF, 0xBF, 0xFB, 0xFF, 0xBF, 0xFB, 0xFF, 0x80, 0x03, 0xFF, 0xFF, 0xFF, 0xFF, 0xFF, 0xFF, 0xFF, 0xC0, 0x03, 0xFF,
    0xFF, 0xFF, 0xFF, 0xFF, 0xFF, 0xFF, 0xC0, 0x03, 0xFF, 0xFF, 0xFF, 0xFF, 0xFF, 0xFF, 0xFF, 0xC0, 0x03, 0xFF, 0xFF,
    0xFF, 0xFF, 0xFF, 0xFF, 0xFF, 0xC0, 0x03, 0xFF, 0xBF, 0xFB, 0xFF, 0xBF, 0xFB, 0xFF, 0x80, 0x01, 0xFF, 0x9F, 0xF9,
    0xFF, 0x9F, 0xF9, 0xFF, 0x80, 0x00, 0xFF, 0x0F, 0xF0, 0xFF, 0x0F, 0xF0, 0xFF, 0x00, 0x00, 0x7C, 0x07, 0xC0, 0x7C,
    0x07, 0xC0, 0x7C, 0x00, 0x00, 0x00, 0x00, 0x00, 0x00, 0x00, 0x00, 0x3C, 0x00, 0x00, 0x00, 0x00, 0x00, 0x00, 0x00,
    0x00, 0xFF, 0x00, 0x00, 0x00, 0x00, 0x00, 0x00, 0x00, 0x01, 0xFF, 0x80, 0x00, 0x00, 0x00, 0x00, 0x00, 0x00, 0x03,
    0xFF, 0x80, 0x00, 0x00, 0x00, 0x00, 0x00, 0x00, 0x03, 0xFF, 0xC0, 0x00, 0x00, 0x00, 0x00, 0x00, 0x00, 0x03, 0xFF,
    0xC0, 0x00, 0x00, 0x00, 0x00, 0x00, 0x00, 0x03, 0xFF, 0xC0, 0x00, 0x00, 0x00, 0x00, 0x00, 0x00, 0x03, 0xFF, 0xC0,
    0x00, 0x00, 0x00, 0x00, 0x00, 0x00, 0x03, 0xFF, 0x80, 0x00, 0x00, 0x00, 0x00, 0x00, 0x00, 0x01, 0xFF, 0x80, 0x00,
    0x00, 0x00, 0x00, 0x00, 0x00, 0x00, 0xFF, 0x00, 0x00, 0x00, 0x00, 0x00, 0x00, 0x00, 0x00, 0x7C, 0x00, 0x00, 0x00,
    0x00, 0x00, 0x00, 0x03, 0xC0, 0x00, 0x00, 0x00, 0x00, 0x00, 0x00, 0x00, 0x0F, 0xF0, 0x00, 0x00, 0x00, 0x00, 0x00,
    0x00, 0x00, 0x1F, 0xF8, 0x00, 0x00, 0x00, 0x00, 0x00, 0x00, 0x00, 0x3F, 0xF8, 0x00, 0x00, 0x00, 0x00, 0x00, 0x00,
    0x00, 0x3F, 0xFC, 0x00, 0x00, 0x00, 0x00, 0x00, 0x00, 0x00, 0x3F, 0xFC, 0x00, 0x00, 0x00, 0x00, 0x00, 0x00, 0x00,
    0x3F, 0xFC, 0x00, 0x00, 0x00, 0x00, 0x00, 0x00, 0x00, 0x3F, 0xFC, 0x00, 0x00, 0x00, 0x00, 0x00, 0x00, 0x00, 0x3F,
    0xF8, 0x00, 0x00, 0x00, 0x00, 0x00, 0x00, 0x00, 0x1F, 0xF8, 0x00, 0x00, 0x00, 0x00, 0x00, 0x00, 0x00, 0x0F, 0xF0,
    0x00, 0x00, 0x00, 0x00, 0x00, 0x00, 0x00, 0x07, 0xC0, 0x00, 0x00, 0x00, 0x00, 0x00, 0x00, 0x3C, 0x00, 0x00, 0x00,
    0x00, 0x00, 0x00, 0x00, 0x00, 0xFF, 0x00, 0x00, 0x00, 0x00, 0x00, 0x00, 0x00, 0x01, 0xFF, 0x80, 0x00, 0x00, 0x00,
    0x00, 0x00, 0x00, 0x03, 0xFF, 0x80, 0x00, 0x00, 0x00, 0x00, 0x00, 0x00, 0x03, 0xFF, 0xC0, 0x00, 0x00, 0x00, 0x00,
    0x00, 0x00, 0x03, 0xFF, 0xC0, 0x00, 0x00, 0x00, 0x00, 0x00, 0x00, 0x03, 0xFF, 0xC0, 0x00, 0x00, 0x00, 0x00, 0x00,
    0x00, 0x03, 0xFF, 0xC0, 0x00, 0x00, 0x00, 0x00, 0x00, 0x00, 0x03, 0xFF, 0x80, 0x00, 0x00, 0x00, 0x00, 0x00, 0x00,
    0x01, 0xFF, 0x80, 0x00, 0x00, 0x00, 0x00, 0x00, 0x00, 0x00, 0xFF, 0x00, 0x00, 0x00, 0x00, 0x00, 0x00, 0x00, 0x00,
    0x7C, 0x00, 0x00, 0x00, 0x00, 0x00, 0x00, 0x03, 0xC0, 0x00, 0x00, 0x00, 0x00, 0x00, 0x00, 0x00, 0x0F, 0xF0, 0x00,
    0x00, 0x00, 0x00, 0x00, 0x00, 0x00, 0x1F, 0xF8, 0x00, 0x00, 0x00, 0x00, 0x00, 0x00, 0x00, 0x3F, 0xF8, 0x00, 0x00,
    0x00, 0x00, 0x00, 0x00, 0x00, 0x3F, 0xFC, 0x00, 0x00, 0x00, 0x00, 0x00, 0x00, 0x00, 0x3F, 0xFC, 0x00, 0x00, 0x00,
    0x00, 0x00, 0x00, 0x00, 0x3F, 0xFC, 0x00, 0x00, 0x00, 0x00, 0x00, 0x00, 0x00, 0x3F, 0xFC, 0x00, 0x00, 0x00, 0x00,
    0x00, 0x00, 0x00, 0x3F, 0xF8, 0x00, 0x00, 0x00, 0x00, 0x00, 0x00, 0x00, 0x1F, 0xF8, 0x00, 0x00, 0x00, 0x00, 0x00,
    0x00, 0x00, 0x0F, 0xF0, 0x00, 0x00, 0x00, 0x00, 0x00, 0x00, 0x00, 0x07, 0xC0, 0x00, 0x00, 0x00, 0x00, 0x00, 0x00,
    0x00, 0x03, 0xC0, 0x00, 0x00, 0x00, 0x00, 0x00, 0x00, 0x00, 0x0F, 0xF0, 0x00, 0x00, 0x00, 0x00, 0x00, 0x00, 0x00,
    0x1F, 0xF8, 0x00, 0x00, 0x00, 0x00, 0x00, 0x00, 0x00, 0x3F, 0xF8, 0x00, 0x00, 0x00, 0x00, 0x00, 0x00, 0x00, 0x3F,
    0xFC, 0x00, 0x00, 0x00, 0x00, 0x00, 0x00, 0x00, 0x3F, 0xFC, 0x00, 0x00, 0x00, 0x00, 0x00, 0x00, 0x00, 0x3F, 0xFC,
    0x00, 0x00, 0x00, 0x00, 0x00, 0x00, 0x00, 0x3F, 0xFC, 0x00, 0x00, 0x00, 0x00, 0x00, 0x00, 0x00, 0x3F, 0xF8, 0x00,
    0x00, 0x00, 0x00, 0x00, 0x00, 0x00, 0x1F, 0xF8, 0x00, 0x00, 0x00, 0x00, 0x00, 0x00, 0x00, 0x0F, 0xF0, 0x00, 0x00,
    0x00, 0x00, 0x00, 0x00, 0x00, 0x07, 0xC0, 0x00, 0x00, 0x00, 0x00, 0x00, 0x00, 0x00, 0x03, 0xC0, 0x00, 0x00, 0x00,
    0x00, 0x00, 0x00, 0x00, 0x0F, 0xF0, 0x00, 0x00, 0x00, 0x00, 0x00, 0x00, 0x00, 0x1F, 0xF8, 0x00, 0x00, 0x00, 0x00,
    0x00, 0x00, 0x00, 0x3F, 0xF8, 0x00, 0x00, 0x00, 0x00, 0x00, 0x00, 0x00, 0x3F, 0xFC, 0x00, 0x00, 0x00, 0x00, 0x00,
    0x00, 0x00, 0x3F, 0xFC, 0x00, 0x00, 0x00, 0x00, 0x00, 0x00, 0x00, 0x3F, 0xFC, 0x00, 0x00, 0x00, 0x00, 0x00, 0x00,
    0x00, 0x3F, 0xFC, 0x00, 0x00, 0x00, 0x00, 0x00, 0x00, 0x00, 0x3F, 0xF8, 0x00, 0x00, 0x00, 0x00, 0x00, 0x00, 0x00,
    0x1F, 0xF8, 0x00, 0x00, 0x00, 0x00, 0x00, 0x00, 0x00, 0x0F, 0xF0, 0x00, 0x00, 0x00, 0x00, 0x00, 0x00, 0x00, 0x07,
    0xC0, 0x00, 0x00, 0x00, 0x00, 0x00, 0x00, 0x00, 0x03, 0xC0, 0x3C, 0x03, 0xC0, 0x00, 0x00, 0x00, 0x00, 0x0F, 0xF0,
    0xFF, 0x0F, 0xF0, 0x00, 0x00, 0x00, 0x00, 0x1F, 0xF9, 0xFF, 0x9F, 0xF8, 0x00, 0x00, 0x00, 0x00, 0x3F, 0xFB, 0xFF,
    0xBF, 0xF8, 0x00, 0x00, 0x00, 0x00, 0x3F, 0xFF, 0xFF, 0xFF, 0xFC, 0x00, 0x00, 0x00, 0x00, 0x3F, 0xFF, 0xFF, 0xFF,
    0xFC, 0x00, 0x00, 0x00, 0x00, 0x3F, 0xFF, 0xFF, 0xFF, 0xFC, 0x00, 0x00, 0x00, 0x00, 0x3F, 0xFF, 0xFF, 0xFF, 0xFC,
    0x00, 0x00, 0x00, 0x00, 0x3F, 0xFB, 0xFF, 0xBF, 0xF8, 0x00, 0x00, 0x00, 0x00, 0x1F, 0xF9, 0xFF, 0x9F, 0xF8, 0x00,
    0x00, 0x00, 0x00, 0x0F, 0xF0, 0xFF, 0x0F, 0xF0, 0x00, 0x00, 0x00, 0x00, 0x07, 0xC0, 0x7C, 0x07, 0xC0, 0x00, 0x00,
    0x00, 0x3C, 0x00, 0x00, 0x00, 0x00, 0x00, 0x3C, 0x00, 0x00, 0xFF, 0x00, 0x00, 0x00, 0x00, 0x00, 0xFF, 0x00, 0x01,
    0xFF, 0x80, 0x00, 0x00, 0x00, 0x01, 0xFF, 0x80, 0x03, 0xFF, 0x80, 0x00, 0x00, 0x00, 0x03, 0xFF, 0x80, 0x03, 0xFF,
    0xC0, 0x00, 0x00, 0x00, 0x03, 0xFF, 0xC0, 0x03, 0xFF, 0xC0, 0x00, 0x00, 0x00, 0x03, 0xFF, 0xC0, 0x03, 0xFF, 0xC0,
    0x00, 0x00, 0x00, 0x03, 0xFF, 0xC0, 0x03, 0xFF, 0xC0, 0x00, 0x00, 0x00, 0x03, 0xFF, 0xC0, 0x03, 0xFF, 0x80, 0x00,
    0x00, 0x00, 0x03, 0xFF, 0x80, 0x01, 0xFF, 0x80, 0x00, 0x00, 0x00, 0x01, 0xFF, 0x80, 0x00, 0xFF, 0x00, 0x00, 0x00,
    0x00, 0x00, 0xFF, 0x00, 0x00, 0x7C, 0x00, 0x00, 0x00, 0x00, 0x00, 0x7C, 0x00, 0x00, 0x3C, 0x00, 0x00, 0x00, 0x00,
    0x00, 0x3C, 0x00, 0x00, 0xFF, 0x00, 0x00, 0x00, 0x00, 0x00, 0xFF, 0x00, 0x01, 0xFF, 0x80, 0x00, 0x00, 0x00, 0x01,
    0xFF, 0x80, 0x03, 0xFF, 0x80, 0x00, 0x00, 0x00, 0x03, 0xFF, 0x80, 0x03, 0xFF, 0xC0, 0x00, 0x00, 0x00, 0x03, 0xFF,
    0xC0, 0x03, 0xFF, 0xC0, 0x00, 0x00, 0x00, 0x03, 0xFF, 0xC0, 0x03, 0xFF, 0xC0, 0x00, 0x00, 0x00, 0x03, 0xFF, 0xC0,
    0x03, 0xFF, 0xC0, 0x00, 0x00, 0x00, 0x03, 0xFF, 0xC0, 0x03, 0xFF, 0x80, 0x00, 0x00, 0x00, 0x03, 0xFF, 0x80, 0x01,
    0xFF, 0x80, 0x00, 0x00, 0x00, 0x01, 0xFF, 0x80, 0x00, 0xFF, 0x00, 0x00, 0x00, 0x00, 0x00, 0xFF, 0x00, 0x00, 0x7C,
    0x00, 0x00, 0x00, 0x00, 0x00, 0x7C, 0x00, 0x00, 0x00, 0x03, 0xC0, 0x3C, 0x03, 0xC0, 0x00, 0x00, 0x00, 0x00, 0x0F,
    0xF0, 0xFF, 0x0F, 0xF0, 0x00, 0x00, 0x00, 0x00, 0x1F, 0xF9, 0xFF, 0x9F, 0xF8, 0x00, 0x00, 0x00, 0x00, 0x3F, 0xFB,
    0xFF, 0xBF, 0xF8, 0x00, 0x00, 0x00, 0x00, 0x3F, 0xFF, 0xFF, 0xFF, 0xFC, 0x00, 0x00, 0x00, 0x00, 0x3F, 0xFF, 0xFF,
    0xFF, 0xFC, 0x00, 0x00, 0x00, 0x00, 0x3F, 0xFF, 0xFF, 0xFF, 0xFC, 0x00, 0x00, 0x00, 0x00, 0x3F, 0xFF, 0xFF, 0xFF,
    0xFC, 0x00, 0x00, 0x00, 0x00, 0x3F, 0xFB, 0xFF, 0xBF, 0xF8, 0x00, 0x00, 0x00, 0x00, 0x1F, 0xF9, 0xFF, 0x9F, 0xF8,
    0x00, 0x00, 0x00, 0x00, 0x0F, 0xF0, 0xFF, 0x0F, 0xF0, 0x00, 0x00, 0x00, 0x00, 0x07, 0xC0, 0x7C, 0x07, 0xC0, 0x00,
    0x00, 0x00, 0x3C, 0x00, 0x00, 0x00, 0x00, 0x00, 0x3C, 0x00, 0x00, 0xFF, 0x00, 0x00, 0x00, 0x00, 0x00, 0xFF, 0x00,
    0x01, 0xFF, 0x80, 0x00, 0x00, 0x00, 0x01, 0xFF, 0x80, 0x03, 0xFF, 0x80, 0x00, 0x00, 0x00, 0x03, 0xFF, 0x80, 0x03,
    0xFF, 0xC0, 0x00, 0x00, 0x00, 0x03, 0xFF, 0xC0, 0x03, 0xFF, 0xC0, 0x00, 0x00, 0x00, 0x03, 0xFF, 0xC0, 0x03, 0xFF,
    0xC0, 0x00, 0x00, 0x00, 0x03, 0xFF, 0xC0, 0x03, 0xFF, 0xC0, 0x00, 0x00, 0x00, 0x03, 0xFF, 0xC0, 0x03, 0xFF, 0x80,
    0x00, 0x00, 0x00, 0x03, 0xFF, 0x80, 0x01, 0xFF, 0x80, 0x00, 0x00, 0x00, 0x01, 0xFF, 0x80, 0x00, 0xFF, 0x00, 0x00,
    0x00, 0x00, 0x00, 0xFF, 0x00, 0x00, 0x7C, 0x00, 0x00, 0x00, 0x00, 0x00, 0x7C, 0x00, 0x00, 0x3C, 0x00, 0x00, 0x00,
    0x00, 0x00, 0x3C, 0x00, 0x00, 0xFF, 0x00, 0x00, 0x00, 0x00, 0x00, 0xFF, 0x00, 0x01, 0xFF, 0x80, 0x00, 0x00, 0x00,
    0x01, 0xFF, 0x80, 0x03, 0xFF, 0x80, 0x00, 0x00, 0x00, 0x03, 0xFF, 0x80, 0x03, 0xFF, 0xC0, 0x00, 0x00, 0x00, 0x03,
    0xFF, 0xC0, 0x03, 0xFF, 0xC0, 0x00, 0x00, 0x00, 0x03, 0xFF, 0xC0, 0x03, 0xFF, 0xC0, 0x00, 0x00, 0x00, 0x03, 0xFF,
    0xC0, 0x03, 0xFF, 0xC0, 0x00, 0x00, 0x00, 0x03, 0xFF, 0xC0, 0x03, 0xFF, 0x80, 0x00, 0x00, 0x00, 0x03, 0xFF, 0x80,
    0x01, 0xFF, 0x80, 0x00, 0x00, 0x00, 0x01, 0xFF, 0x80, 0x00, 0xFF, 0x00, 0x00, 0x00, 0x00, 0x00, 0xFF, 0x00, 0x00,
    0x7C, 0x00, 0x00, 0x00, 0x00, 0x00, 0x7C, 0x00, 0x00, 0x00, 0x03, 0xC0, 0x3C, 0x03, 0xC0, 0x00, 0x00, 0x00, 0x00,
    0x0F, 0xF0, 0xFF, 0x0F, 0xF0, 0x00, 0x00, 0x00, 0x00, 0x1F, 0xF9, 0xFF, 0x9F, 0xF8, 0x00, 0x00, 0x00, 0x00, 0x3F,
    0xFB, 0xFF, 0xBF, 0xF8, 0x00, 0x00, 0x00, 0x00, 0x3F, 0xFF, 0xFF, 0xFF, 0xFC, 0x00, 0x00, 0x00, 0x00, 0x3F, 0xFF,
    0xFF, 0xFF, 0xFC, 0x00, 0x00, 0x00, 0x00, 0x3F, 0xFF, 0xFF, 0xFF, 0xFC, 0x00, 0x00, 0x00, 0x00, 0x3F, 0xFF, 0xFF,
    0xFF, 0xFC, 0x00, 0x00, 0x00, 0x00, 0x3F, 0xFB, 0xFF, 0xBF, 0xF8, 0x00, 0x00, 0x00, 0x00, 0x1F, 0xF9, 0xFF, 0x9F,
    0xF8, 0x00, 0x00, 0x00, 0x00, 0x0F, 0xF0, 0xFF, 0x0F, 0xF0, 0x00, 0x00, 0x00, 0x00, 0x07, 0xC0, 0x7C, 0x07, 0xC0,
    0x00, 0x00, 0x00, 0x00, 0x03, 0xC0, 0x3C, 0x03, 0xC0, 0x00, 0x00, 0x00, 0x00, 0x0F, 0xF0, 0xFF, 0x0F, 0xF0, 0x00,
    0x00, 0x00, 0x00, 0x1F, 0xF9, 0xFF, 0x9F, 0xF8, 0x00, 0x00, 0x00, 0x00, 0x3F, 0xFB, 0xFF, 0xBF, 0xF8, 0x00, 0x00,
    0x00, 0x00, 0x3F, 0xFF, 0xFF, 0xFF, 0xFC, 0x00, 0x00, 0x00, 0x00, 0x3F, 0xFF, 0xFF, 0xFF, 0xFC, 0x00, 0x00, 0x00,
    0x00, 0x3F, 0xFF, 0xFF, 0xFF, 0xFC, 0x00, 0x00, 0x00, 0x00, 0x3F, 0xFF, 0xFF, 0xFF, 0xFC, 0x00, 0x00, 0x00, 0x00,
    0x3F, 0xFB, 0xFF, 0xBF, 0xF8, 0x00, 0x00, 0x00, 0x00, 0x1F, 0xF9, 0xFF, 0x9F, 0xF8, 0x00, 0x00, 0x00, 0x00, 0x0F,
    0xF0, 0xFF, 0x0F, 0xF0, 0x00, 0x00, 0x00, 0x00, 0x07, 0xC0, 0x7C, 0x07, 0xC0, 0x00, 0x00, 0x00, 0x3C, 0x00, 0x00,
    0x00, 0x00, 0x00, 0x3C, 0x00, 0x00, 0xFF, 0x00, 0x00, 0x00, 0x00, 0x00, 0xFF, 0x00, 0x01, 0xFF, 0x80, 0x00, 0x00,
    0x00, 0x01, 0xFF, 0x80, 0x03, 0xFF, 0x80, 0x00, 0x00, 0x00, 0x03, 0xFF, 0x80, 0x03, 0xFF, 0xC0, 0x00, 0x00, 0x00,
    0x03, 0xFF, 0xC0, 0x03, 0xFF, 0xC0, 0x00, 0x00, 0x00, 0x03, 0xFF, 0xC0, 0x03, 0xFF, 0xC0, 0x00, 0x00, 0x00, 0x03,
    0xFF, 0xC0, 0x03, 0xFF, 0xC0, 0x00, 0x00, 0x00, 0x03, 0xFF, 0xC0, 0x03, 0xFF, 0x80, 0x00, 0x00, 0x00, 0x03, 0xFF,
    0x80, 0x01, 0xFF, 0x80, 0x00, 0x00, 0x00, 0x01, 0xFF, 0x80, 0x00, 0xFF, 0x00, 0x00, 0x00, 0x00, 0x00, 0xFF, 0x00,
    0x00, 0x7C, 0x00, 0x00, 0x00, 0x00, 0x00, 0x7C, 0x00, 0x00, 0x3C, 0x00, 0x00, 0x00, 0x00, 0x00, 0x3C, 0x00, 0x00,
    0xFF, 0x00, 0x00, 0x00, 0x00, 0x00, 0xFF, 0x00, 0x01, 0xFF, 0x80, 0x00, 0x00, 0x00, 0x01, 0xFF, 0x80, 0x03, 0xFF,
    0x80, 0x00, 0x00, 0x00, 0x03, 0xFF, 0x80, 0x03, 0xFF, 0xC0, 0x00, 0x00, 0x00, 0x03, 0xFF, 0xC0, 0x03, 0xFF, 0xC0,
    0x00, 0x00, 0x00, 0x03, 0xFF, 0xC0, 0x03, 0xFF, 0xC0, 0x00, 0x00, 0x00, 0x03, 0xFF, 0xC0, 0x03, 0xFF, 0xC0, 0x00,
    0x00, 0x00, 0x03, 0xFF, 0xC0, 0x03, 0xFF, 0x80, 0x00, 0x00, 0x00, 0x03, 0xFF, 0x80, 0x01, 0xFF, 0x80, 0x00, 0x00,
    0x00, 0x01, 0xFF, 0x80, 0x00, 0xFF, 0x00, 0x00, 0x00, 0x00, 0x00, 0xFF, 0x00, 0x00, 0x7C, 0x00, 0x00, 0x00, 0x00,
    0x00, 0x7C, 0x00, 0x00, 0x00, 0x03, 0xC0, 0x3C, 0x03, 0xC0, 0x3C, 0x00, 0x00, 0x00, 0x0F, 0xF0, 0xFF, 0x0F, 0xF0,
    0xFF, 0x00, 0x00, 0x00, 0x1F, 0xF9, 0xFF, 0x9F, 0xF9, 0xFF, 0x80, 0x00, 0x00, 0x3F, 0xFB, 0xFF, 0xBF, 0xFB, 0xFF,
    0x80, 0x00, 0x00, 0x3F, 0xFF, 0xFF, 0xFF, 0xFF, 0xFF, 0xC0, 0x00, 0x00, 0x3F, 0xFF, 0xFF, 0xFF, 0xFF, 0xFF, 0xC0,
    0x00, 0x00, 0x3F, 0xFF, 0xFF, 0xFF, 0xFF, 0xFF, 0xC0, 0x00, 0x00, 0x3F, 0xFF, 0xFF, 0xFF, 0xFF, 0xFF, 0xC0, 0x00,
    0x00, 0x3F, 0xFB, 0xFF, 0xBF, 0xFB, 0xFF, 0x80, 0x00, 0x00, 0x1F, 0xF9, 0xFF, 0x9F, 0xF9, 0xFF, 0x80, 0x00, 0x00,
    0x0F, 0xF0, 0xFF, 0x0F, 0xF0, 0xFF, 0x00, 0x00, 0x00, 0x07, 0xC0, 0x7C, 0x07, 0xC0, 0x7C, 0x00, 0x00, 0x00, 0x00,
    0x00, 0x00, 0x00, 0x00, 0x3C, 0x00, 0x00, 0x00, 0x00, 0x00, 0x00, 0x00, 0x00, 0xFF, 0x00, 0x00, 0x00, 0x00, 0x00,
    0x00, 0x00, 0x01, 0xFF, 0x80, 0x00, 0x00, 0x00, 0x00, 0x00, 0x00, 0x03, 0xFF, 0x80, 0x00, 0x00, 0x00, 0x00, 0x00,
    0x00, 0x03, 0xFF, 0xC0, 0x00, 0x00, 0x00, 0x00, 0x00, 0x00, 0x03, 0xFF, 0xC0, 0x00, 0x00, 0x00, 0x00, 0x00, 0x00,
    0x03, 0xFF, 0xC0, 0x00, 0x00, 0x00, 0x00, 0x00, 0x00, 0x03, 0xFF, 0xC0, 0x00, 0x00, 0x00, 0x00, 0x00, 0x00, 0x03,
    0xFF, 0x80, 0x00, 0x00, 0x00, 0x00, 0x00, 0x00, 0x01, 0xFF, 0x80, 0x00, 0x00, 0x00, 0x00, 0x00, 0x00, 0x00, 0xFF,
    0x00, 0x00, 0x00, 0x00, 0x00, 0x00, 0x00, 0x00, 0x7C, 0x00, 0x00, 0x00, 0x00, 0x00, 0x00, 0x03, 0xC0, 0x00, 0x00,
    0x00, 0x00, 0x00, 0x00, 0x00, 0x0F, 0xF0, 0x00, 0x00, 0x00, 0x00, 0x00, 0x00, 0x00, 0x1F, 0xF8, 0x00, 0x00, 0x00,
    0x00, 0x00, 0x00, 0x00, 0x3F, 0xF8, 0x00, 0x00, 0x00, 0x00, 0x00, 0x00, 0x00, 0x3F, 0xFC, 0x00, 0x00, 0x00, 0x00,
    0x00, 0x00, 0x00, 0x3F, 0xFC, 0x00, 0x00, 0x00, 0x00, 0x00, 0x00, 0x00, 0x3F, 0xFC, 0x00, 0x00, 0x00, 0x00, 0x00,
    0x00, 0x00, 0x3F, 0xFC, 0x00, 0x00, 0x00, 0x00, 0x00, 0x00, 0x00, 0x3F, 0xF8, 0x00, 0x00, 0x00, 0x00, 0x00, 0x00,
    0x00, 0x1F, 0xF8, 0x00, 0x00, 0x00, 0x00, 0x00, 0x00, 0x00, 0x0F, 0xF0, 0x00, 0x00, 0x00, 0x00, 0x00, 0x00, 0x00,
    0x07, 0xC0, 0x00, 0x00, 0x00, 0x00, 0x03, 0xC0, 0x3C, 0x00, 0x00, 0x00, 0x00, 0x00, 0x00, 0x0F, 0xF0, 0xFF, 0x00,
    0x00, 0x00, 0x00, 0x00, 0x00, 0x1F, 0xF9, 0xFF, 0x80, 0x00, 0x00, 0x00, 0x00, 0x00, 0x3F, 0xFB, 0xFF, 0x80, 0x00,
    0x00, 0x00, 0x00, 0x00, 0x3F, 0xFF, 0xFF, 0xC0, 0x00, 0x00, 0x00, 0x00, 0x00, 0x3F, 0xFF, 0xFF, 0xC0, 0x00, 0x00,
    0x00, 0x00, 0x00, 0x3F, 0xFF, 0xFF, 0xC0, 0x00, 0x00, 0x00, 0x00, 0x00, 0x3F, 0xFF, 0xFF, 0xC0, 0x00, 0x00, 0x00,
    0x00, 0x00, 0x3F, 0xFB, 0xFF, 0x80, 0x00, 0x00, 0x00, 0x00, 0x00, 0x1F, 0xF9, 0xFF, 0x80, 0x00, 0x00, 0x00, 0x00,
    0x00, 0x0F, 0xF0, 0xFF, 0x00, 0x00, 0x00, 0x00, 0x00, 0x00, 0x07, 0xC0, 0x7C, 0x00, 0x00, 0x00, 0x00, 0x00, 0x3C,
    0x00, 0x00, 0xFF, 0x00, 0x01, 0xFF, 0x80, 0x03, 0xFF, 0x80, 0x03, 0xFF, 0xC0, 0x03, 0xFF, 0xC0, 0x03, 0xFF, 0xC0,
    0x03, 0xFF, 0xC0, 0x03, 0xFF, 0x80, 0x01, 0xFF, 0x80, 0x00, 0xFF, 0x00, 0x00, 0x7C, 0x00, 0x00, 0x00, 0x00, 0x00,
    0x00, 0x00, 0x00, 0x00, 0x00, 0x00, 0x00, 0x00, 0x00, 0x00, 0x00, 0x00, 0x00, 0x00, 0x00, 0x00, 0x00, 0x00, 0x00,
    0x00, 0x00, 0x00, 0x00, 0x00, 0x00, 0x00, 0x00, 0x00, 0x00, 0x00, 0x00, 0x00, 0x00, 0x00, 0x00, 0x00, 0x00, 0x00,
    0x00, 0x00, 0x00, 0x00, 0x00, 0x00, 0x00, 0x00, 0x00, 0x00, 0x00, 0x00, 0x00, 0x00, 0x00, 0x00, 0x00, 0x00, 0x00,
    0x00, 0x00, 0x00, 0x00, 0x00, 0x00, 0x00, 0x00, 0x00, 0x00, 0x00, 0x00, 0x3C, 0x00, 0x00, 0xFF, 0x00, 0x01, 0xFF,
    0x80, 0x03, 0xFF, 0x80, 0x03, 0xFF, 0xC0, 0x03, 0xFF, 0xC0, 0x03, 0xFF, 0xC0, 0x03, 0xFF, 0xC0, 0x03, 0xFF, 0x80,
    0x01, 0xFF, 0x80, 0x00, 0xFF, 0x00, 0x00, 0x7C, 0x00, 0x00, 0x00, 0x00, 0x00, 0x00, 0x00, 0x00, 0x00, 0x00, 0x00,
    0x00, 0x00, 0x00, 0x00, 0x00, 0x00, 0x00, 0x00, 0x00, 0x00, 0x00, 0x00, 0x00, 0x00, 0x00, 0x00, 0x00, 0x00, 0x00,
    0x00, 0x00, 0x00, 0x00, 0x00, 0x00, 0x00, 0x00, 0x00, 0x00, 0x00, 0x3C, 0x00, 0x00, 0x00, 0x00, 0x00, 0x00, 0x00,
    0x00, 0xFF, 0x00, 0x00, 0x00, 0x00, 0x00, 0x00, 0x00, 0x01, 0xFF, 0x80, 0x00, 0x00, 0x00, 0x00, 0x00, 0x00, 0x03,
    0xFF, 0x80, 0x00, 0x00, 0x00, 0x00, 0x00, 0x00, 0x03, 0xFF, 0xC0, 0x00, 0x00, 0x00, 0x00, 0x00, 0x00, 0x03, 0xFF,
    0xC0, 0x00, 0x00, 0x00, 0x00, 0x00, 0x00, 0x03, 0xFF, 0xC0, 0x00, 0x00, 0x00, 0x00, 0x00, 0x00, 0x03, 0xFF, 0xC0,
    0x00, 0x00, 0x00, 0x00, 0x00, 0x00, 0x03, 0xFF, 0x80, 0x00, 0x00, 0x00, 0x00, 0x00, 0x00, 0x01, 0xFF, 0x80, 0x00,
    0x00, 0x00, 0x00, 0x00, 0x00, 0x00, 0xFF, 0x00, 0x00, 0x00, 0x00, 0x00, 0x00, 0x00, 0x00, 0x7C, 0x00, 0x00, 0x00,
    0x00, 0x00, 0x00, 0x03, 0xC0, 0x00, 0x03, 0xC0, 0x00, 0x00, 0x00, 0x00, 0x0F, 0xF0, 0x00, 0x0F, 0xF0, 0x00, 0x00,
    0x00, 0x00, 0x1F, 0xF8, 0x00, 0x1F, 0xF8, 0x00, 0x00, 0x00, 0x00, 0x3F, 0xF8, 0x00, 0x3F, 0xF8, 0x00, 0x00, 0x00,
    0x00, 0x3F, 0xFC, 0x00, 0x3F, 0xFC, 0x00, 0x00, 0x00, 0x00, 0x3F, 0xFC, 0x00, 0x3F, 0xFC, 0x00, 0x00, 0x00, 0x00,
    0x3F, 0xFC, 0x00, 0x3F, 0xFC, 0x00, 0x00, 0x00, 0x00, 0x3F, 0xFC, 0x00, 0x3F, 0xFC, 0x00, 0x00, 0x00, 0x00, 0x3F,
    0xF8, 0x00, 0x3F, 0xF8, 0x00, 0x00, 0x00, 0x00, 0x1F, 0xF8, 0x00, 0x1F, 0xF8, 0x00, 0x00, 0x00, 0x00, 0x0F, 0xF0,
    0x00, 0x0F, 0xF0, 0x00, 0x00, 0x00, 0x00, 0x07, 0xC0, 0x00, 0x07, 0xC0, 0x00, 0x00, 0x00, 0x3C, 0x00, 0x00, 0x00,
    0x00, 0x00, 0x3C, 0x00, 0x00, 0xFF, 0x00, 0x00, 0x00, 0x00, 0x00, 0xFF, 0x00, 0x01, 0xFF, 0x80, 0x00, 0x00, 0x00,
    0x01, 0xFF, 0x80, 0x03, 0xFF, 0x80, 0x00, 0x00, 0x00, 0x03, 0xFF, 0x80, 0x03, 0xFF, 0xC0, 0x00, 0x00, 0x00, 0x03,
    0xFF, 0xC0, 0x03, 0xFF, 0xC0, 0x00, 0x00, 0x00, 0x03, 0xFF, 0xC0, 0x03, 0xFF, 0xC0, 0x00, 0x00, 0x00, 0x03, 0xFF,
    0xC0, 0x03, 0xFF, 0xC0, 0x00, 0x00, 0x00, 0x03, 0xFF, 0xC0, 0x03, 0xFF, 0x80, 0x00, 0x00, 0x00, 0x03, 0xFF, 0x80,
    0x01, 0xFF, 0x80, 0x00, 0x00, 0x00, 0x01, 0xFF, 0x80, 0x00, 0xFF, 0x00, 0x00, 0x00, 0x00, 0x00, 0xFF, 0x00, 0x00,
    0x7C, 0x00, 0x00, 0x00, 0x00, 0x00, 0x7C, 0x00, 0x00, 0x3C, 0x00, 0x00, 0x00, 0x00, 0x00, 0x3C, 0x00, 0x00, 0xFF,
    0x00, 0x00, 0x00, 0x00, 0x00, 0xFF, 0x00, 0x01, 0xFF, 0x80, 0x00, 0x00, 0x00, 0x01, 0xFF, 0x80, 0x03, 0xFF, 0x80,
    0x00, 0x00, 0x00, 0x03, 0xFF, 0x80, 0x03, 0xFF, 0xC0, 0x00, 0x00, 0x00, 0x03, 0xFF, 0xC0, 0x03, 0xFF, 0xC0, 0x00,
    0x00, 0x00, 0x03, 0xFF, 0xC0, 0x03, 0xFF, 0xC0, 0x00, 0x00, 0x00, 0x03, 0xFF, 0xC0, 0x03, 0xFF, 0xC0, 0x00, 0x00,
    0x00, 0x03, 0xFF, 0xC0, 0x03, 0xFF, 0x80, 0x00, 0x00, 0x00, 0x03, 0xFF, 0x80, 0x01, 0xFF, 0x80, 0x00, 0x00, 0x00,
    0x01, 0xFF, 0x80, 0x00, 0xFF, 0x00, 0x00, 0x00, 0x00, 0x00, 0xFF, 0x00, 0x00, 0x7C, 0x00, 0x00, 0x00, 0x00, 0x00,
    0x7C, 0x00, 0x00, 0x3C, 0x03, 0xC0, 0x3C, 0x03, 0xC0, 0x3C, 0x00, 0x00, 0xFF, 0x0F, 0xF0, 0xFF, 0x0F, 0xF0, 0xFF,
    0x00, 0x01, 0xFF, 0x9F, 0xF9, 0xFF, 0x9F, 0xF9, 0xFF, 0x80, 0x03, 0xFF, 0xBF, 0xFB, 0xFF, 0xBF, 0xFB, 0xFF, 0x80,
    0x03, 0xFF, 0xFF, 0xFF, 0xFF, 0xFF, 0xFF, 0xFF, 0xC0, 0x03, 0xFF, 0xFF, 0xFF, 0xFF, 0xFF, 0xFF, 0xFF, 0xC0, 0x03,
    0xFF, 0xFF, 0xFF, 0xFF, 0xFF, 0xFF, 0xFF, 0xC0, 0x03, 0xFF, 0xFF, 0xFF, 0xFF, 0xFF, 0xFF, 0xFF, 0xC0, 0x03, 0xFF,
    0xBF, 0xFB, 0xFF, 0xBF, 0xFB, 0xFF, 0x80, 0x01, 0xFF, 0x9F, 0xF9, 0xFF, 0x9F, 0xF9, 0xFF, 0x80, 0x00, 0xFF, 0x0F,
    0xF0, 0xFF, 0x0F, 0xF0, 0xFF, 0x00, 0x00, 0x7C, 0x07, 0xC0, 0x7C, 0x07, 0xC0, 0x7C, 0x00, 0x00, 0x3C, 0x00, 0x00,
    0x00, 0x00, 0x00, 0x3C, 0x00, 0x00, 0xFF, 0x00, 0x00, 0x00, 0x00, 0x00, 0xFF, 0x00, 0x01, 0xFF, 0x80, 0x00, 0x00,
    0x00, 0x01, 0xFF, 0x80, 0x03, 0xFF, 0x80, 0x00, 0x00, 0x00, 0x03, 0xFF, 0x80, 0x03, 0xFF, 0xC0, 0x00, 0x00, 0x00,
    0x03, 0xFF, 0xC0, 0x03, 0xFF, 0xC0, 0x00, 0x00, 0x00, 0x03, 0xFF, 0xC0, 0x03, 0xFF, 0xC0, 0x00, 0x00, 0x00, 0x03,
    0xFF, 0xC0, 0x03, 0xFF, 0xC0, 0x00, 0x00, 0x00, 0x03, 0xFF, 0xC0, 0x03, 0xFF, 0x80, 0x00, 0x00, 0x00, 0x03, 0xFF,
    0x80, 0x01, 0xFF, 0x80, 0x00, 0x00, 0x00, 0x01, 0xFF, 0x80, 0x00, 0xFF, 0x00, 0x00, 0x00, 0x00, 0x00, 0xFF, 0x00,
    0x00, 0x7C, 0x00, 0x00, 0x00, 0x00, 0x00, 0x7C, 0x00, 0x00, 0x3C, 0x00, 0x00, 0x00, 0x00, 0x00, 0x3C, 0x00, 0x00,
    0xFF, 0x00, 0x00, 0x00, 0x00, 0x00, 0xFF, 0x00, 0x01, 0xFF, 0x80, 0x00, 0x00, 0x00, 0x01, 0xFF, 0x80, 0x03, 0xFF,
    0x80, 0x00, 0x00, 0x00, 0x03, 0xFF, 0x80, 0x03, 0xFF, 0xC0, 0x00, 0x00, 0x00, 0x03, 0xFF, 0xC0, 0x03, 0xFF, 0xC0,
    0x00, 0x00, 0x00, 0x03, 0xFF, 0xC0, 0x03, 0xFF, 0xC0, 0x00, 0x00, 0x00, 0x03, 0xFF, 0xC0, 0x03, 0xFF, 0xC0, 0x00,
    0x00, 0x00, 0x03, 0xFF, 0xC0, 0x03, 0xFF, 0x80, 0x00, 0x00, 0x00, 0x03, 0xFF, 0x80, 0x01, 0xFF, 0x80, 0x00, 0x00,
    0x00, 0x01, 0xFF, 0x80, 0x00, 0xFF, 0x00, 0x00, 0x00, 0x00, 0x00, 0xFF, 0x00, 0x00, 0x7C, 0x00, 0x00, 0x00, 0x00,
    0x00, 0x7C, 0x00, 0x00, 0x3C, 0x03, 0xC0, 0x3C, 0x03, 0xC0, 0x00, 0x00, 0x00, 0xFF, 0x0F, 0xF0, 0xFF, 0x0F, 0xF0,
    0x00, 0x00, 0x01, 0xFF, 0x9F, 0xF9, 0xFF, 0x9F, 0xF8, 0x00, 0x00, 0x03, 0xFF, 0xBF, 0xFB, 0xFF, 0xBF, 0xF8, 0x00,
    0x00, 0x03, 0xFF, 0xFF, 0xFF, 0xFF, 0xFF, 0xFC, 0x00, 0x00, 0x03, 0xFF, 0xFF, 0xFF, 0xFF, 0xFF, 0xFC, 0x00, 0x00,
    0x03, 0xFF, 0xFF, 0xFF, 0xFF, 0xFF, 0xFC, 0x00, 0x00, 0x03, 0xFF, 0xFF, 0xFF, 0xFF, 0xFF, 0xFC, 0x00, 0x00, 0x03,
    0xFF, 0xBF, 0xFB, 0xFF, 0xBF, 0xF8, 0x00, 0x00, 0x01, 0xFF, 0x9F, 0xF9, 0xFF, 0x9F, 0xF8, 0x00, 0x00, 0x00, 0xFF,
    0x0F, 0xF0, 0xFF, 0x0F, 0xF0, 0x00, 0x00, 0x00, 0x7C, 0x07, 0xC0, 0x7C, 0x07, 0xC0, 0x00, 0x00, 0x00, 0x3C, 0x00,
    0x00, 0x00, 0x00, 0x00, 0x3C, 0x00, 0x00, 0xFF, 0x00, 0x00, 0x00, 0x00, 0x00, 0xFF, 0x00, 0x01, 0xFF, 0x80, 0x00,
    0x00, 0x00, 0x01, 0xFF, 0x80, 0x03, 0xFF, 0x80, 0x00, 0x00, 0x00, 0x03, 0xFF, 0x80, 0x03, 0xFF, 0xC0, 0x00, 0x00,
    0x00, 0x03, 0xFF, 0xC0, 0x03, 0xFF, 0xC0, 0x00, 0x00, 0x00, 0x03, 0xFF, 0xC0, 0x03, 0xFF, 0xC0, 0x00, 0x00, 0x00,
    0x03, 0xFF, 0xC0, 0x03, 0xFF, 0xC0, 0x00, 0x00, 0x00, 0x03, 0xFF, 0xC0, 0x03, 0xFF, 0x80, 0x00, 0x00, 0x00, 0x03,
    0xFF, 0x80, 0x01, 0xFF, 0x80, 0x00, 0x00, 0x00, 0x01, 0xFF, 0x80, 0x00, 0xFF, 0x00, 0x00, 0x00, 0x00, 0x00, 0xFF,
    0x00, 0x00, 0x7C, 0x00, 0x00, 0x00, 0x00, 0x00, 0x7C, 0x00, 0x00, 0x3C, 0x00, 0x00, 0x00, 0x00, 0x00, 0x3C, 0x00,
    0x00, 0xFF, 0x00, 0x00, 0x00, 0x00, 0x00, 0xFF, 0x00, 0x01, 0xFF, 0x80, 0x00, 0x00, 0x00, 0x01, 0xFF, 0x80, 0x03,
    0xFF, 0x80, 0x00, 0x00, 0x00, 0x03, 0xFF, 0x80, 0x03, 0xFF, 0xC0, 0x00, 0x00, 0x00, 0x03, 0xFF, 0xC0, 0x03, 0xFF,
    0xC0, 0x00, 0x00, 0x00, 0x03, 0xFF, 0xC0, 0x03, 0xFF, 0xC0, 0x00, 0x00, 0x00, 0x03, 0xFF, 0xC0, 0x03, 0xFF, 0xC0,
    0x00, 0x00, 0x00, 0x03, 0xFF, 0xC0, 0x03, 0xFF, 0x80, 0x00, 0x00, 0x00, 0x03, 0xFF, 0x80, 0x01, 0xFF, 0x80, 0x00,
    0x00, 0x00, 0x01, 0xFF, 0x80, 0x00, 0xFF, 0x00, 0x00, 0x00, 0x00, 0x00, 0xFF, 0x00, 0x00, 0x7C, 0x00, 0x00, 0x00,
    0x00, 0x00, 0x7C, 0x00, 0x00, 0x3C, 0x03, 0xC0, 0x3C, 0x03, 0xC0, 0x00, 0x00, 0x00, 0xFF, 0x0F, 0xF0, 0xFF, 0x0F,
    0xF0, 0x00, 0x00, 0x01, 0xFF, 0x9F, 0xF9, 0xFF, 0x9F, 0xF8, 0x00, 0x00, 0x03, 0xFF, 0xBF, 0xFB, 0xFF, 0xBF, 0xF8,
    0x00, 0x00, 0x03, 0xFF, 0xFF, 0xFF, 0xFF, 0xFF, 0xFC, 0x00, 0x00, 0x03, 0xFF, 0xFF, 0xFF, 0xFF, 0xFF, 0xFC, 0x00,
    0x00, 0x03, 0xFF, 0xFF, 0xFF, 0xFF, 0xFF, 0xFC, 0x00, 0x00, 0x03, 0xFF, 0xFF, 0xFF, 0xFF, 0xFF, 0xFC, 0x00, 0x00,
    0x03, 0xFF, 0xBF, 0xFB, 0xFF, 0xBF, 0xF8, 0x00, 0x00, 0x01, 0xFF, 0x9F, 0xF9, 0xFF, 0x9F, 0xF8, 0x00, 0x00, 0x00,
    0xFF, 0x0F, 0xF0, 0xFF, 0x0F, 0xF0, 0x00, 0x00, 0x00, 0x7C, 0x07, 0xC0, 0x7C, 0x07, 0xC0, 0x00, 0x00, 0x00, 0x3C,
    0x00, 0x00, 0x00, 0x00, 0x00, 0x3C, 0x00, 0x00, 0xFF, 0x00, 0x00, 0x00, 0x00, 0x00, 0xFF, 0x00, 0x01, 0xFF, 0x80,
    0x00, 0x00, 0x00, 0x01, 0xFF, 0x80, 0x03, 0xFF, 0x80, 0x00, 0x00, 0x00, 0x03, 0xFF, 0x80, 0x03, 0xFF, 0xC0, 0x00,
    0x00, 0x00, 0x03, 0xFF, 0xC0, 0x03, 0xFF, 0xC0, 0x00, 0x00, 0x00, 0x03, 0xFF, 0xC0, 0x03, 0xFF, 0xC0, 0x00, 0x00,
    0x00, 0x03, 0xFF, 0xC0, 0x03, 0xFF, 0xC0, 0x00, 0x00, 0x00, 0x03, 0xFF, 0xC0, 0x03, 0xFF, 0x80, 0x00, 0x00, 0x00,
    0x03, 0xFF, 0x80, 0x01, 0xFF, 0x80, 0x00, 0x00, 0x00, 0x01, 0xFF, 0x80, 0x00, 0xFF, 0x00, 0x00, 0x00, 0x00, 0x00,
    0xFF, 0x00, 0x00, 0x7C, 0x00, 0x00, 0x00, 0x00, 0x00, 0x7C, 0x00, 0x00, 0x3C, 0x00, 0x00, 0x00, 0x00, 0x00, 0x3C,
    0x00, 0x00, 0xFF, 0x00, 0x00, 0x00, 0x00, 0x00, 0xFF, 0x00, 0x01, 0xFF, 0x80, 0x00, 0x00, 0x00, 0x01, 0xFF, 0x80,
    0x03, 0xFF, 0x80, 0x00, 0x00, 0x00, 0x03, 0xFF, 0x80, 0x03, 0xFF, 0xC0, 0x00, 0x00, 0x00, 0x03, 0xFF, 0xC0, 0x03,
    0xFF, 0xC0, 0x00, 0x00, 0x00, 0x03, 0xFF, 0xC0, 0x03, 0xFF, 0xC0, 0x00, 0x00, 0x00, 0x03, 0xFF, 0xC0, 0x03, 0xFF,
    0xC0, 0x00, 0x00, 0x00, 0x03, 0xFF, 0xC0, 0x03, 0xFF, 0x80, 0x00, 0x00, 0x00, 0x03, 0xFF, 0x80, 0x01, 0xFF, 0x80,
    0x00, 0x00, 0x00, 0x01, 0xFF, 0x80, 0x00, 0xFF, 0x00, 0x00, 0x00, 0x00, 0x00, 0xFF, 0x00, 0x00, 0x7C, 0x00, 0x00,
    0x00, 0x00, 0x00, 0x7C, 0x00, 0x00, 0x3C, 0x03, 0xC0, 0x3C, 0x03, 0xC0, 0x00, 0x00, 0x00, 0xFF, 0x0F, 0xF0, 0xFF,
    0x0F, 0xF0, 0x00, 0x00, 0x01, 0xFF, 0x9F, 0xF9, 0xFF, 0x9F, 0xF8, 0x00, 0x00, 0x03, 0xFF, 0xBF, 0xFB, 0xFF, 0xBF,
    0xF8, 0x00, 0x00, 0x03, 0xFF, 0xFF, 0xFF, 0xFF, 0xFF, 0xFC, 0x00, 0x00, 0x03, 0xFF, 0xFF, 0xFF, 0xFF, 0xFF, 0xFC,
    0x00, 0x00, 0x03, 0xFF, 0xFF, 0xFF, 0xFF, 0xFF, 0xFC, 0x00, 0x00, 0x03, 0xFF, 0xFF, 0xFF, 0xFF, 0xFF, 0xFC, 0x00,
    0x00, 0x03, 0xFF, 0xBF, 0xFB, 0xFF, 0xBF, 0xF8, 0x00, 0x00, 0x01, 0xFF, 0x9F, 0xF9, 0xFF, 0x9F, 0xF8, 0x00, 0x00,
    0x00, 0xFF, 0x0F, 0xF0, 0xFF, 0x0F, 0xF0, 0x00, 0x00, 0x00, 0x7C, 0x07, 0xC0, 0x7C, 0x07, 0xC0, 0x00, 0x00, 0x00,
    0x00, 0x03, 0xC0, 0x3C, 0x03, 0xC0, 0x00, 0x00, 0x00, 0x00, 0x0F, 0xF0, 0xFF, 0x0F, 0xF0, 0x00, 0x00, 0x00, 0x00,
    0x1F, 0xF9, 0xFF, 0x9F, 0xF8, 0x00, 0x00, 0x00, 0x00, 0x3F, 0xFB, 0xFF, 0xBF, 0xF8, 0x00, 0x00, 0x00, 0x00, 0x3F,
    0xFF, 0xFF, 0xFF, 0xFC, 0x00, 0x00, 0x00, 0x00, 0x3F, 0xFF, 0xFF, 0xFF, 0xFC, 0x00, 0x00, 0x00, 0x00, 0x3F, 0xFF,
    0xFF, 0xFF, 0xFC, 0x00, 0x00, 0x00, 0x00, 0x3F, 0xFF, 0xFF, 0xFF, 0xFC, 0x00, 0x00, 0x00, 0x00, 0x3F, 0xFB, 0xFF,
    0xBF, 0xF8, 0x00, 0x00, 0x00, 0x00, 0x1F, 0xF9, 0xFF, 0x9F, 0xF8, 0x00, 0x00, 0x00, 0x00, 0x0F, 0xF0, 0xFF, 0x0F,
    0xF0, 0x00, 0x00, 0x00, 0x00, 0x07, 0xC0, 0x7C, 0x07, 0xC0, 0x00, 0x00, 0x00, 0x3C, 0x00, 0x00, 0x00, 0x00, 0x00,
    0x3C, 0x00, 0x00, 0xFF, 0x00, 0x00, 0x00, 0x00, 0x00, 0xFF, 0x00, 0x01, 0xFF, 0x80, 0x00, 0x00, 0x00, 0x01, 0xFF,
    0x80, 0x03, 0xFF, 0x80, 0x00, 0x00, 0x00, 0x03, 0xFF, 0x80, 0x03, 0xFF, 0xC0, 0x00, 0x00, 0x00, 0x03, 0xFF, 0xC0,
    0x03, 0xFF, 0xC0, 0x00, 0x00, 0x00, 0x03, 0xFF, 0xC0, 0x03, 0xFF, 0xC0, 0x00, 0x00, 0x00, 0x03, 0xFF, 0xC0, 0x03,
    0xFF, 0xC0, 0x00, 0x00, 0x00, 0x03, 0xFF, 0xC0, 0x03, 0xFF, 0x80, 0x00, 0x00, 0x00, 0x03, 0xFF, 0x80, 0x01, 0xFF,
    0x80, 0x00, 0x00, 0x00, 0x01, 0xFF, 0x80, 0x00, 0xFF, 0x00, 0x00, 0x00, 0x00, 0x00, 0xFF, 0x00, 0x00, 0x7C, 0x00,
    0x00, 0x00, 0x00, 0x00, 0x7C, 0x00, 0x00, 0x3C, 0x00, 0x00, 0x00, 0x00, 0x00, 0x00, 0x00, 0x00, 0xFF, 0x00, 0x00,
    0x00, 0x00, 0x00, 0x00, 0x00, 0x01, 0xFF, 0x80, 0x00, 0x00, 0x00, 0x00, 0x00, 0x00, 0x03, 0xFF, 0x80, 0x00, 0x00,
    0x00, 0x00, 0x00, 0x00, 0x03, 0xFF, 0xC0, 0x00, 0x00, 0x00, 0x00, 0x00, 0x00, 0x03, 0xFF, 0xC0, 0x00, 0x00, 0x00,
    0x00, 0x00, 0x00, 0x03, 0xFF, 0xC0, 0x00, 0x00, 0x00, 0x00, 0x00, 0x00, 0x03, 0xFF, 0xC0, 0x00, 0x00, 0x00, 0x00,
    0x00, 0x00, 0x03, 0xFF, 0x80, 0x00, 0x00, 0x00, 0x00, 0x00, 0x00, 0x01, 0xFF, 0x80, 0x00, 0x00, 0x00, 0x00, 0x00,
    0x00, 0x00, 0xFF, 0x00, 0x00, 0x00, 0x00, 0x00, 0x00, 0x00, 0x00, 0x7C, 0x00, 0x00, 0x00, 0x00, 0x00, 0x00, 0x00,
    0x00, 0x3C, 0x00, 0x00, 0x00, 0x00, 0x00, 0x00, 0x00, 0x00, 0xFF, 0x00, 0x00, 0x00, 0x00, 0x00, 0x00, 0x00, 0x01,
    0xFF, 0x80, 0x00, 0x00, 0x00, 0x00, 0x00, 0x00, 0x03, 0xFF, 0x80, 0x00, 0x00, 0x00, 0x00, 0x00, 0x00, 0x03, 0xFF,
    0xC0, 0x00, 0x00, 0x00, 0x00, 0x00, 0x00, 0x03, 0xFF, 0xC0, 0x00, 0x00, 0x00, 0x00, 0x00, 0x00, 0x03, 0xFF, 0xC0,
    0x00, 0x00, 0x00, 0x00, 0x00, 0x00, 0x03, 0xFF, 0xC0, 0x00, 0x00, 0x00, 0x00, 0x00, 0x00, 0x03, 0xFF, 0x80, 0x00,
    0x00, 0x00, 0x00, 0x00, 0x00, 0x01, 0xFF, 0x80, 0x00, 0x00, 0x00, 0x00, 0x00, 0x00, 0x00, 0xFF, 0x00, 0x00, 0x00,
    0x00, 0x00, 0x00, 0x00, 0x00, 0x7C, 0x00, 0x00, 0x00, 0x00, 0x00, 0x00, 0x00, 0x00, 0x3C, 0x00, 0x00, 0x00, 0x00,
    0x00, 0x00, 0x00, 0x00, 0xFF, 0x00, 0x00, 0x00, 0x00, 0x00, 0x00, 0x00, 0x01, 0xFF, 0x80, 0x00, 0x00, 0x00, 0x00,
    0x00, 0x00, 0x03, 0xFF, 0x80, 0x00, 0x00, 0x00, 0x00, 0x00, 0x00, 0x03, 0xFF, 0xC0, 0x00, 0x00, 0x00, 0x00, 0x00,
    0x00, 0x03, 0xFF, 0xC0, 0x00, 0x00, 0x00, 0x00, 0x00, 0x00, 0x03, 0xFF, 0xC0, 0x00, 0x00, 0x00, 0x00, 0x00, 0x00,
    0x03, 0xFF, 0xC0, 0x00, 0x00, 0x00, 0x00, 0x00, 0x00, 0x03, 0xFF, 0x80, 0x00, 0x00, 0x00, 0x00, 0x00, 0x00, 0x01,
    0xFF, 0x80, 0x00, 0x00, 0x00, 0x00, 0x00, 0x00, 0x00, 0xFF, 0x00, 0x00, 0x00, 0x00, 0x00, 0x00, 0x00, 0x00, 0x7C,
    0x00, 0x00, 0x00, 0x00, 0x00, 0x00, 0x00, 0x00, 0x3C, 0x00, 0x00, 0x00, 0x00, 0x00, 0x3C, 0x00, 0x00, 0xFF, 0x00,
    0x00, 0x00, 0x00, 0x00, 0xFF, 0x00, 0x01, 0xFF, 0x80, 0x00, 0x00, 0x00, 0x01, 0xFF, 0x80, 0x03, 0xFF, 0x80, 0x00,
    0x00, 0x00, 0x03, 0xFF, 0x80, 0x03, 0xFF, 0xC0, 0x00, 0x00, 0x00, 0x03, 0xFF, 0xC0, 0x03, 0xFF, 0xC0, 0x00, 0x00,
    0x00, 0x03, 0xFF, 0xC0, 0x03, 0xFF, 0xC0, 0x00, 0x00, 0x00, 0x03, 0xFF, 0xC0, 0x03, 0xFF, 0xC0, 0x00, 0x00, 0x00,
    0x03, 0xFF, 0xC0, 0x03, 0xFF, 0x80, 0x00, 0x00, 0x00, 0x03, 0xFF, 0x80, 0x01, 0xFF, 0x80, 0x00, 0x00, 0x00, 0x01,
    0xFF, 0x80, 0x00, 0xFF, 0x00, 0x00, 0x00, 0x00, 0x00, 0xFF, 0x00, 0x00, 0x7C, 0x00, 0x00, 0x00, 0x00, 0x00, 0x7C,
    0x00, 0x00, 0x00, 0x03, 0xC0, 0x3C, 0x03, 0xC0, 0x00, 0x00, 0x00, 0x00, 0x0F, 0xF0, 0xFF, 0x0F, 0xF0, 0x00, 0x00,
    0x00, 0x00, 0x1F, 0xF9, 0xFF, 0x9F, 0xF8, 0x00, 0x00, 0x00, 0x00, 0x3F, 0xFB, 0xFF, 0xBF, 0xF8, 0x00, 0x00, 0x00,
    0x00, 0x3F, 0xFF, 0xFF, 0xFF, 0xFC, 0x00, 0x00, 0x00, 0x00, 0x3F, 0xFF, 0xFF, 0xFF, 0xFC, 0x00, 0x00, 0x00, 0x00,
    0x3F, 0xFF, 0xFF, 0xFF, 0xFC, 0x00, 0x00, 0x00, 0x00, 0x3F, 0xFF, 0xFF, 0xFF, 0xFC, 0x00, 0x00, 0x00, 0x00, 0x3F,
    0xFB, 0xFF, 0xBF, 0xF8, 0x00, 0x00, 0x00, 0x00, 0x1F, 0xF9, 0xFF, 0x9F, 0xF8, 0x00, 0x00, 0x00, 0x00, 0x0F, 0xF0,
    0xFF, 0x0F, 0xF0, 0x00, 0x00, 0x00, 0x00, 0x07, 0xC0, 0x7C, 0x07, 0xC0, 0x00, 0x00, 0x00, 0x3C, 0x03, 0xC0, 0x3C,
    0x03, 0xC0, 0x00, 0x00, 0x00, 0xFF, 0x0F, 0xF0, 0xFF, 0x0F, 0xF0, 0x00, 0x00, 0x01, 0xFF, 0x9F, 0xF9, 0xFF, 0x9F,
    0xF8, 0x00, 0x00, 0x03, 0xFF, 0xBF, 0xFB, 0xFF, 0xBF, 0xF8, 0x00, 0x00, 0x03, 0xFF, 0xFF, 0xFF, 0xFF, 0xFF, 0xFC,
    0x00, 0x00, 0x03, 0xFF, 0xFF, 0xFF, 0xFF, 0xFF, 0xFC, 0x00, 0x00, 0x03, 0xFF, 0xFF, 0xFF, 0xFF, 0xFF, 0xFC, 0x00,
    0x00, 0x03, 0xFF, 0xFF, 0xFF, 0xFF, 0xFF, 0xFC, 0x00, 0x00, 0x03, 0xFF, 0xBF, 0xFB, 0xFF, 0xBF, 0xF8, 0x00, 0x00,
    0x01, 0xFF, 0x9F, 0xF9, 0xFF, 0x9F, 0xF8, 0x00, 0x00, 0x00, 0xFF, 0x0F, 0xF0, 0xFF, 0x0F, 0xF0, 0x00, 0x00, 0x00,
    0x7C, 0x07, 0xC0, 0x7C, 0x07, 0xC0, 0x00, 0x00, 0x00, 0x3C, 0x00, 0x00, 0x00, 0x00, 0x00, 0x3C, 0x00, 0x00, 0xFF,
    0x00, 0x00, 0x00, 0x00, 0x00, 0xFF, 0x00, 0x01, 0xFF, 0x80, 0x00, 0x00, 0x00, 0x01, 0xFF, 0x80, 0x03, 0xFF, 0x80,
    0x00, 0x00, 0x00, 0x03, 0xFF, 0x80, 0x03, 0xFF, 0xC0, 0x00, 0x00, 0x00, 0x03, 0xFF, 0xC0, 0x03, 0xFF, 0xC0, 0x00,
    0x00, 0x00, 0x03, 0xFF, 0xC0, 0x03, 0xFF, 0xC0, 0x00, 0x00, 0x00, 0x03, 0xFF, 0xC0, 0x03, 0xFF, 0xC0, 0x00, 0x00,
    0x00, 0x03, 0xFF, 0xC0, 0x03, 0xFF, 0x80, 0x00, 0x00, 0x00, 0x03, 0xFF, 0x80, 0x01, 0xFF, 0x80, 0x00, 0x00, 0x00,
    0x01, 0xFF, 0x80, 0x00, 0xFF, 0x00, 0x00, 0x00, 0x00, 0x00, 0xFF, 0x00, 0x00, 0x7C, 0x00, 0x00, 0x00, 0x00, 0x00,
    0x7C, 0x00, 0x00, 0x3C, 0x00, 0x00, 0x00, 0x00, 0x00, 0x3C, 0x00, 0x00, 0xFF, 0x00, 0x00, 0x00, 0x00, 0x00, 0xFF,
    0x00, 0x01, 0xFF, 0x80, 0x00, 0x00, 0x00, 0x01, 0xFF, 0x80, 0x03, 0xFF, 0x80, 0x00, 0x00, 0x00, 0x03, 0xFF, 0x80,
    0x03, 0xFF, 0xC0, 0x00, 0x00, 0x00, 0x03, 0xFF, 0xC0, 0x03, 0xFF, 0xC0, 0x00, 0x00, 0x00, 0x03, 0xFF, 0xC0, 0x03,
    0xFF, 0xC0, 0x00, 0x00, 0x00, 0x03, 0xFF, 0xC0, 0x03, 0xFF, 0xC0, 0x00, 0x00, 0x00, 0x03, 0xFF, 0xC0, 0x03, 0xFF,
    0x80, 0x00, 0x00, 0x00, 0x03, 0xFF, 0x80, 0x01, 0xFF, 0x80, 0x00, 0x00, 0x00, 0x01, 0xFF, 0x80, 0x00, 0xFF, 0x00,
    0x00, 0x00, 0x00, 0x00, 0xFF, 0x00, 0x00, 0x7C, 0x00, 0x00, 0x00, 0x00, 0x00, 0x7C, 0x00, 0x00, 0x3C, 0x00, 0x00,
    0x00, 0x00, 0x00, 0x3C, 0x00, 0x00, 0xFF, 0x00, 0x00, 0x00, 0x00, 0x00, 0xFF, 0x00, 0x01, 0xFF, 0x80, 0x00, 0x00,
    0x00, 0x01, 0xFF, 0x80, 0x03, 0xFF, 0x80, 0x00, 0x00, 0x00, 0x03, 0xFF, 0x80, 0x03, 0xFF, 0xC0, 0x00, 0x00, 0x00,
    0x03, 0xFF, 0xC0, 0x03, 0xFF, 0xC0, 0x00, 0x00, 0x00, 0x03, 0xFF, 0xC0, 0x03, 0xFF, 0xC0, 0x00, 0x00, 0x00, 0x03,
    0xFF, 0xC0, 0x03, 0xFF, 0xC0, 0x00, 0x00, 0x00, 0x03, 0xFF, 0xC0, 0x03, 0xFF, 0x80, 0x00, 0x00, 0x00, 0x03, 0xFF,
    0x80, 0x01, 0xFF, 0x80, 0x00, 0x00, 0x00, 0x01, 0xFF, 0x80, 0x00, 0xFF, 0x00, 0x00, 0x00, 0x00, 0x00, 0xFF, 0x00,
    0x00, 0x7C, 0x00, 0x00, 0x00, 0x00, 0x00, 0x7C, 0x00, 0x00, 0x3C, 0x00, 0x00, 0x00, 0x00, 0x00, 0x3C, 0x00, 0x00,
    0xFF, 0x00, 0x00, 0x00, 0x00, 0x00, 0xFF, 0x00, 0x01, 0xFF, 0x80, 0x00, 0x00, 0x00, 0x01, 0xFF, 0x80, 0x03, 0xFF,
    0x80, 0x00, 0x00, 0x00, 0x03, 0xFF, 0x80, 0x03, 0xFF, 0xC0, 0x00, 0x00, 0x00, 0x03, 0xFF, 0xC0, 0x03, 0xFF, 0xC0,
    0x00, 0x00, 0x00, 0x03, 0xFF, 0xC0, 0x03, 0xFF, 0xC0, 0x00, 0x00, 0x00, 0x03, 0xFF, 0xC0, 0x03, 0xFF, 0xC0, 0x00,
    0x00, 0x00, 0x03, 0xFF, 0xC0, 0x03, 0xFF, 0x80, 0x00, 0x00, 0x00, 0x03, 0xFF, 0x80, 0x01, 0xFF, 0x80, 0x00, 0x00,
    0x00, 0x01, 0xFF, 0x80, 0x00, 0xFF, 0x00, 0x00, 0x00, 0x00, 0x00, 0xFF, 0x00, 0x00, 0x7C, 0x00, 0x00, 0x00, 0x00,
    0x00, 0x7C, 0x00, 0x00, 0x3C, 0x00, 0x00, 0x00, 0x00, 0x00, 0x3C, 0x00, 0x00, 0xFF, 0x00, 0x00, 0x00, 0x00, 0x00,
    0xFF, 0x00, 0x01, 0xFF, 0x80, 0x00, 0x00, 0x00, 0x01, 0xFF, 0x80, 0x03, 0xFF, 0x80, 0x00, 0x00, 0x00, 0x03, 0xFF,
    0x80, 0x03, 0xFF, 0xC0, 0x00, 0x00, 0x00, 0x03, 0xFF, 0xC0, 0x03, 0xFF, 0xC0, 0x00, 0x00, 0x00, 0x03, 0xFF, 0xC0,
    0x03, 0xFF, 0xC0, 0x00, 0x00, 0x00, 0x03, 0xFF, 0xC0, 0x03, 0xFF, 0xC0, 0x00, 0x00, 0x00, 0x03, 0xFF, 0xC0, 0x03,
    0xFF, 0x80, 0x00, 0x00, 0x00, 0x03, 0xFF, 0x80, 0x01, 0xFF, 0x80, 0x00, 0x00, 0x00, 0x01, 0xFF, 0x80, 0x00, 0xFF,
    0x00, 0x00, 0x00, 0x00, 0x00, 0xFF, 0x00, 0x00, 0x7C, 0x00, 0x00, 0x00, 0x00, 0x00, 0x7C, 0x00, 0x00, 0x3C, 0x03,
    0xC0, 0x3C, 0x03, 0xC0, 0x00, 0x00, 0x00, 0xFF, 0x0F, 0xF0, 0xFF, 0x0F, 0xF0, 0x00, 0x00, 0x01, 0xFF, 0x9F, 0xF9,
    0xFF, 0x9F, 0xF8, 0x00, 0x00, 0x03, 0xFF, 0xBF, 0xFB, 0xFF, 0xBF, 0xF8, 0x00, 0x00, 0x03, 0xFF, 0xFF, 0xFF, 0xFF,
    0xFF, 0xFC, 0x00, 0x00, 0x03, 0xFF, 0xFF, 0xFF, 0xFF, 0xFF, 0xFC, 0x00, 0x00, 0x03, 0xFF, 0xFF, 0xFF, 0xFF, 0xFF,
    0xFC, 0x00, 0x00, 0x03, 0xFF, 0xFF, 0xFF, 0xFF, 0xFF, 0xFC, 0x00, 0x00, 0x03, 0xFF, 0xBF, 0xFB, 0xFF, 0xBF, 0xF8,
    0x00, 0x00, 0x01, 0xFF, 0x9F, 0xF9, 0xFF, 0x9F, 0xF8, 0x00, 0x00, 0x00, 0xFF, 0x0F, 0xF0, 0xFF, 0x0F, 0xF0, 0x00,
    0x00, 0x00, 0x7C, 0x07, 0xC0, 0x7C, 0x07, 0xC0, 0x00, 0x00, 0x00, 0x3C, 0x03, 0xC0, 0x3C, 0x03, 0xC0, 0x3C, 0x00,
    0x00, 0xFF, 0x0F, 0xF0, 0xFF, 0x0F, 0xF0, 0xFF, 0x00, 0x01, 0xFF, 0x9F, 0xF9, 0xFF, 0x9F, 0xF9, 0xFF, 0x80, 0x03,
    0xFF, 0xBF, 0xFB, 0xFF, 0xBF, 0xFB, 0xFF, 0x80, 0x03, 0xFF, 0xFF, 0xFF, 0xFF, 0xFF, 0xFF, 0xFF, 0xC0, 0x03, 0xFF,
    0xFF, 0xFF, 0xFF, 0xFF, 0xFF, 0xFF, 0xC0, 0x03, 0xFF, 0xFF, 0xFF, 0xFF, 0xFF, 0xFF, 0xFF, 0xC0, 0x03, 0xFF, 0xFF,
    0xFF, 0xFF, 0xFF, 0xFF, 0xFF, 0xC0, 0x03, 0xFF, 0xBF, 0xFB, 0xFF, 0xBF, 0xFB, 0xFF, 0x80, 0x01, 0xFF, 0x9F, 0xF9,
    0xFF, 0x9F, 0xF9, 0xFF, 0x80, 0x00, 0xFF, 0x0F, 0xF0, 0xFF, 0x0F, 0xF0, 0xFF, 0x00, 0x00, 0x7C, 0x07, 0xC0, 0x7C,
    0x07, 0xC0, 0x7C, 0x00, 0x00, 0x3C, 0x00, 0x00, 0x00, 0x00, 0x00, 0x00, 0x00, 0x00, 0xFF, 0x00, 0x00, 0x00, 0x00,
    0x00, 0x00, 0x00, 0x01, 0xFF, 0x80, 0x00, 0x00, 0x00, 0x00, 0x00, 0x00, 0x03, 0xFF, 0x80, 0x00, 0x00, 0x00, 0x00,
    0x00, 0x00, 0x03, 0xFF, 0xC0, 0x00, 0x00, 0x00, 0x00, 0x00, 0x00, 0x03, 0xFF, 0xC0, 0x00, 0x00, 0x00, 0x00, 0x00,
    0x00, 0x03, 0xFF, 0xC0, 0x00, 0x00, 0x00, 0x00, 0x00, 0x00, 0x03, 0xFF, 0xC0, 0x00, 0x00, 0x00, 0x00, 0x00, 0x00,
    0x03, 0xFF, 0x80, 0x00, 0x00, 0x00, 0x00, 0x00, 0x00, 0x01, 0xFF, 0x80, 0x00, 0x00, 0x00, 0x00, 0x00, 0x00, 0x00,
    0xFF, 0x00, 0x00, 0x00, 0x00, 0x00, 0x00, 0x00, 0x00, 0x7C, 0x00, 0x00, 0x00, 0x00, 0x00, 0x00, 0x00, 0x00, 0x3C,
    0x00, 0x00, 0x00, 0x00, 0x00, 0x00, 0x00, 0x00, 0xFF, 0x00, 0x00, 0x00, 0x00, 0x00, 0x00, 0x00, 0x01, 0xFF, 0x80,
    0x00, 0x00, 0x00, 0x00, 0x00, 0x00, 0x03, 0xFF, 0x80, 0x00, 0x00, 0x00, 0x00, 0x00, 0x00, 0x03, 0xFF, 0xC0, 0x00,
    0x00, 0x00, 0x00, 0x00, 0x00, 0x03, 0xFF, 0xC0, 0x00, 0x00, 0x00, 0x00, 0x00, 0x00, 0x03, 0xFF, 0xC0, 0x00, 0x00,
    0x00, 0x00, 0x00, 0x00, 0x03, 0xFF, 0xC0, 0x00, 0x00, 0x00, 0x00, 0x00, 0x00, 0x03, 0xFF, 0x80, 0x00, 0x00, 0x00,
    0x00, 0x00, 0x00, 0x01, 0xFF, 0x80, 0x00, 0x00, 0x00, 0x00, 0x00, 0x00, 0x00, 0xFF, 0x00, 0x00, 0x00, 0x00, 0x00,
    0x00, 0x00, 0x00, 0x7C, 0x00, 0x00, 0x00, 0x00, 0x00, 0x00, 0x00, 0x00, 0x3C, 0x03, 0xC0, 0x3C, 0x03, 0xC0, 0x00,
    0x00, 0x00, 0xFF, 0x0F, 0xF0, 0xFF, 0x0F, 0xF0, 0x00, 0x00, 0x01, 0xFF, 0x9F, 0xF9, 0xFF, 0x9F, 0xF8, 0x00, 0x00,
    0x03, 0xFF, 0xBF, 0xFB, 0xFF, 0xBF, 0xF8, 0x00, 0x00, 0x03, 0xFF, 0xFF, 0xFF, 0xFF, 0xFF, 0xFC, 0x00, 0x00, 0x03,
    0xFF, 0xFF, 0xFF, 0xFF, 0xFF, 0xFC, 0x00, 0x00, 0x03, 0xFF, 0xFF, 0xFF, 0xFF, 0xFF, 0xFC, 0x00, 0x00, 0x03, 0xFF,
    0xFF, 0xFF, 0xFF, 0xFF, 0xFC, 0x00, 0x00, 0x03, 0xFF, 0xBF, 0xFB, 0xFF, 0xBF, 0xF8, 0x00, 0x00, 0x01, 0xFF, 0x9F,
    0xF9, 0xFF, 0x9F, 0xF8, 0x00, 0x00, 0x00, 0xFF, 0x0F, 0xF0, 0xFF, 0x0F, 0xF0, 0x00, 0x00, 0x00, 0x7C, 0x07, 0xC0,
    0x7C, 0x07, 0xC0, 0x00, 0x00, 0x00, 0x3C, 0x00, 0x00, 0x00, 0x00, 0x00, 0x00, 0x00, 0x00, 0xFF, 0x00, 0x00, 0x00,
    0x00, 0x00, 0x00, 0x00, 0x01, 0xFF, 0x80, 0x00, 0x00, 0x00, 0x00, 0x00, 0x00, 0x03, 0xFF, 0x80, 0x00, 0x00, 0x00,
    0x00, 0x00, 0x00, 0x03, 0xFF, 0xC0, 0x00, 0x00, 0x00, 0x00, 0x00, 0x00, 0x03, 0xFF, 0xC0, 0x00, 0x00, 0x00, 0x00,
    0x00, 0x00, 0x03, 0xFF, 0xC0, 0x00, 0x00, 0x00, 0x00, 0x00, 0x00, 0x03, 0xFF, 0xC0, 0x00, 0x00, 0x00, 0x00, 0x00,
    0x00, 0x03, 0xFF, 0x80, 0x00, 0x00, 0x00, 0x00, 0x00, 0x00, 0x01, 0xFF, 0x80, 0x00, 0x00, 0x00, 0x00, 0x00, 0x00,
    0x00, 0xFF, 0x00, 0x00, 0x00, 0x00, 0x00, 0x00, 0x00, 0x00, 0x7C, 0x00, 0x00, 0x00, 0x00, 0x00, 0x00, 0x00, 0x00,
    0x3C, 0x00, 0x00, 0x00, 0x00, 0x00, 0x00, 0x00, 0x00, 0xFF, 0x00, 0x00, 0x00, 0x00, 0x00, 0x00, 0x00, 0x01, 0xFF,
    0x80, 0x00, 0x00, 0x00, 0x00, 0x00, 0x00, 0x03, 0xFF, 0x80, 0x00, 0x00, 0x00, 0x00, 0x00, 0x00, 0x03, 0xFF, 0xC0,
    0x00, 0x00, 0x00, 0x00, 0x00, 0x00, 0x03, 0xFF, 0xC0, 0x00, 0x00, 0x00, 0x00, 0x00, 0x00, 0x03, 0xFF, 0xC0, 0x00,
    0x00, 0x00, 0x00, 0x00, 0x00, 0x03, 0xFF, 0xC0, 0x00, 0x00, 0x00, 0x00, 0x00, 0x00, 0x03, 0xFF, 0x80, 0x00, 0x00,
    0x00, 0x00, 0x00, 0x00, 0x01, 0xFF, 0x80, 0x00, 0x00, 0x00, 0x00, 0x00, 0x00, 0x00, 0xFF, 0x00, 0x00, 0x00, 0x00,
    0x00, 0x00, 0x00, 0x00, 0x7C, 0x00, 0x00, 0x00, 0x00, 0x00, 0x00, 0x00, 0x00, 0x3C, 0x03, 0xC0, 0x3C, 0x03, 0xC0,
    0x3C, 0x00, 0x00, 0xFF, 0x0F, 0xF0, 0xFF, 0x0F, 0xF0, 0xFF, 0x00, 0x01, 0xFF, 0x9F, 0xF9, 0xFF, 0x9F, 0xF9, 0xFF,
    0x80, 0x03, 0xFF, 0xBF, 0xFB, 0xFF, 0xBF, 0xFB, 0xFF, 0x80, 0x03, 0xFF, 0xFF, 0xFF, 0xFF, 0xFF, 0xFF, 0xFF, 0xC0,
    0x03, 0xFF, 0xFF, 0xFF, 0xFF, 0xFF, 0xFF, 0xFF, 0xC0, 0x03, 0xFF, 0xFF, 0xFF, 0xFF, 0xFF, 0xFF, 0xFF, 0xC0, 0x03,
    0xFF, 0xFF, 0xFF, 0xFF, 0xFF, 0xFF, 0xFF, 0xC0, 0x03, 0xFF, 0xBF, 0xFB, 0xFF, 0xBF, 0xFB, 0xFF, 0x80, 0x01, 0xFF,
    0x9F, 0xF9, 0xFF, 0x9F, 0xF9, 0xFF, 0x80, 0x00, 0xFF, 0x0F, 0xF0, 0xFF, 0x0F, 0xF0, 0xFF, 0x00, 0x00, 0x7C, 0x07,
    0xC0, 0x7C, 0x07, 0xC0, 0x7C, 0x00, 0x00, 0x3C, 0x03, 0xC0, 0x3C, 0x03, 0xC0, 0x3C, 0x00, 0x00, 0xFF, 0x0F, 0xF0,
    0xFF, 0x0F, 0xF0, 0xFF, 0x00, 0x01, 0xFF, 0x9F, 0xF9, 0xFF, 0x9F, 0xF9, 0xFF, 0x80, 0x03, 0xFF, 0xBF, 0xFB, 0xFF,
    0xBF, 0xFB, 0xFF, 0x80, 0x03, 0xFF, 0xFF, 0xFF, 0xFF, 0xFF, 0xFF, 0xFF, 0xC0, 0x03, 0xFF, 0xFF, 0xFF, 0xFF, 0xFF,
    0xFF, 0xFF, 0xC0, 0x03, 0xFF, 0xFF, 0xFF, 0xFF, 0xFF, 0xFF, 0xFF, 0xC0, 0x03, 0xFF, 0xFF, 0xFF, 0xFF, 0xFF, 0xFF,
    0xFF, 0xC0, 0x03, 0xFF, 0xBF, 0xFB, 0xFF, 0xBF, 0xFB, 0xFF, 0x80, 0x01, 0xFF, 0x9F, 0xF9, 0xFF, 0x9F, 0xF9, 0xFF,
    0x80, 0x00, 0xFF, 0x0F, 0xF0, 0xFF, 0x0F, 0xF0, 0xFF, 0x00, 0x00, 0x7C, 0x07, 0xC0, 0x7C, 0x07, 0xC0, 0x7C, 0x00,
    0x00, 0x3C, 0x00, 0x00, 0x00, 0x00, 0x00, 0x00, 0x00, 0x00, 0xFF, 0x00, 0x00, 0x00, 0x00, 0x00, 0x00, 0x00, 0x01,
    0xFF, 0x80, 0x00, 0x00, 0x00, 0x00, 0x00, 0x00, 0x03, 0xFF, 0x80, 0x00, 0x00, 0x00, 0x00, 0x00, 0x00, 0x03, 0xFF,
    0xC0, 0x00, 0x00, 0x00, 0x00, 0x00, 0x00, 0x03, 0xFF, 0xC0, 0x00, 0x00, 0x00, 0x00, 0x00, 0x00, 0x03, 0xFF, 0xC0,
    0x00, 0x00, 0x00, 0x00, 0x00, 0x00, 0x03, 0xFF, 0xC0, 0x00, 0x00, 0x00, 0x00, 0x00, 0x00, 0x03, 0xFF, 0x80, 0x00,
    0x00, 0x00, 0x00, 0x00, 0x00, 0x01, 0xFF, 0x80, 0x00, 0x00, 0x00, 0x00, 0x00, 0x00, 0x00, 0xFF, 0x00, 0x00, 0x00,
    0x00, 0x00, 0x00, 0x00, 0x00, 0x7C, 0x00, 0x00, 0x00, 0x00, 0x00, 0x00, 0x00, 0x00, 0x3C, 0x00, 0x00, 0x00, 0x00,
    0x00, 0x00, 0x00, 0x00, 0xFF, 0x00, 0x00, 0x00, 0x00, 0x00, 0x00, 0x00, 0x01, 0xFF, 0x80, 0x00, 0x00, 0x00, 0x00,
    0x00, 0x00, 0x03, 0xFF, 0x80, 0x00, 0x00, 0x00, 0x00, 0x00, 0x00, 0x03, 0xFF, 0xC0, 0x00, 0x00, 0x00, 0x00, 0x00,
    0x00, 0x03, 0xFF, 0xC0, 0x00, 0x00, 0x00, 0x00, 0x00, 0x00, 0x03, 0xFF, 0xC0, 0x00, 0x00, 0x00, 0x00, 0x00, 0x00,
    0x03, 0xFF, 0xC0, 0x00, 0x00, 0x00, 0x00, 0x00, 0x00, 0x03, 0xFF, 0x80, 0x00, 0x00, 0x00, 0x00, 0x00, 0x00, 0x01,
    0xFF, 0x80, 0x00, 0x00, 0x00, 0x00, 0x00, 0x00, 0x00, 0xFF, 0x00, 0x00, 0x00, 0x00, 0x00, 0x00, 0x00, 0x00, 0x7C,
    0x00, 0x00, 0x00, 0x00, 0x00, 0x00, 0x00, 0x00, 0x3C, 0x03, 0xC0, 0x3C, 0x03, 0xC0, 0x00, 0x00, 0x00, 0xFF, 0x0F,
    0xF0, 0xFF, 0x0F, 0xF0, 0x00, 0x00, 0x01, 0xFF, 0x9F, 0xF9, 0xFF, 0x9F, 0xF8, 0x00, 0x00, 0x03, 0xFF, 0xBF, 0xFB,
    0xFF, 0xBF, 0xF8, 0x00, 0x00, 0x03, 0xFF, 0xFF, 0xFF, 0xFF, 0xFF, 0xFC, 0x00, 0x00, 0x03, 0xFF, 0xFF, 0xFF, 0xFF,
    0xFF, 0xFC, 0x00, 0x00, 0x03, 0xFF, 0xFF, 0xFF, 0xFF, 0xFF, 0xFC, 0x00, 0x00, 0x03, 0xFF, 0xFF, 0xFF, 0xFF, 0xFF,
    0xFC, 0x00, 0x00, 0x03, 0xFF, 0xBF, 0xFB, 0xFF, 0xBF, 0xF8, 0x00, 0x00, 0x01, 0xFF, 0x9F, 0xF9, 0xFF, 0x9F, 0xF8,
    0x00, 0x00, 0x00, 0xFF, 0x0F, 0xF0, 0xFF, 0x0F, 0xF0, 0x00, 0x00, 0x00, 0x7C, 0x07, 0xC0, 0x7C, 0x07, 0xC0, 0x00,
    0x00, 0x00, 0x3C, 0x00, 0x00, 0x00, 0x00, 0x00, 0x00, 0x00, 0x00, 0xFF, 0x00, 0x00, 0x00, 0x00, 0x00, 0x00, 0x00,
    0x01, 0xFF, 0x80, 0x00, 0x00, 0x00, 0x00, 0x00, 0x00, 0x03, 0xFF, 0x80, 0x00, 0x00, 0x00, 0x00, 0x00, 0x00, 0x03,
    0xFF, 0xC0, 0x00, 0x00, 0x00, 0x00, 0x00, 0x00, 0x03, 0xFF, 0xC0, 0x00, 0x00, 0x00, 0x00, 0x00, 0x00, 0x03, 0xFF,
    0xC0, 0x00, 0x00, 0x00, 0x00, 0x00, 0x00, 0x03, 0xFF, 0xC0, 0x00, 0x00, 0x00, 0x00, 0x00, 0x00, 0x03, 0xFF, 0x80,
    0x00, 0x00, 0x00, 0x00, 0x00, 0x00, 0x01, 0xFF, 0x80, 0x00, 0x00, 0x00, 0x00, 0x00, 0x00, 0x00, 0xFF, 0x00, 0x00,
    0x00, 0x00, 0x00, 0x00, 0x00, 0x00, 0x7C, 0x00, 0x00, 0x00, 0x00, 0x00, 0x00, 0x00, 0x00, 0x3C, 0x00, 0x00, 0x00,
    0x00, 0x00, 0x00, 0x00, 0x00, 0xFF, 0x00, 0x00, 0x00, 0x00, 0x00, 0x00, 0x00, 0x01, 0xFF, 0x80, 0x00, 0x00, 0x00,
    0x00, 0x00, 0x00, 0x03, 0xFF, 0x80, 0x00, 0x00, 0x00, 0x00, 0x00, 0x00, 0x03, 0xFF, 0xC0, 0x00, 0x00, 0x00, 0x00,
    0x00, 0x00, 0x03, 0xFF, 0xC0, 0x00, 0x00, 0x00, 0x00, 0x00, 0x00, 0x03, 0xFF, 0xC0, 0x00, 0x00, 0x00, 0x00, 0x00,
    0x00, 0x03, 0xFF, 0xC0, 0x00, 0x00, 0x00, 0x00, 0x00, 0x00, 0x03, 0xFF, 0x80, 0x00, 0x00, 0x00, 0x00, 0x00, 0x00,
    0x01, 0xFF, 0x80, 0x00, 0x00, 0x00, 0x00, 0x00, 0x00, 0x00, 0xFF, 0x00, 0x00, 0x00, 0x00, 0x00, 0x00, 0x00, 0x00,
    0x7C, 0x00, 0x00, 0x00, 0x00, 0x00, 0x00, 0x00, 0x00, 0x3C, 0x00, 0x00, 0x00, 0x00, 0x00, 0x00, 0x00, 0x00, 0xFF,
    0x00, 0x00, 0x00, 0x00, 0x00, 0x00, 0x00, 0x01, 0xFF, 0x80, 0x00, 0x00, 0x00, 0x00, 0x00, 0x00, 0x03, 0xFF, 0x80,
    0x00, 0x00, 0x00, 0x00, 0x00, 0x00, 0x03, 0xFF, 0xC0, 0x00, 0x00, 0x00, 0x00, 0x00, 0x00, 0x03, 0xFF, 0xC0, 0x00,
    0x00, 0x00, 0x00, 0x00, 0x00, 0x03, 0xFF, 0xC0, 0x00, 0x00, 0x00, 0x00, 0x00, 0x00, 0x03, 0xFF, 0xC0, 0x00, 0x00,
    0x00, 0x00, 0x00, 0x00, 0x03, 0xFF, 0x80, 0x00, 0x00, 0x00, 0x00, 0x00, 0x00, 0x01, 0xFF, 0x80, 0x00, 0x00, 0x00,
    0x00, 0x00, 0x00, 0x00, 0xFF, 0x00, 0x00, 0x00, 0x00, 0x00, 0x00, 0x00, 0x00, 0x7C, 0x00, 0x00, 0x00, 0x00, 0x00,
    0x00, 0x00, 0x00, 0x00, 0x03, 0xC0, 0x3C, 0x03, 0xC0, 0x00, 0x00, 0x00, 0x00, 0x0F, 0xF0, 0xFF, 0x0F, 0xF0, 0x00,
    0x00, 0x00, 0x00, 0x1F, 0xF9, 0xFF, 0x9F, 0xF8, 0x00, 0x00, 0x00, 0x00, 0x3F, 0xFB, 0xFF, 0xBF, 0xF8, 0x00, 0x00,
    0x00, 0x00, 0x3F, 0xFF, 0xFF, 0xFF, 0xFC, 0x00, 0x00, 0x00, 0x00, 0x3F, 0xFF, 0xFF, 0xFF, 0xFC, 0x00, 0x00, 0x00,
    0x00, 0x3F, 0xFF, 0xFF, 0xFF, 0xFC, 0x00, 0x00, 0x00, 0x00, 0x3F, 0xFF, 0xFF, 0xFF, 0xFC, 0x00, 0x00, 0x00, 0x00,
    0x3F, 0xFB, 0xFF, 0xBF, 0xF8, 0x00, 0x00, 0x00, 0x00, 0x1F, 0xF9, 0xFF, 0x9F, 0xF8, 0x00, 0x00, 0x00, 0x00, 0x0F,
    0xF0, 0xFF, 0x0F, 0xF0, 0x00, 0x00, 0x00, 0x00, 0x07, 0xC0, 0x7C, 0x07, 0xC0, 0x00, 0x00, 0x00, 0x3C, 0x00, 0x00,
    0x00, 0x00, 0x00, 0x3C, 0x00, 0x00, 0xFF, 0x00, 0x00, 0x00, 0x00, 0x00, 0xFF, 0x00, 0x01, 0xFF, 0x80, 0x00, 0x00,
    0x00, 0x01, 0xFF, 0x80, 0x03, 0xFF, 0x80, 0x00, 0x00, 0x00, 0x03, 0xFF, 0x80, 0x03, 0xFF, 0xC0, 0x00, 0x00, 0x00,
    0x03, 0xFF, 0xC0, 0x03, 0xFF, 0xC0, 0x00, 0x00, 0x00, 0x03, 0xFF, 0xC0, 0x03, 0xFF, 0xC0, 0x00, 0x00, 0x00, 0x03,
    0xFF, 0xC0, 0x03, 0xFF, 0xC0, 0x00, 0x00, 0x00, 0x03, 0xFF, 0xC0, 0x03, 0xFF, 0x80, 0x00, 0x00, 0x00, 0x03, 0xFF,
    0x80, 0x01, 0xFF, 0x80, 0x00, 0x00, 0x00, 0x01, 0xFF, 0x80, 0x00, 0xFF, 0x00, 0x00, 0x00, 0x00, 0x00, 0xFF, 0x00,
    0x00, 0x7C, 0x00, 0x00, 0x00, 0x00, 0x00, 0x7C, 0x00, 0x00, 0x3C, 0x00, 0x00, 0x00, 0x00, 0x00, 0x00, 0x00, 0x00,
    0xFF, 0x00, 0x00, 0x00, 0x00, 0x00, 0x00, 0x00, 0x01, 0xFF, 0x80, 0x00, 0x00, 0x00, 0x00, 0x00, 0x00, 0x03, 0xFF,
    0x80, 0x00, 0x00, 0x00, 0x00, 0x00, 0x00, 0x03, 0xFF, 0xC0, 0x00, 0x00, 0x00, 0x00, 0x00, 0x00, 0x03, 0xFF, 0xC0,
    0x00, 0x00, 0x00, 0x00, 0x00, 0x00, 0x03, 0xFF, 0xC0, 0x00, 0x00, 0x00, 0x00, 0x00, 0x00, 0x03, 0xFF, 0xC0, 0x00,
    0x00, 0x00, 0x00, 0x00, 0x00, 0x03, 0xFF, 0x80, 0x00, 0x00, 0x00, 0x00, 0x00, 0x00, 0x01, 0xFF, 0x80, 0x00, 0x00,
    0x00, 0x00, 0x00, 0x00, 0x00, 0xFF, 0x00, 0x00, 0x00, 0x00, 0x00, 0x00, 0x00, 0x00, 0x7C, 0x00, 0x00, 0x00, 0x00,
    0x00, 0x00, 0x00, 0x00, 0x3C, 0x00, 0x00, 0x3C, 0x03, 0xC0, 0x3C, 0x00, 0x00, 0xFF, 0x00, 0x00, 0xFF, 0x0F, 0xF0,
    0xFF, 0x00, 0x01, 0xFF, 0x80, 0x01, 0xFF, 0x9F, 0xF9, 0xFF, 0x80, 0x03, 0xFF, 0x80, 0x03, 0xFF, 0xBF, 0xFB, 0xFF,
    0x80, 0x03, 0xFF, 0xC0, 0x03, 0xFF, 0xFF, 0xFF, 0xFF, 0xC0, 0x03, 0xFF, 0xC0, 0x03, 0xFF, 0xFF, 0xFF, 0xFF, 0xC0,
    0x03, 0xFF, 0xC0, 0x03, 0xFF, 0xFF, 0xFF, 0xFF, 0xC0, 0x03, 0xFF, 0xC0, 0x03, 0xFF, 0xFF, 0xFF, 0xFF, 0xC0, 0x03,
    0xFF, 0x80, 0x03, 0xFF, 0xBF, 0xFB, 0xFF, 0x80, 0x01, 0xFF, 0x80, 0x01, 0xFF, 0x9F, 0xF9, 0xFF, 0x80, 0x00, 0xFF,
    0x00, 0x00, 0xFF, 0x0F, 0xF0, 0xFF, 0x00, 0x00, 0x7C, 0x00, 0x00, 0x7C, 0x07, 0xC0, 0x7C, 0x00, 0x00, 0x3C, 0x00,
    0x00, 0x00, 0x00, 0x00, 0x3C, 0x00, 0x00, 0xFF, 0x00, 0x00, 0x00, 0x00, 0x00, 0xFF, 0x00, 0x01, 0xFF, 0x80, 0x00,
    0x00, 0x00, 0x01, 0xFF, 0x80, 0x03, 0xFF, 0x80, 0x00, 0x00, 0x00, 0x03, 0xFF, 0x80, 0x03, 0xFF, 0xC0, 0x00, 0x00,
    0x00, 0x03, 0xFF, 0xC0, 0x03, 0xFF, 0xC0, 0x00, 0x00, 0x00, 0x03, 0xFF, 0xC0, 0x03, 0xFF, 0xC0, 0x00, 0x00, 0x00,
    0x03, 0xFF, 0xC0, 0x03, 0xFF, 0xC0, 0x00, 0x00, 0x00, 0x03, 0xFF, 0xC0, 0x03, 0xFF, 0x80, 0x00, 0x00, 0x00, 0x03,
    0xFF, 0x80, 0x01, 0xFF, 0x80, 0x00, 0x00, 0x00, 0x01, 0xFF, 0x80, 0x00, 0xFF, 0x00, 0x00, 0x00, 0x00, 0x00, 0xFF,
    0x00, 0x00, 0x7C, 0x00, 0x00, 0x00, 0x00, 0x00, 0x7C, 0x00, 0x00, 0x3C, 0x00, 0x00, 0x00, 0x00, 0x00, 0x3C, 0x00,
    0x00, 0xFF, 0x00, 0x00, 0x00, 0x00, 0x00, 0xFF, 0x00, 0x01, 0xFF, 0x80, 0x00, 0x00, 0x00, 0x01, 0xFF, 0x80, 0x03,
    0xFF, 0x80, 0x00, 0x00, 0x00, 0x03, 0xFF, 0x80, 0x03, 0xFF, 0xC0, 0x00, 0x00, 0x00, 0x03, 0xFF, 0xC0, 0x03, 0xFF,
    0xC0, 0x00, 0x00, 0x00, 0x03, 0xFF, 0xC0, 0x03, 0xFF, 0xC0, 0x00, 0x00, 0x00, 0x03, 0xFF, 0xC0, 0x03, 0xFF, 0xC0,
    0x00, 0x00, 0x00, 0x03, 0xFF, 0xC0, 0x03, 0xFF, 0x80, 0x00, 0x00, 0x00, 0x03, 0xFF, 0x80, 0x01, 0xFF, 0x80, 0x00,
    0x00, 0x00, 0x01, 0xFF, 0x80, 0x00, 0xFF, 0x00, 0x00, 0x00, 0x00, 0x00, 0xFF, 0x00, 0x00, 0x7C, 0x00, 0x00, 0x00,
    0x00, 0x00, 0x7C, 0x00, 0x00, 0x00, 0x03, 0xC0, 0x3C, 0x03, 0xC0, 0x00, 0x00, 0x00, 0x00, 0x0F, 0xF0, 0xFF, 0x0F,
    0xF0, 0x00, 0x00, 0x00, 0x00, 0x1F, 0xF9, 0xFF, 0x9F, 0xF8, 0x00, 0x00, 0x00, 0x00, 0x3F, 0xFB, 0xFF, 0xBF, 0xF8,
    0x00, 0x00, 0x00, 0x00, 0x3F, 0xFF, 0xFF, 0xFF, 0xFC, 0x00, 0x00, 0x00, 0x00, 0x3F, 0xFF, 0xFF, 0xFF, 0xFC, 0x00,
    0x00, 0x00, 0x00, 0x3F, 0xFF, 0xFF, 0xFF, 0xFC, 0x00, 0x00, 0x00, 0x00, 0x3F, 0xFF, 0xFF, 0xFF, 0xFC, 0x00, 0x00,
    0x00, 0x00, 0x3F, 0xFB, 0xFF, 0xBF, 0xF8, 0x00, 0x00, 0x00, 0x00, 0x1F, 0xF9, 0xFF, 0x9F, 0xF8, 0x00, 0x00, 0x00,
    0x00, 0x0F, 0xF0, 0xFF, 0x0F, 0xF0, 0x00, 0x00, 0x00, 0x00, 0x07, 0xC0, 0x7C, 0x07, 0xC0, 0x00, 0x00, 0x00, 0x3C,
    0x00, 0x00, 0x00, 0x00, 0x00, 0x3C, 0x00, 0x00, 0xFF, 0x00, 0x00, 0x00, 0x00, 0x00, 0xFF, 0x00, 0x01, 0xFF, 0x80,
    0x00, 0x00, 0x00, 0x01, 0xFF, 0x80, 0x03, 0xFF, 0x80, 0x00, 0x00, 0x00, 0x03, 0xFF, 0x80, 0x03, 0xFF, 0xC0, 0x00,
    0x00, 0x00, 0x03, 0xFF, 0xC0, 0x03, 0xFF, 0xC0, 0x00, 0x00, 0x00, 0x03, 0xFF, 0xC0, 0x03, 0xFF, 0xC0, 0x00, 0x00,
    0x00, 0x03, 0xFF, 0xC0, 0x03, 0xFF, 0xC0, 0x00, 0x00, 0x00, 0x03, 0xFF, 0xC0, 0x03, 0xFF, 0x80, 0x00, 0x00, 0x00,
    0x03, 0xFF, 0x80, 0x01, 0xFF, 0x80, 0x00, 0x00, 0x00, 0x01, 0xFF, 0x80, 0x00, 0xFF, 0x00, 0x00, 0x00, 0x00, 0x00,
    0xFF, 0x00, 0x00, 0x7C, 0x00, 0x00, 0x00, 0x00, 0x00, 0x7C, 0x00, 0x00, 0x3C, 0x00, 0x00, 0x00, 0x00, 0x00, 0x3C,
    0x00, 0x00, 0xFF, 0x00, 0x00, 0x00, 0x00, 0x00, 0xFF, 0x00, 0x01, 0xFF, 0x80, 0x00, 0x00, 0x00, 0x01, 0xFF, 0x80,
    0x03, 0xFF, 0x80, 0x00, 0x00, 0x00, 0x03, 0xFF, 0x80, 0x03, 0xFF, 0xC0, 0x00, 0x00, 0x00, 0x03, 0xFF, 0xC0, 0x03,
    0xFF, 0xC0, 0x00, 0x00, 0x00, 0x03, 0xFF, 0xC0, 0x03, 0xFF, 0xC0, 0x00, 0x00, 0x00, 0x03, 0xFF, 0xC0, 0x03, 0xFF,
    0xC0, 0x00, 0x00, 0x00, 0x03, 0xFF, 0xC0, 0x03, 0xFF, 0x80, 0x00, 0x00, 0x00, 0x03, 0xFF, 0x80, 0x01, 0xFF, 0x80,
    0x00, 0x00, 0x00, 0x01, 0xFF, 0x80, 0x00, 0xFF, 0x00, 0x00, 0x00, 0x00, 0x00, 0xFF, 0x00, 0x00, 0x7C, 0x00, 0x00,
    0x00, 0x00, 0x00, 0x7C, 0x00, 0x00, 0x3C, 0x00, 0x00, 0x00, 0x00, 0x00, 0x3C, 0x00, 0x00, 0xFF, 0x00, 0x00, 0x00,
    0x00, 0x00, 0xFF, 0x00, 0x01, 0xFF, 0x80, 0x00, 0x00, 0x00, 0x01, 0xFF, 0x80, 0x03, 0xFF, 0x80, 0x00, 0x00, 0x00,
    0x03, 0xFF, 0x80, 0x03, 0xFF, 0xC0, 0x00, 0x00, 0x00, 0x03, 0xFF, 0xC0, 0x03, 0xFF, 0xC0, 0x00, 0x00, 0x00, 0x03,
    0xFF, 0xC0, 0x03, 0xFF, 0xC0, 0x00, 0x00, 0x00, 0x03, 0xFF, 0xC0, 0x03, 0xFF, 0xC0, 0x00, 0x00, 0x00, 0x03, 0xFF,
    0xC0, 0x03, 0xFF, 0x80, 0x00, 0x00, 0x00, 0x03, 0xFF, 0x80, 0x01, 0xFF, 0x80, 0x00, 0x00, 0x00, 0x01, 0xFF, 0x80,
    0x00, 0xFF, 0x00, 0x00, 0x00, 0x00, 0x00, 0xFF, 0x00, 0x00, 0x7C, 0x00, 0x00, 0x00, 0x00, 0x00, 0x7C, 0x00, 0x00,
    0x3C, 0x03, 0xC0, 0x3C, 0x03, 0xC0, 0x3C, 0x00, 0x00, 0xFF, 0x0F, 0xF0, 0xFF, 0x0F, 0xF0, 0xFF, 0x00, 0x01, 0xFF,
    0x9F, 0xF9, 0xFF, 0x9F, 0xF9, 0xFF, 0x80, 0x03, 0xFF, 0xBF, 0xFB, 0xFF, 0xBF, 0xFB, 0xFF, 0x80, 0x03, 0xFF, 0xFF,
    0xFF, 0xFF, 0xFF, 0xFF, 0xFF, 0xC0, 0x03, 0xFF, 0xFF, 0xFF, 0xFF, 0xFF, 0xFF, 0xFF, 0xC0, 0x03, 0xFF, 0xFF, 0xFF,
    0xFF, 0xFF, 0xFF, 0xFF, 0xC0, 0x03, 0xFF, 0xFF, 0xFF, 0xFF, 0xFF, 0xFF, 0xFF, 0xC0, 0x03, 0xFF, 0xBF, 0xFB, 0xFF,
    0xBF, 0xFB, 0xFF, 0x80, 0x01, 0xFF, 0x9F, 0xF9, 0xFF, 0x9F, 0xF9, 0xFF, 0x80, 0x00, 0xFF, 0x0F, 0xF0, 0xFF, 0x0F,
    0xF0, 0xFF, 0x00, 0x00, 0x7C, 0x07, 0xC0, 0x7C, 0x07, 0xC0, 0x7C, 0x00, 0x00, 0x3C, 0x00, 0x00, 0x00, 0x00, 0x00,
    0x3C, 0x00, 0x00, 0xFF, 0x00, 0x00, 0x00, 0x00, 0x00, 0xFF, 0x00, 0x01, 0xFF, 0x80, 0x00, 0x00, 0x00, 0x01, 0xFF,
    0x80, 0x03, 0xFF, 0x80, 0x00, 0x00, 0x00, 0x03, 0xFF, 0x80, 0x03, 0xFF, 0xC0, 0x00, 0x00, 0x00, 0x03, 0xFF, 0xC0,
    0x03, 0xFF, 0xC0, 0x00, 0x00, 0x00, 0x03, 0xFF, 0xC0, 0x03, 0xFF, 0xC0, 0x00, 0x00, 0x00, 0x03, 0xFF, 0xC0, 0x03,
    0xFF, 0xC0, 0x00, 0x00, 0x00, 0x03, 0xFF, 0xC0, 0x03, 0xFF, 0x80, 0x00, 0x00, 0x00, 0x03, 0xFF, 0x80, 0x01, 0xFF,
    0x80, 0x00, 0x00, 0x00, 0x01, 0xFF, 0x80, 0x00, 0xFF, 0x00, 0x00, 0x00, 0x00, 0x00, 0xFF, 0x00, 0x00, 0x7C, 0x00,
    0x00, 0x00, 0x00, 0x00, 0x7C, 0x00, 0x00, 0x3C, 0x00, 0x00, 0x00, 0x00, 0x00, 0x3C, 0x00, 0x00, 0xFF, 0x00, 0x00,
    0x00, 0x00, 0x00, 0xFF, 0x00, 0x01, 0xFF, 0x80, 0x00, 0x00, 0x00, 0x01, 0xFF, 0x80, 0x03, 0xFF, 0x80, 0x00, 0x00,
    0x00, 0x03, 0xFF, 0x80, 0x03, 0xFF, 0xC0, 0x00, 0x00, 0x00, 0x03, 0xFF, 0xC0, 0x03, 0xFF, 0xC0, 0x00, 0x00, 0x00,
    0x03, 0xFF, 0xC0, 0x03, 0xFF, 0xC0, 0x00, 0x00, 0x00, 0x03, 0xFF, 0xC0, 0x03, 0xFF, 0xC0, 0x00, 0x00, 0x00, 0x03,
    0xFF, 0xC0, 0x03, 0xFF, 0x80, 0x00, 0x00, 0x00, 0x03, 0xFF, 0x80, 0x01, 0xFF, 0x80, 0x00, 0x00, 0x00, 0x01, 0xFF,
    0x80, 0x00, 0xFF, 0x00, 0x00, 0x00, 0x00, 0x00, 0xFF, 0x00, 0x00, 0x7C, 0x00, 0x00, 0x00, 0x00, 0x00, 0x7C, 0x00,
    0x00, 0x3C, 0x00, 0x00, 0x00, 0x00, 0x00, 0x3C, 0x00, 0x00, 0xFF, 0x00, 0x00, 0x00, 0x00, 0x00, 0xFF, 0x00, 0x01,
    0xFF, 0x80, 0x00, 0x00, 0x00, 0x01, 0xFF, 0x80, 0x03, 0xFF, 0x80, 0x00, 0x00, 0x00, 0x03, 0xFF, 0x80, 0x03, 0xFF,
    0xC0, 0x00, 0x00, 0x00, 0x03, 0xFF, 0xC0, 0x03, 0xFF, 0xC0, 0x00, 0x00, 0x00, 0x03, 0xFF, 0xC0, 0x03, 0xFF, 0xC0,
    0x00, 0x00, 0x00, 0x03, 0xFF, 0xC0, 0x03, 0xFF, 0xC0, 0x00, 0x00, 0x00, 0x03, 0xFF, 0xC0, 0x03, 0xFF, 0x80, 0x00,
    0x00, 0x00, 0x03, 0xFF, 0x80, 0x01, 0xFF, 0x80, 0x00, 0x00, 0x00, 0x01, 0xFF, 0x80, 0x00, 0xFF, 0x00, 0x00, 0x00,
    0x00, 0x00, 0xFF, 0x00, 0x00, 0x7C, 0x00, 0x00, 0x00, 0x00, 0x00, 0x7C, 0x00, 0x00, 0x3C, 0x03, 0xC0, 0x3C, 0x00,
    0x00, 0xFF, 0x0F, 0xF0, 0xFF, 0x00, 0x01, 0xFF, 0x9F, 0xF9, 0xFF, 0x80, 0x03, 0xFF, 0xBF, 0xFB, 0xFF, 0x80, 0x03,
    0xFF, 0xFF, 0xFF, 0xFF, 0xC0, 0x03, 0xFF, 0xFF, 0xFF, 0xFF, 0xC0, 0x03, 0xFF, 0xFF, 0xFF, 0xFF, 0xC0, 0x03, 0xFF,
    0xFF, 0xFF, 0xFF, 0xC0, 0x03, 0xFF, 0xBF, 0xFB, 0xFF, 0x80, 0x01, 0xFF, 0x9F, 0xF9, 0xFF, 0x80, 0x00, 0xFF, 0x0F,
    0xF0, 0xFF, 0x00, 0x00, 0x7C, 0x07, 0xC0, 0x7C, 0x00, 0x00, 0x00, 0x03, 0xC0, 0x00, 0x00, 0x00, 0x00, 0x0F, 0xF0,
    0x00, 0x00, 0x00, 0x00, 0x1F, 0xF8, 0x00, 0x00, 0x00, 0x00, 0x3F, 0xF8, 0x00, 0x00, 0x00, 0x00, 0x3F, 0xFC, 0x00,
    0x00, 0x00, 0x00, 0x3F, 0xFC, 0x00, 0x00, 0x00, 0x00, 0x3F, 0xFC, 0x00, 0x00, 0x00, 0x00, 0x3F, 0xFC, 0x00, 0x00,
    0x00, 0x00, 0x3F, 0xF8, 0x00, 0x00, 0x00, 0x00, 0x1F, 0xF8, 0x00, 0x00, 0x00, 0x00, 0x0F, 0xF0, 0x00, 0x00, 0x00,
    0x00, 0x07, 0xC0, 0x00, 0x00, 0x00, 0x00, 0x03, 0xC0, 0x00, 0x00, 0x00, 0x00, 0x0F, 0xF0, 0x00, 0x00, 0x00, 0x00,
    0x1F, 0xF8, 0x00, 0x00, 0x00, 0x00, 0x3F, 0xF8, 0x00, 0x00, 0x00, 0x00, 0x3F, 0xFC, 0x00, 0x00, 0x00, 0x00, 0x3F,
    0xFC, 0x00, 0x00, 0x00, 0x00, 0x3F, 0xFC, 0x00, 0x00, 0x00, 0x00, 0x3F, 0xFC, 0x00, 0x00, 0x00, 0x00, 0x3F, 0xF8,
    0x00, 0x00, 0x00, 0x00, 0x1F, 0xF8, 0x00, 0x00, 0x00, 0x00, 0x0F, 0xF0, 0x00, 0x00, 0x00, 0x00, 0x07, 0xC0, 0x00,
    0x00, 0x00, 0x00, 0x03, 0xC0, 0x00, 0x00, 0x00, 0x00, 0x0F, 0xF0, 0x00, 0x00, 0x00, 0x00, 0x1F, 0xF8, 0x00, 0x00,
    0x00, 0x00, 0x3F, 0xF8, 0x00, 0x00, 0x00, 0x00, 0x3F, 0xFC, 0x00, 0x00, 0x00, 0x00, 0x3F, 0xFC, 0x00, 0x00, 0x00,
    0x00, 0x3F, 0xFC, 0x00, 0x00, 0x00, 0x00, 0x3F, 0xFC, 0x00, 0x00, 0x00, 0x00, 0x3F, 0xF8, 0x00, 0x00, 0x00, 0x00,
    0x1F, 0xF8, 0x00, 0x00, 0x00, 0x00, 0x0F, 0xF0, 0x00, 0x00, 0x00, 0x00, 0x07, 0xC0, 0x00, 0x00, 0x00, 0x00, 0x03,
    0xC0, 0x00, 0x00, 0x00, 0x00, 0x0F, 0xF0, 0x00, 0x00, 0x00, 0x00, 0x1F, 0xF8, 0x00, 0x00, 0x00, 0x00, 0x3F, 0xF8,
    0x00, 0x00, 0x00, 0x00, 0x3F, 0xFC, 0x00, 0x00, 0x00, 0x00, 0x3F, 0xFC, 0x00, 0x00, 0x00, 0x00, 0x3F, 0xFC, 0x00,
    0x00, 0x00, 0x00, 0x3F, 0xFC, 0x00, 0x00, 0x00, 0x00, 0x3F, 0xF8, 0x00, 0x00, 0x00, 0x00, 0x1F, 0xF8, 0x00, 0x00,
    0x00, 0x00, 0x0F, 0xF0, 0x00, 0x00, 0x00, 0x00, 0x07, 0xC0, 0x00, 0x00, 0x00, 0x00, 0x03, 0xC0, 0x00, 0x00, 0x00,
    0x00, 0x0F, 0xF0, 0x00, 0x00, 0x00, 0x00, 0x1F, 0xF8, 0x00, 0x00, 0x00, 0x00, 0x3F, 0xF8, 0x00, 0x00, 0x00, 0x00,
    0x3F, 0xFC, 0x00, 0x00, 0x00, 0x00, 0x3F, 0xFC, 0x00, 0x00, 0x00, 0x00, 0x3F, 0xFC, 0x00, 0x00, 0x00, 0x00, 0x3F,
    0xFC, 0x00, 0x00, 0x00, 0x00, 0x3F, 0xF8, 0x00, 0x00, 0x00, 0x00, 0x1F, 0xF8, 0x00, 0x00, 0x00, 0x00, 0x0F, 0xF0,
    0x00, 0x00, 0x00, 0x00, 0x07, 0xC0, 0x00, 0x00, 0x00, 0x3C, 0x03, 0xC0, 0x3C, 0x00, 0x00, 0xFF, 0x0F, 0xF0, 0xFF,
    0x00, 0x01, 0xFF, 0x9F, 0xF9, 0xFF, 0x80, 0x03, 0xFF, 0xBF, 0xFB, 0xFF, 0x80, 0x03, 0xFF, 0xFF, 0xFF, 0xFF, 0xC0,
    0x03, 0xFF, 0xFF, 0xFF, 0xFF, 0xC0, 0x03, 0xFF, 0xFF, 0xFF, 0xFF, 0xC0, 0x03, 0xFF, 0xFF, 0xFF, 0xFF, 0xC0, 0x03,
    0xFF, 0xBF, 0xFB, 0xFF, 0x80, 0x01, 0xFF, 0x9F, 0xF9, 0xFF, 0x80, 0x00, 0xFF, 0x0F, 0xF0, 0xFF, 0x00, 0x00, 0x7C,
    0x07, 0xC0, 0x7C, 0x00, 0x00, 0x00, 0x00, 0x00, 0x3C, 0x03, 0xC0, 0x3C, 0x00, 0x00, 0x00, 0x00, 0x00, 0xFF, 0x0F,
    0xF0, 0xFF, 0x00, 0x00, 0x00, 0x00, 0x01, 0xFF, 0x9F, 0xF9, 0xFF, 0x80, 0x00, 0x00, 0x00, 0x03, 0xFF, 0xBF, 0xFB,
    0xFF, 0x80, 0x00, 0x00, 0x00, 0x03, 0xFF, 0xFF, 0xFF, 0xFF, 0xC0, 0x00, 0x00, 0x00, 0x03, 0xFF, 0xFF, 0xFF, 0xFF,
    0xC0, 0x00, 0x00, 0x00, 0x03, 0xFF, 0xFF, 0xFF, 0xFF, 0xC0, 0x00, 0x00, 0x00, 0x03, 0xFF, 0xFF, 0xFF, 0xFF, 0xC0,
    0x00, 0x00, 0x00, 0x03, 0xFF, 0xBF, 0xFB, 0xFF, 0x80, 0x00, 0x00, 0x00, 0x01, 0xFF, 0x9F, 0xF9, 0xFF, 0x80, 0x00,
    0x00, 0x00, 0x00, 0xFF, 0x0F, 0xF0, 0xFF, 0x00, 0x00, 0x00, 0x00, 0x00, 0x7C, 0x07, 0xC0, 0x7C, 0x00, 0x00, 0x00,
    0x00, 0x00, 0x00, 0x03, 0xC0, 0x00, 0x00, 0x00, 0x00, 0x00, 0x00, 0x00, 0x0F, 0xF0, 0x00, 0x00, 0x00, 0x00, 0x00,
    0x00, 0x00, 0x1F, 0xF8, 0x00, 0x00, 0x00, 0x00, 0x00, 0x00, 0x00, 0x3F, 0xF8, 0x00, 0x00, 0x00, 0x00, 0x00, 0x00,
    0x00, 0x3F, 0xFC, 0x00, 0x00, 0x00, 0x00, 0x00, 0x00, 0x00, 0x3F, 0xFC, 0x00, 0x00, 0x00, 0x00, 0x00, 0x00, 0x00,
    0x3F, 0xFC, 0x00, 0x00, 0x00, 0x00, 0x00, 0x00, 0x00, 0x3F, 0xFC, 0x00, 0x00, 0x00, 0x00, 0x00, 0x00, 0x00, 0x3F,
    0xF8, 0x00, 0x00, 0x00, 0x00, 0x00, 0x00, 0x00, 0x1F, 0xF8, 0x00, 0x00, 0x00, 0x00, 0x00, 0x00, 0x00, 0x0F, 0xF0,
    0x00, 0x00, 0x00, 0x00, 0x00, 0x00, 0x00, 0x07, 0xC0, 0x00, 0x00, 0x00, 0x00, 0x00, 0x00, 0x00, 0x03, 0xC0, 0x00,
    0x00, 0x00, 0x00, 0x00, 0x00, 0x00, 0x0F, 0xF0, 0x00, 0x00, 0x00, 0x00, 0x00, 0x00, 0x00, 0x1F, 0xF8, 0x00, 0x00,
    0x00, 0x00, 0x00, 0x00, 0x00, 0x3F, 0xF8, 0x00, 0x00, 0x00, 0x00, 0x00, 0x00, 0x00, 0x3F, 0xFC, 0x00, 0x00, 0x00,
    0x00, 0x00, 0x00, 0x00, 0x3F, 0xFC, 0x00, 0x00, 0x00, 0x00, 0x00, 0x00, 0x00, 0x3F, 0xFC, 0x00, 0x00, 0x00, 0x00,
    0x00, 0x00, 0x00, 0x3F, 0xFC, 0x00, 0x00, 0x00, 0x00, 0x00, 0x00, 0x00, 0x3F, 0xF8, 0x00, 0x00, 0x00, 0x00, 0x00,
    0x00, 0x00, 0x1F, 0xF8, 0x00, 0x00, 0x00, 0x00, 0x00, 0x00, 0x00, 0x0F, 0xF0, 0x00, 0x00, 0x00, 0x00, 0x00, 0x00,
    0x00, 0x07, 0xC0, 0x00, 0x00, 0x00, 0x00, 0x00, 0x00, 0x00, 0x03, 0xC0, 0x00, 0x00, 0x00, 0x00, 0x00, 0x00, 0x00,
    0x0F, 0xF0, 0x00, 0x00, 0x00, 0x00, 0x00, 0x00, 0x00, 0x1F, 0xF8, 0x00, 0x00, 0x00, 0x00, 0x00, 0x00, 0x00, 0x3F,
    0xF8, 0x00, 0x00, 0x00, 0x00, 0x00, 0x00, 0x00, 0x3F, 0xFC, 0x00, 0x00, 0x00, 0x00, 0x00, 0x00, 0x00, 0x3F, 0xFC,
    0x00, 0x00, 0x00, 0x00, 0x00, 0x00, 0x00, 0x3F, 0xFC, 0x00, 0x00, 0x00, 0x00, 0x00, 0x00, 0x00, 0x3F, 0xFC, 0x00,
    0x00, 0x00, 0x00, 0x00, 0x00, 0x00, 0x3F, 0xF8, 0x00, 0x00, 0x00, 0x00, 0x00, 0x00, 0x00, 0x1F, 0xF8, 0x00, 0x00,
    0x00, 0x00, 0x00, 0x00, 0x00, 0x0F, 0xF0, 0x00, 0x00, 0x00, 0x00, 0x00, 0x00, 0x00, 0x07, 0xC0, 0x00, 0x00, 0x00,
    0x00, 0x00, 0x00, 0x00, 0x03, 0xC0, 0x00, 0x00, 0x00, 0x00, 0x00, 0x00, 0x00, 0x0F, 0xF0, 0x00, 0x00, 0x00, 0x00,
    0x00, 0x00, 0x00, 0x1F, 0xF8, 0x00, 0x00, 0x00, 0x00, 0x00, 0x00, 0x00, 0x3F, 0xF8, 0x00, 0x00, 0x00, 0x00, 0x00,
    0x00, 0x00, 0x3F, 0xFC, 0x00, 0x00, 0x00, 0x00, 0x00, 0x00, 0x00, 0x3F, 0xFC, 0x00, 0x00, 0x00, 0x00, 0x00, 0x00,
    0x00, 0x3F, 0xFC, 0x00, 0x00, 0x00, 0x00, 0x00, 0x00, 0x00, 0x3F, 0xFC, 0x00, 0x00, 0x00, 0x00, 0x00, 0x00, 0x00,
    0x3F, 0xF8, 0x00, 0x00, 0x00, 0x00, 0x00, 0x00, 0x00, 0x1F, 0xF8, 0x00, 0x00, 0x00, 0x00, 0x00, 0x00, 0x00, 0x0F,
    0xF0, 0x00, 0x00, 0x00, 0x00, 0x00, 0x00, 0x00, 0x07, 0xC0, 0x00, 0x00, 0x00, 0x3C, 0x00, 0x00, 0x00, 0x03, 0xC0,
    0x00, 0x00, 0x00, 0xFF, 0x00, 0x00, 0x00, 0x0F, 0xF0, 0x00, 0x00, 0x01, 0xFF, 0x80, 0x00, 0x00, 0x1F, 0xF8, 0x00,
    0x00, 0x03, 0xFF, 0x80, 0x00, 0x00, 0x3F, 0xF8, 0x00, 0x00, 0x03, 0xFF, 0xC0, 0x00, 0x00, 0x3F, 0xFC, 0x00, 0x00,
    0x03, 0xFF, 0xC0, 0x00, 0x00, 0x3F, 0xFC, 0x00, 0x00, 0x03, 0xFF, 0xC0, 0x00, 0x00, 0x3F, 0xFC, 0x00, 0x00, 0x03,
    0xFF, 0xC0, 0x00, 0x00, 0x3F, 0xFC, 0x00, 0x00, 0x03, 0xFF, 0x80, 0x00, 0x00, 0x3F, 0xF8, 0x00, 0x00, 0x01, 0xFF,
    0x80, 0x00, 0x00, 0x1F, 0xF8, 0x00, 0x00, 0x00, 0xFF, 0x00, 0x00, 0x00, 0x0F, 0xF0, 0x00, 0x00, 0x00, 0x7C, 0x00,
    0x00, 0x00, 0x07, 0xC0, 0x00, 0x00, 0x00, 0x00, 0x03, 0xC0, 0x3C, 0x00, 0x00, 0x00, 0x00, 0x00, 0x00, 0x0F, 0xF0,
    0xFF, 0x00, 0x00, 0x00, 0x00, 0x00, 0x00, 0x1F, 0xF9, 0xFF, 0x80, 0x00, 0x00, 0x00, 0x00, 0x00, 0x3F, 0xFB, 0xFF,
    0x80, 0x00, 0x00, 0x00, 0x00, 0x00, 0x3F, 0xFF, 0xFF, 0xC0, 0x00, 0x00, 0x00, 0x00, 0x00, 0x3F, 0xFF, 0xFF, 0xC0,
    0x00, 0x00, 0x00, 0x00, 0x00, 0x3F, 0xFF, 0xFF, 0xC0, 0x00, 0x00, 0x00, 0x00, 0x00, 0x3F, 0xFF, 0xFF, 0xC0, 0x00,
    0x00, 0x00, 0x00, 0x00, 0x3F, 0xFB, 0xFF, 0x80, 0x00, 0x00, 0x00, 0x00, 0x00, 0x1F, 0xF9, 0xFF, 0x80, 0x00, 0x00,
    0x00, 0x00, 0x00, 0x0F, 0xF0, 0xFF, 0x00, 0x00, 0x00, 0x00, 0x00, 0x00, 0x07, 0xC0, 0x7C, 0x00, 0x00, 0x00, 0x00,
    0x00, 0x3C, 0x00, 0x00, 0x00, 0x00, 0x00, 0x3C, 0x00, 0x00, 0xFF, 0x00, 0x00, 0x00, 0x00, 0x00, 0xFF, 0x00, 0x01,
    0xFF, 0x80, 0x00, 0x00, 0x00, 0x01, 0xFF, 0x80, 0x03, 0xFF, 0x80, 0x00, 0x00, 0x00, 0x03, 0xFF, 0x80, 0x03, 0xFF,
    0xC0, 0x00, 0x00, 0x00, 0x03, 0xFF, 0xC0, 0x03, 0xFF, 0xC0, 0x00, 0x00, 0x00, 0x03, 0xFF, 0xC0, 0x03, 0xFF, 0xC0,
    0x00, 0x00, 0x00, 0x03, 0xFF, 0xC0, 0x03, 0xFF, 0xC0, 0x00, 0x00, 0x00, 0x03, 0xFF, 0xC0, 0x03, 0xFF, 0x80, 0x00,
    0x00, 0x00, 0x03, 0xFF, 0x80, 0x01, 0xFF, 0x80, 0x00, 0x00, 0x00, 0x01, 0xFF, 0x80, 0x00, 0xFF, 0x00, 0x00, 0x00,
    0x00, 0x00, 0xFF, 0x00, 0x00, 0x7C, 0x00, 0x00, 0x00, 0x00, 0x00, 0x7C, 0x00, 0x00, 0x3C, 0x00, 0x00, 0x00, 0x03,
    0xC0, 0x00, 0x00, 0x00, 0xFF, 0x00, 0x00, 0x00, 0x0F, 0xF0, 0x00, 0x00, 0x01, 0xFF, 0x80, 0x00, 0x00, 0x1F, 0xF8,
    0x00, 0x00, 0x03, 0xFF, 0x80, 0x00, 0x00, 0x3F, 0xF8, 0x00, 0x00, 0x03, 0xFF, 0xC0, 0x00, 0x00, 0x3F, 0xFC, 0x00,
    0x00, 0x03, 0xFF, 0xC0, 0x00, 0x00, 0x3F, 0xFC, 0x00, 0x00, 0x03, 0xFF, 0xC0, 0x00, 0x00, 0x3F, 0xFC, 0x00, 0x00,
    0x03, 0xFF, 0xC0, 0x00, 0x00, 0x3F, 0xFC, 0x00, 0x00, 0x03, 0xFF, 0x80, 0x00, 0x00, 0x3F, 0xF8, 0x00, 0x00, 0x01,
    0xFF, 0x80, 0x00, 0x00, 0x1F, 0xF8, 0x00, 0x00, 0x00, 0xFF, 0x00, 0x00, 0x00, 0x0F, 0xF0, 0x00, 0x00, 0x00, 0x7C,
    0x00, 0x00, 0x00, 0x07, 0xC0, 0x00, 0x00, 0x00, 0x3C, 0x00, 0x00, 0x3C, 0x00, 0x00, 0x00, 0x00, 0x00, 0xFF, 0x00,
    0x00, 0xFF, 0x00, 0x00, 0x00, 0x00, 0x01, 0xFF, 0x80, 0x01, 0xFF, 0x80, 0x00, 0x00, 0x00, 0x03, 0xFF, 0x80, 0x03,
    0xFF, 0x80, 0x00, 0x00, 0x00, 0x03, 0xFF, 0xC0, 0x03, 0xFF, 0xC0, 0x00, 0x00, 0x00, 0x03, 0xFF, 0xC0, 0x03, 0xFF,
    0xC0, 0x00, 0x00, 0x00, 0x03, 0xFF, 0xC0, 0x03, 0xFF, 0xC0, 0x00, 0x00, 0x00, 0x03, 0xFF, 0xC0, 0x03, 0xFF, 0xC0,
    0x00, 0x00, 0x00, 0x03, 0xFF, 0x80, 0x03, 0xFF, 0x80, 0x00, 0x00, 0x00, 0x01, 0xFF, 0x80, 0x01, 0xFF, 0x80, 0x00,
    0x00, 0x00, 0x00, 0xFF, 0x00, 0x00, 0xFF, 0x00, 0x00, 0x00, 0x00, 0x00, 0x7C, 0x00, 0x00, 0x7C, 0x00, 0x00, 0x00,
    0x00, 0x00, 0x3C, 0x03, 0xC0, 0x00, 0x00, 0x00, 0x00, 0x00, 0x00, 0xFF, 0x0F, 0xF0, 0x00, 0x00, 0x00, 0x00, 0x00,
    0x01, 0xFF, 0x9F, 0xF8, 0x00, 0x00, 0x00, 0x00, 0x00, 0x03, 0xFF, 0xBF, 0xF8, 0x00, 0x00, 0x00, 0x00, 0x00, 0x03,
    0xFF, 0xFF, 0xFC, 0x00, 0x00, 0x00, 0x00, 0x00, 0x03, 0xFF, 0xFF, 0xFC, 0x00, 0x00, 0x00, 0x00, 0x00, 0x03, 0xFF,
    0xFF, 0xFC, 0x00, 0x00, 0x00, 0x00, 0x00, 0x03, 0xFF, 0xFF, 0xFC, 0x00, 0x00, 0x00, 0x00, 0x00, 0x03, 0xFF, 0xBF,
    0xF8, 0x00, 0x00, 0x00, 0x00, 0x00, 0x01, 0xFF, 0x9F, 0xF8, 0x00, 0x00, 0x00, 0x00, 0x00, 0x00, 0xFF, 0x0F, 0xF0,
    0x00, 0x00, 0x00, 0x00, 0x00, 0x00, 0x7C, 0x07, 0xC0, 0x00, 0x00, 0x00, 0x00, 0x00, 0x00, 0x3C, 0x00, 0x00, 0x3C,
    0x00, 0x00, 0x00, 0x00, 0x00, 0xFF, 0x00, 0x00, 0xFF, 0x00, 0x00, 0x00, 0x00, 0x01, 0xFF, 0x80, 0x01, 0xFF, 0x80,
    0x00, 0x00, 0x00, 0x03, 0xFF, 0x80, 0x03, 0xFF, 0x80, 0x00, 0x00, 0x00, 0x03, 0xFF, 0xC0, 0x03, 0xFF, 0xC0, 0x00,
    0x00, 0x00, 0x03, 0xFF, 0xC0, 0x03, 0xFF, 0xC0, 0x00, 0x00, 0x00, 0x03, 0xFF, 0xC0, 0x03, 0xFF, 0xC0, 0x00, 0x00,
    0x00, 0x03, 0xFF, 0xC0, 0x03, 0xFF, 0xC0, 0x00, 0x00, 0x00, 0x03, 0xFF, 0x80, 0x03, 0xFF, 0x80, 0x00, 0x00, 0x00,
    0x01, 0xFF, 0x80, 0x01, 0xFF, 0x80, 0x00, 0x00, 0x00, 0x00, 0xFF, 0x00, 0x00, 0xFF, 0x00, 0x00, 0x00, 0x00, 0x00,
    0x7C, 0x00, 0x00, 0x7C, 0x00, 0x00, 0x00, 0x00, 0x00, 0x3C, 0x00, 0x00, 0x00, 0x03, 0xC0, 0x00, 0x00, 0x00, 0xFF,
    0x00, 0x00, 0x00, 0x0F, 0xF0, 0x00, 0x00, 0x01, 0xFF, 0x80, 0x00, 0x00, 0x1F, 0xF8, 0x00, 0x00, 0x03, 0xFF, 0x80,
    0x00, 0x00, 0x3F, 0xF8, 0x00, 0x00, 0x03, 0xFF, 0xC0, 0x00, 0x00, 0x3F, 0xFC, 0x00, 0x00, 0x03, 0xFF, 0xC0, 0x00,
    0x00, 0x3F, 0xFC, 0x00, 0x00, 0x03, 0xFF, 0xC0, 0x00, 0x00, 0x3F, 0xFC, 0x00, 0x00, 0x03, 0xFF, 0xC0, 0x00, 0x00,
    0x3F, 0xFC, 0x00, 0x00, 0x03, 0xFF, 0x80, 0x00, 0x00, 0x3F, 0xF8, 0x00, 0x00, 0x01, 0xFF, 0x80, 0x00, 0x00, 0x1F,
    0xF8, 0x00, 0x00, 0x00, 0xFF, 0x00, 0x00, 0x00, 0x0F, 0xF0, 0x00, 0x00, 0x00, 0x7C, 0x00, 0x00, 0x00, 0x07, 0xC0,
    0x00, 0x00, 0x00, 0x3C, 0x00, 0x00, 0x00, 0x00, 0x00, 0x3C, 0x00, 0x00, 0xFF, 0x00, 0x00, 0x00, 0x00, 0x00, 0xFF,
    0x00, 0x01, 0xFF, 0x80, 0x00, 0x00, 0x00, 0x01, 0xFF, 0x80, 0x03, 0xFF, 0x80, 0x00, 0x00, 0x00, 0x03, 0xFF, 0x80,
    0x03, 0xFF, 0xC0, 0x00, 0x00, 0x00, 0x03, 0xFF, 0xC0, 0x03, 0xFF, 0xC0, 0x00, 0x00, 0x00, 0x03, 0xFF, 0xC0, 0x03,
    0xFF, 0xC0, 0x00, 0x00, 0x00, 0x03, 0xFF, 0xC0, 0x03, 0xFF, 0xC0, 0x00, 0x00, 0x00, 0x03, 0xFF, 0xC0, 0x03, 0xFF,
    0x80, 0x00, 0x00, 0x00, 0x03, 0xFF, 0x80, 0x01, 0xFF, 0x80, 0x00, 0x00, 0x00, 0x01, 0xFF, 0x80, 0x00, 0xFF, 0x00,
    0x00, 0x00, 0x00, 0x00, 0xFF, 0x00, 0x00, 0x7C, 0x00, 0x00, 0x00, 0x00, 0x00, 0x7C, 0x00, 0x00, 0x3C, 0x00, 0x00,
    0x00, 0x00, 0x00, 0x00, 0x00, 0x00, 0xFF, 0x00, 0x00, 0x00, 0x00, 0x00, 0x00, 0x00, 0x01, 0xFF, 0x80, 0x00, 0x00,
    0x00, 0x00, 0x00, 0x00, 0x03, 0xFF, 0x80, 0x00, 0x00, 0x00, 0x00, 0x00, 0x00, 0x03, 0xFF, 0xC0, 0x00, 0x00, 0x00,
    0x00, 0x00, 0x00, 0x03, 0xFF, 0xC0, 0x00, 0x00, 0x00, 0x00, 0x00, 0x00, 0x03, 0xFF, 0xC0, 0x00, 0x00, 0x00, 0x00,
    0x00, 0x00, 0x03, 0xFF, 0xC0, 0x00, 0x00, 0x00, 0x00, 0x00, 0x00, 0x03, 0xFF, 0x80, 0x00, 0x00, 0x00, 0x00, 0x00,
    0x00, 0x01, 0xFF, 0x80, 0x00, 0x00, 0x00, 0x00, 0x00, 0x00, 0x00, 0xFF, 0x00, 0x00, 0x00, 0x00, 0x00, 0x00, 0x00,
    0x00, 0x7C, 0x00, 0x00, 0x00, 0x00, 0x00, 0x00, 0x00, 0x00, 0x3C, 0x00, 0x00, 0x00, 0x00, 0x00, 0x00, 0x00, 0x00,
    0xFF, 0x00, 0x00, 0x00, 0x00, 0x00, 0x00, 0x00, 0x01, 0xFF, 0x80, 0x00, 0x00, 0x00, 0x00, 0x00, 0x00, 0x03, 0xFF,
    0x80, 0x00, 0x00, 0x00, 0x00, 0x00, 0x00, 0x03, 0xFF, 0xC0, 0x00, 0x00, 0x00, 0x00, 0x00, 0x00, 0x03, 0xFF, 0xC0,
    0x00, 0x00, 0x00, 0x00, 0x00, 0x00, 0x03, 0xFF, 0xC0, 0x00, 0x00, 0x00, 0x00, 0x00, 0x00, 0x03, 0xFF, 0xC0, 0x00,
    0x00, 0x00, 0x00, 0x00, 0x00, 0x03, 0xFF, 0x80, 0x00, 0x00, 0x00, 0x00, 0x00, 0x00, 0x01, 0xFF, 0x80, 0x00, 0x00,
    0x00, 0x00, 0x00, 0x00, 0x00, 0xFF, 0x00, 0x00, 0x00, 0x00, 0x00, 0x00, 0x00, 0x00, 0x7C, 0x00, 0x00, 0x00, 0x00,
    0x00, 0x00, 0x00, 0x00, 0x3C, 0x00, 0x00, 0x00, 0x00, 0x00, 0x00, 0x00, 0x00, 0xFF, 0x00, 0x00, 0x00, 0x00, 0x00,
    0x00, 0x00, 0x01, 0xFF, 0x80, 0x00, 0x00, 0x00, 0x00, 0x00, 0x00, 0x03, 0xFF, 0x80, 0x00, 0x00, 0x00, 0x00, 0x00,
    0x00, 0x03, 0xFF, 0xC0, 0x00, 0x00, 0x00, 0x00, 0x00, 0x00, 0x03, 0xFF, 0xC0, 0x00, 0x00, 0x00, 0x00, 0x00, 0x00,
    0x03, 0xFF, 0xC0, 0x00, 0x00, 0x00, 0x00, 0x00, 0x00, 0x03, 0xFF, 0xC0, 0x00, 0x00, 0x00, 0x00, 0x00, 0x00, 0x03,
    0xFF, 0x80, 0x00, 0x00, 0x00, 0x00, 0x00, 0x00, 0x01, 0xFF, 0x80, 0x00, 0x00, 0x00, 0x00, 0x00, 0x00, 0x00, 0xFF,
    0x00, 0x00, 0x00, 0x00, 0x00, 0x00, 0x00, 0x00, 0x7C, 0x00, 0x00, 0x00, 0x00, 0x00, 0x00, 0x00, 0x00, 0x3C, 0x00,
    0x00, 0x00, 0x00, 0x00, 0x00, 0x00, 0x00, 0xFF, 0x00, 0x00, 0x00, 0x00, 0x00, 0x00, 0x00, 0x01, 0xFF, 0x80, 0x00,
    0x00, 0x00, 0x00, 0x00, 0x00, 0x03, 0xFF, 0x80, 0x00, 0x00, 0x00, 0x00, 0x00, 0x00, 0x03, 0xFF, 0xC0, 0x00, 0x00,
    0x00, 0x00, 0x00, 0x00, 0x03, 0xFF, 0xC0, 0x00, 0x00, 0x00, 0x00, 0x00, 0x00, 0x03, 0xFF, 0xC0, 0x00, 0x00, 0x00,
    0x00, 0x00, 0x00, 0x03, 0xFF, 0xC0, 0x00, 0x00, 0x00, 0x00, 0x00, 0x00, 0x03, 0xFF, 0x80, 0x00, 0x00, 0x00, 0x00,
    0x00, 0x00, 0x01, 0xFF, 0x80, 0x00, 0x00, 0x00, 0x00, 0x00, 0x00, 0x00, 0xFF, 0x00, 0x00, 0x00, 0x00, 0x00, 0x00,
    0x00, 0x00, 0x7C, 0x00, 0x00, 0x00, 0x00, 0x00, 0x00, 0x00, 0x00, 0x3C, 0x00, 0x00, 0x00, 0x00, 0x00, 0x00, 0x00,
    0x00, 0xFF, 0x00, 0x00, 0x00, 0x00, 0x00, 0x00, 0x00, 0x01, 0xFF, 0x80, 0x00, 0x00, 0x00, 0x00, 0x00, 0x00, 0x03,
    0xFF, 0x80, 0x00, 0x00, 0x00, 0x00, 0x00, 0x00, 0x03, 0xFF, 0xC0, 0x00, 0x00, 0x00, 0x00, 0x00, 0x00, 0x03, 0xFF,
    0xC0, 0x00, 0x00, 0x00, 0x00, 0x00, 0x00, 0x03, 0xFF, 0xC0, 0x00, 0x00, 0x00, 0x00, 0x00, 0x00, 0x03, 0xFF, 0xC0,
    0x00, 0x00, 0x00, 0x00, 0x00, 0x00, 0x03, 0xFF, 0x80, 0x00, 0x00, 0x00, 0x00, 0x00, 0x00, 0x01, 0xFF, 0x80, 0x00,
    0x00, 0x00, 0x00, 0x00, 0x00, 0x00, 0xFF, 0x00, 0x00, 0x00, 0x00, 0x00, 0x00, 0x00, 0x00, 0x7C, 0x00, 0x00, 0x00,
    0x00, 0x00, 0x00, 0x00, 0x00, 0x3C, 0x00, 0x00, 0x00, 0x00, 0x00, 0x00, 0x00, 0x00, 0xFF, 0x00, 0x00, 0x00, 0x00,
    0x00, 0x00, 0x00, 0x01, 0xFF, 0x80, 0x00, 0x00, 0x00, 0x00, 0x00, 0x00, 0x03, 0xFF, 0x80, 0x00, 0x00, 0x00, 0x00,
    0x00, 0x00, 0x03, 0xFF, 0xC0, 0x00, 0x00, 0x00, 0x00, 0x00, 0x00, 0x03, 0xFF, 0xC0, 0x00, 0x00, 0x00, 0x00, 0x00,
    0x00, 0x03, 0xFF, 0xC0, 0x00, 0x00, 0x00, 0x00, 0x00, 0x00, 0x03, 0xFF, 0xC0, 0x00, 0x00, 0x00, 0x00, 0x00, 0x00,
    0x03, 0xFF, 0x80, 0x00, 0x00, 0x00, 0x00, 0x00, 0x00, 0x01, 0xFF, 0x80, 0x00, 0x00, 0x00, 0x00, 0x00, 0x00, 0x00,
    0xFF, 0x00, 0x00, 0x00, 0x00, 0x00, 0x00, 0x00, 0x00, 0x7C, 0x00, 0x00, 0x00, 0x00, 0x00, 0x00, 0x00, 0x00, 0x3C,
    0x03, 0xC0, 0x3C, 0x03, 0xC0, 0x3C, 0x00, 0x00, 0xFF, 0x0F, 0xF0, 0xFF, 0x0F, 0xF0, 0xFF, 0x00, 0x01, 0xFF, 0x9F,
    0xF9, 0xFF, 0x9F, 0xF9, 0xFF, 0x80, 0x03, 0xFF, 0xBF, 0xFB, 0xFF, 0xBF, 0xFB, 0xFF, 0x80, 0x03, 0xFF, 0xFF, 0xFF,
    0xFF, 0xFF, 0xFF, 0xFF, 0xC0, 0x03, 0xFF, 0xFF, 0xFF, 0xFF, 0xFF, 0xFF, 0xFF, 0xC0, 0x03, 0xFF, 0xFF, 0xFF, 0xFF,
    0xFF, 0xFF, 0xFF, 0xC0, 0x03, 0xFF, 0xFF, 0xFF, 0xFF, 0xFF, 0xFF, 0xFF, 0xC0, 0x03, 0xFF, 0xBF, 0xFB, 0xFF, 0xBF,
    0xFB, 0xFF, 0x80, 0x01, 0xFF, 0x9F, 0xF9, 0xFF, 0x9F, 0xF9, 0xFF, 0x80, 0x00, 0xFF, 0x0F, 0xF0, 0xFF, 0x0F, 0xF0,
    0xFF, 0x00, 0x00, 0x7C, 0x07, 0xC0, 0x7C, 0x07, 0xC0, 0x7C, 0x00, 0x00, 0x3C, 0x00, 0x00, 0x00, 0x00, 0x00, 0x3C,
    0x00, 0x00, 0xFF, 0x00, 0x00, 0x00, 0x00, 0x00, 0xFF, 0x00, 0x01, 0xFF, 0x80, 0x00, 0x00, 0x00, 0x01, 0xFF, 0x80,
    0x03, 0xFF, 0x80, 0x00, 0x00, 0x00, 0x03, 0xFF, 0x80, 0x03, 0xFF, 0xC0, 0x00, 0x00, 0x00, 0x03, 0xFF, 0xC0, 0x03,
    0xFF, 0xC0, 0x00, 0x00, 0x00, 0x03, 0xFF, 0xC0, 0x03, 0xFF, 0xC0, 0x00, 0x00, 0x00, 0x03, 0xFF, 0xC0, 0x03, 0xFF,
    0xC0, 0x00, 0x00, 0x00, 0x03, 0xFF, 0xC0, 0x03, 0xFF, 0x80, 0x00, 0x00, 0x00, 0x03, 0xFF, 0x80, 0x01, 0xFF, 0x80,
    0x00, 0x00, 0x00, 0x01, 0xFF, 0x80, 0x00, 0xFF, 0x00, 0x00, 0x00, 0x00, 0x00, 0xFF, 0x00, 0x00, 0x7C, 0x00, 0x00,
    0x00, 0x00, 0x00, 0x7C, 0x00, 0x00, 0x3C, 0x03, 0xC0, 0x00, 0x03, 0xC0, 0x3C, 0x00, 0x00, 0xFF, 0x0F, 0xF0, 0x00,
    0x0F, 0xF0, 0xFF, 0x00, 0x01, 0xFF, 0x9F, 0xF8, 0x00, 0x1F, 0xF9, 0xFF, 0x80, 0x03, 0xFF, 0xBF, 0xF8, 0x00, 0x3F,
    0xFB, 0xFF, 0x80, 0x03, 0xFF, 0xFF, 0xFC, 0x00, 0x3F, 0xFF, 0xFF, 0xC0, 0x03, 0xFF, 0xFF, 0xFC, 0x00, 0x3F, 0xFF,
    0xFF, 0xC0, 0x03, 0xFF, 0xFF, 0xFC, 0x00, 0x3F, 0xFF, 0xFF, 0xC0, 0x03, 0xFF, 0xFF, 0xFC, 0x00, 0x3F, 0xFF, 0xFF,
    0xC0, 0x03, 0xFF, 0xBF, 0xF8, 0x00, 0x3F, 0xFB, 0xFF, 0x80, 0x01, 0xFF, 0x9F, 0xF8, 0x00, 0x1F, 0xF9, 0xFF, 0x80,
    0x00, 0xFF, 0x0F, 0xF0, 0x00, 0x0F, 0xF0, 0xFF, 0x00, 0x00, 0x7C, 0x07, 0xC0, 0x00, 0x07, 0xC0, 0x7C, 0x00, 0x00,
    0x3C, 0x00, 0x00, 0x3C, 0x00, 0x00, 0x3C, 0x00, 0x00, 0xFF, 0x00, 0x00, 0xFF, 0x00, 0x00, 0xFF, 0x00, 0x01, 0xFF,
    0x80, 0x01, 0xFF, 0x80, 0x01, 0xFF, 0x80, 0x03, 0xFF, 0x80, 0x03, 0xFF, 0x80, 0x03, 0xFF, 0x80, 0x03, 0xFF, 0xC0,
    0x03, 0xFF, 0xC0, 0x03, 0xFF, 0xC0, 0x03, 0xFF, 0xC0, 0x03, 0xFF, 0xC0, 0x03, 0xFF, 0xC0, 0x03, 0xFF, 0xC0, 0x03,
    0xFF, 0xC0, 0x03, 0xFF, 0xC0, 0x03, 0xFF, 0xC0, 0x03, 0xFF, 0xC0, 0x03, 0xFF, 0xC0, 0x03, 0xFF, 0x80, 0x03, 0xFF,
    0x80, 0x03, 0xFF, 0x80, 0x01, 0xFF, 0x80, 0x01, 0xFF, 0x80, 0x01, 0xFF, 0x80, 0x00, 0xFF, 0x00, 0x00, 0xFF, 0x00,
    0x00, 0xFF, 0x00, 0x00, 0x7C, 0x00, 0x00, 0x7C, 0x00, 0x00, 0x7C, 0x00, 0x00, 0x3C, 0x00, 0x00, 0x3C, 0x00, 0x00,
    0x3C, 0x00, 0x00, 0xFF, 0x00, 0x00, 0xFF, 0x00, 0x00, 0xFF, 0x00, 0x01, 0xFF, 0x80, 0x01, 0xFF, 0x80, 0x01, 0xFF,
    0x80, 0x03, 0xFF, 0x80, 0x03, 0xFF, 0x80, 0x03, 0xFF, 0x80, 0x03, 0xFF, 0xC0, 0x03, 0xFF, 0xC0, 0x03, 0xFF, 0xC0,
    0x03, 0xFF, 0xC0, 0x03, 0xFF, 0xC0, 0x03, 0xFF, 0xC0, 0x03, 0xFF, 0xC0, 0x03, 0xFF, 0xC0, 0x03, 0xFF, 0xC0, 0x03,
    0xFF, 0xC0, 0x03, 0xFF, 0xC0, 0x03, 0xFF, 0xC0, 0x03, 0xFF, 0x80, 0x03, 0xFF, 0x80, 0x03, 0xFF, 0x80, 0x01, 0xFF,
    0x80, 0x01, 0xFF, 0x80, 0x01, 0xFF, 0x80, 0x00, 0xFF, 0x00, 0x00, 0xFF, 0x00, 0x00, 0xFF, 0x00, 0x00, 0x7C, 0x00,
    0x00, 0x7C, 0x00, 0x00, 0x7C, 0x00, 0x00, 0x3C, 0x00, 0x00, 0x00, 0x00, 0x00, 0x3C, 0x00, 0x00, 0xFF, 0x00, 0x00,
    0x00, 0x00, 0x00, 0xFF, 0x00, 0x01, 0xFF, 0x80, 0x00, 0x00, 0x00, 0x01, 0xFF, 0x80, 0x03, 0xFF, 0x80, 0x00, 0x00,
    0x00, 0x03, 0xFF, 0x80, 0x03, 0xFF, 0xC0, 0x00, 0x00, 0x00, 0x03, 0xFF, 0xC0, 0x03, 0xFF, 0xC0, 0x00, 0x00, 0x00,
    0x03, 0xFF, 0xC0, 0x03, 0xFF, 0xC0, 0x00, 0x00, 0x00, 0x03, 0xFF, 0xC0, 0x03, 0xFF, 0xC0, 0x00, 0x00, 0x00, 0x03,
    0xFF, 0xC0, 0x03, 0xFF, 0x80, 0x00, 0x00, 0x00, 0x03, 0xFF, 0x80, 0x01, 0xFF, 0x80, 0x00, 0x00, 0x00, 0x01, 0xFF,
    0x80, 0x00, 0xFF, 0x00, 0x00, 0x00, 0x00, 0x00, 0xFF, 0x00, 0x00, 0x7C, 0x00, 0x00, 0x00, 0x00, 0x00, 0x7C, 0x00,
    0x00, 0x3C, 0x00, 0x00, 0x00, 0x00, 0x00, 0x3C, 0x00, 0x00, 0xFF, 0x00, 0x00, 0x00, 0x00, 0x00, 0xFF, 0x00, 0x01,
    0xFF, 0x80, 0x00, 0x00, 0x00, 0x01, 0xFF, 0x80, 0x03, 0xFF, 0x80, 0x00, 0x00, 0x00, 0x03, 0xFF, 0x80, 0x03, 0xFF,
    0xC0, 0x00, 0x00, 0x00, 0x03, 0xFF, 0xC0, 0x03, 0xFF, 0xC0, 0x00, 0x00, 0x00, 0x03, 0xFF, 0xC0, 0x03, 0xFF, 0xC0,
    0x00, 0x00, 0x00, 0x03, 0xFF, 0xC0, 0x03, 0xFF, 0xC0, 0x00, 0x00, 0x00, 0x03, 0xFF, 0xC0, 0x03, 0xFF, 0x80, 0x00,
    0x00, 0x00, 0x03, 0xFF, 0x80, 0x01, 0xFF, 0x80, 0x00, 0x00, 0x00, 0x01, 0xFF, 0x80, 0x00, 0xFF, 0x00, 0x00, 0x00,
    0x00, 0x00, 0xFF, 0x00, 0x00, 0x7C, 0x00, 0x00, 0x00, 0x00, 0x00, 0x7C, 0x00, 0x00, 0x3C, 0x00, 0x00, 0x00, 0x00,
    0x00, 0x3C, 0x00, 0x00, 0xFF, 0x00, 0x00, 0x00, 0x00, 0x00, 0xFF, 0x00, 0x01, 0xFF, 0x80, 0x00, 0x00, 0x00, 0x01,
    0xFF, 0x80, 0x03, 0xFF, 0x80, 0x00, 0x00, 0x00, 0x03, 0xFF, 0x80, 0x03, 0xFF, 0xC0, 0x00, 0x00, 0x00, 0x03, 0xFF,
    0xC0, 0x03, 0xFF, 0xC0, 0x00, 0x00, 0x00, 0x03, 0xFF, 0xC0, 0x03, 0xFF, 0xC0, 0x00, 0x00, 0x00, 0x03, 0xFF, 0xC0,
    0x03, 0xFF, 0xC0, 0x00, 0x00, 0x00, 0x03, 0xFF, 0xC0, 0x03, 0xFF, 0x80, 0x00, 0x00, 0x00, 0x03, 0xFF, 0x80, 0x01,
    0xFF, 0x80, 0x00, 0x00, 0x00, 0x01, 0xFF, 0x80, 0x00, 0xFF, 0x00, 0x00, 0x00, 0x00, 0x00, 0xFF, 0x00, 0x00, 0x7C,
    0x00, 0x00, 0x00, 0x00, 0x00, 0x7C, 0x00, 0x00, 0x3C, 0x00, 0x00, 0x00, 0x00, 0x00, 0x3C, 0x00, 0x00, 0xFF, 0x00,
    0x00, 0x00, 0x00, 0x00, 0xFF, 0x00, 0x01, 0xFF, 0x80, 0x00, 0x00, 0x00, 0x01, 0xFF, 0x80, 0x03, 0xFF, 0x80, 0x00,
    0x00, 0x00, 0x03, 0xFF, 0x80, 0x03, 0xFF, 0xC0, 0x00, 0x00, 0x00, 0x03, 0xFF, 0xC0, 0x03, 0xFF, 0xC0, 0x00, 0x00,
    0x00, 0x03, 0xFF, 0xC0, 0x03, 0xFF, 0xC0, 0x00, 0x00, 0x00, 0x03, 0xFF, 0xC0, 0x03, 0xFF, 0xC0, 0x00, 0x00, 0x00,
    0x03, 0xFF, 0xC0, 0x03, 0xFF, 0x80, 0x00, 0x00, 0x00, 0x03, 0xFF, 0x80, 0x01, 0xFF, 0x80, 0x00, 0x00, 0x00, 0x01,
    0xFF, 0x80, 0x00, 0xFF, 0x00, 0x00, 0x00, 0x00, 0x00, 0xFF, 0x00, 0x00, 0x7C, 0x00, 0x00, 0x00, 0x00, 0x00, 0x7C,
    0x00, 0x00, 0x3C, 0x00, 0x00, 0x00, 0x00, 0x00, 0x3C, 0x00, 0x00, 0xFF, 0x00, 0x00, 0x00, 0x00, 0x00, 0xFF, 0x00,
    0x01, 0xFF, 0x80, 0x00, 0x00, 0x00, 0x01, 0xFF, 0x80, 0x03, 0xFF, 0x80, 0x00, 0x00, 0x00, 0x03, 0xFF, 0x80, 0x03,
    0xFF, 0xC0, 0x00, 0x00, 0x00, 0x03, 0xFF, 0xC0, 0x03, 0xFF, 0xC0, 0x00, 0x00, 0x00, 0x03, 0xFF, 0xC0, 0x03, 0xFF,
    0xC0, 0x00, 0x00, 0x00, 0x03, 0xFF, 0xC0, 0x03, 0xFF, 0xC0, 0x00, 0x00, 0x00, 0x03, 0xFF, 0xC0, 0x03, 0xFF, 0x80,
    0x00, 0x00, 0x00, 0x03, 0xFF, 0x80, 0x01, 0xFF, 0x80, 0x00, 0x00, 0x00, 0x01, 0xFF, 0x80, 0x00, 0xFF, 0x00, 0x00,
    0x00, 0x00, 0x00, 0xFF, 0x00, 0x00, 0x7C, 0x00, 0x00, 0x00, 0x00, 0x00, 0x7C, 0x00, 0x00, 0x3C, 0x03, 0xC0, 0x00,
    0x00, 0x00, 0x3C, 0x00, 0x00, 0xFF, 0x0F, 0xF0, 0x00, 0x00, 0x00, 0xFF, 0x00, 0x01, 0xFF, 0x9F, 0xF8, 0x00, 0x00,
    0x01, 0xFF, 0x80, 0x03, 0xFF, 0xBF, 0xF8, 0x00, 0x00, 0x03, 0xFF, 0x80, 0x03, 0xFF, 0xFF, 0xFC, 0x00, 0x00, 0x03,
    0xFF, 0xC0, 0x03, 0xFF, 0xFF, 0xFC, 0x00, 0x00, 0x03, 0xFF, 0xC0, 0x03, 0xFF, 0xFF, 0xFC, 0x00, 0x00, 0x03, 0xFF,
    0xC0, 0x03, 0xFF, 0xFF, 0xFC, 0x00, 0x00, 0x03, 0xFF, 0xC0, 0x03, 0xFF, 0xBF, 0xF8, 0x00, 0x00, 0x03, 0xFF, 0x80,
    0x01, 0xFF, 0x9F, 0xF8, 0x00, 0x00, 0x01, 0xFF, 0x80, 0x00, 0xFF, 0x0F, 0xF0, 0x00, 0x00, 0x00, 0xFF, 0x00, 0x00,
    0x7C, 0x07, 0xC0, 0x00, 0x00, 0x00, 0x7C, 0x00, 0x00, 0x3C, 0x00, 0x00, 0x3C, 0x00, 0x00, 0x3C, 0x00, 0x00, 0xFF,
    0x00, 0x00, 0xFF, 0x00, 0x00, 0xFF, 0x00, 0x01, 0xFF, 0x80, 0x01, 0xFF, 0x80, 0x01, 0xFF, 0x80, 0x03, 0xFF, 0x80,
    0x03, 0xFF, 0x80, 0x03, 0xFF, 0x80, 0x03, 0xFF, 0xC0, 0x03, 0xFF, 0xC0, 0x03, 0xFF, 0xC0, 0x03, 0xFF, 0xC0, 0x03,
    0xFF, 0xC0, 0x03, 0xFF, 0xC0, 0x03, 0xFF, 0xC0, 0x03, 0xFF, 0xC0, 0x03, 0xFF, 0xC0, 0x03, 0xFF, 0xC0, 0x03, 0xFF,
    0xC0, 0x03, 0xFF, 0xC0, 0x03, 0xFF, 0x80, 0x03, 0xFF, 0x80, 0x03, 0xFF, 0x80, 0x01, 0xFF, 0x80, 0x01, 0xFF, 0x80,
    0x01, 0xFF, 0x80, 0x00, 0xFF, 0x00, 0x00, 0xFF, 0x00, 0x00, 0xFF, 0x00, 0x00, 0x7C, 0x00, 0x00, 0x7C, 0x00, 0x00,
    0x7C, 0x00, 0x00, 0x3C, 0x00, 0x00, 0x00, 0x03, 0xC0, 0x3C, 0x00, 0x00, 0xFF, 0x00, 0x00, 0x00, 0x0F, 0xF0, 0xFF,
    0x00, 0x01, 0xFF, 0x80, 0x00, 0x00, 0x1F, 0xF9, 0xFF, 0x80, 0x03, 0xFF, 0x80, 0x00, 0x00, 0x3F, 0xFB, 0xFF, 0x80,
    0x03, 0xFF, 0xC0, 0x00, 0x00, 0x3F, 0xFF, 0xFF, 0xC0, 0x03, 0xFF, 0xC0, 0x00, 0x00, 0x3F, 0xFF, 0xFF, 0xC0, 0x03,
    0xFF, 0xC0, 0x00, 0x00, 0x3F, 0xFF, 0xFF, 0xC0, 0x03, 0xFF, 0xC0, 0x00, 0x00, 0x3F, 0xFF, 0xFF, 0xC0, 0x03, 0xFF,
    0x80, 0x00, 0x00, 0x3F, 0xFB, 0xFF, 0x80, 0x01, 0xFF, 0x80, 0x00, 0x00, 0x1F, 0xF9, 0xFF, 0x80, 0x00, 0xFF, 0x00,
    0x00, 0x00, 0x0F, 0xF0, 0xFF, 0x00, 0x00, 0x7C, 0x00, 0x00, 0x00, 0x07, 0xC0, 0x7C, 0x00, 0x00, 0x3C, 0x00, 0x00,
    0x00, 0x00, 0x00, 0x3C, 0x00, 0x00, 0xFF, 0x00, 0x00, 0x00, 0x00, 0x00, 0xFF, 0x00, 0x01, 0xFF, 0x80, 0x00, 0x00,
    0x00, 0x01, 0xFF, 0x80, 0x03, 0xFF, 0x80, 0x00, 0x00, 0x00, 0x03, 0xFF, 0x80, 0x03, 0xFF, 0xC0, 0x00, 0x00, 0x00,
    0x03, 0xFF, 0xC0, 0x03, 0xFF, 0xC0, 0x00, 0x00, 0x00, 0x03, 0xFF, 0xC0, 0x03, 0xFF, 0xC0, 0x00, 0x00, 0x00, 0x03,
    0xFF, 0xC0, 0x03, 0xFF, 0xC0, 0x00, 0x00, 0x00, 0x03, 0xFF, 0xC0, 0x03, 0xFF, 0x80, 0x00, 0x00, 0x00, 0x03, 0xFF,
    0x80, 0x01, 0xFF, 0x80, 0x00, 0x00, 0x00, 0x01, 0xFF, 0x80, 0x00, 0xFF, 0x00, 0x00, 0x00, 0x00, 0x00, 0xFF, 0x00,
    0x00, 0x7C, 0x00, 0x00, 0x00, 0x00, 0x00, 0x7C, 0x00, 0x00, 0x3C, 0x00, 0x00, 0x00, 0x00, 0x00, 0x3C, 0x00, 0x00,
    0xFF, 0x00, 0x00, 0x00, 0x00, 0x00, 0xFF, 0x00, 0x01, 0xFF, 0x80, 0x00, 0x00, 0x00, 0x01, 0xFF, 0x80, 0x03, 0xFF,
    0x80, 0x00, 0x00, 0x00, 0x03, 0xFF, 0x80, 0x03, 0xFF, 0xC0, 0x00, 0x00, 0x00, 0x03, 0xFF, 0xC0, 0x03, 0xFF, 0xC0,
    0x00, 0x00, 0x00, 0x03, 0xFF, 0xC0, 0x03, 0xFF, 0xC0, 0x00, 0x00, 0x00, 0x03, 0xFF, 0xC0, 0x03, 0xFF, 0xC0, 0x00,
    0x00, 0x00, 0x03, 0xFF, 0xC0, 0x03, 0xFF, 0x80, 0x00, 0x00, 0x00, 0x03, 0xFF, 0x80, 0x01, 0xFF, 0x80, 0x00, 0x00,
    0x00, 0x01, 0xFF, 0x80, 0x00, 0xFF, 0x00, 0x00, 0x00, 0x00, 0x00, 0xFF, 0x00, 0x00, 0x7C, 0x00, 0x00, 0x00, 0x00,
    0x00, 0x7C, 0x00, 0x00, 0x00, 0x03, 0xC0, 0x3C, 0x03, 0xC0, 0x00, 0x00, 0x00, 0x00, 0x0F, 0xF0, 0xFF, 0x0F, 0xF0,
    0x00, 0x00, 0x00, 0x00, 0x1F, 0xF9, 0xFF, 0x9F, 0xF8, 0x00, 0x00, 0x00, 0x00, 0x3F, 0xFB, 0xFF, 0xBF, 0xF8, 0x00,
    0x00, 0x00, 0x00, 0x3F, 0xFF, 0xFF, 0xFF, 0xFC, 0x00, 0x00, 0x00, 0x00, 0x3F, 0xFF, 0xFF, 0xFF, 0xFC, 0x00, 0x00,
    0x00, 0x00, 0x3F, 0xFF, 0xFF, 0xFF, 0xFC, 0x00, 0x00, 0x00, 0x00, 0x3F, 0xFF, 0xFF, 0xFF, 0xFC, 0x00, 0x00, 0x00,
    0x00, 0x3F, 0xFB, 0xFF, 0xBF, 0xF8, 0x00, 0x00, 0x00, 0x00, 0x1F, 0xF9, 0xFF, 0x9F, 0xF8, 0x00, 0x00, 0x00, 0x00,
    0x0F, 0xF0, 0xFF, 0x0F, 0xF0, 0x00, 0x00, 0x00, 0x00, 0x07, 0xC0, 0x7C, 0x07, 0xC0, 0x00, 0x00, 0x00, 0x3C, 0x00,
    0x00, 0x00, 0x00, 0x00, 0x3C, 0x00, 0x00, 0xFF, 0x00, 0x00, 0x00, 0x00, 0x00, 0xFF, 0x00, 0x01, 0xFF, 0x80, 0x00,
    0x00, 0x00, 0x01, 0xFF, 0x80, 0x03, 0xFF, 0x80, 0x00, 0x00, 0x00, 0x03, 0xFF, 0x80, 0x03, 0xFF, 0xC0, 0x00, 0x00,
    0x00, 0x03, 0xFF, 0xC0, 0x03, 0xFF, 0xC0, 0x00, 0x00, 0x00, 0x03, 0xFF, 0xC0, 0x03, 0xFF, 0xC0, 0x00, 0x00, 0x00,
    0x03, 0xFF, 0xC0, 0x03, 0xFF, 0xC0, 0x00, 0x00, 0x00, 0x03, 0xFF, 0xC0, 0x03, 0xFF, 0x80, 0x00, 0x00, 0x00, 0x03,
    0xFF, 0x80, 0x01, 0xFF, 0x80, 0x00, 0x00, 0x00, 0x01, 0xFF, 0x80, 0x00, 0xFF, 0x00, 0x00, 0x00, 0x00, 0x00, 0xFF,
    0x00, 0x00, 0x7C, 0x00, 0x00, 0x00, 0x00, 0x00, 0x7C, 0x00, 0x00, 0x3C, 0x00, 0x00, 0x00, 0x00, 0x00, 0x3C, 0x00,
    0x00, 0xFF, 0x00, 0x00, 0x00, 0x00, 0x00, 0xFF, 0x00, 0x01, 0xFF, 0x80, 0x00, 0x00, 0x00, 0x01, 0xFF, 0x80, 0x03,
    0xFF, 0x80, 0x00, 0x00, 0x00, 0x03, 0xFF, 0x80, 0x03, 0xFF, 0xC0, 0x00, 0x00, 0x00, 0x03, 0xFF, 0xC0, 0x03, 0xFF,
    0xC0, 0x00, 0x00, 0x00, 0x03, 0xFF, 0xC0, 0x03, 0xFF, 0xC0, 0x00, 0x00, 0x00, 0x03, 0xFF, 0xC0, 0x03, 0xFF, 0xC0,
    0x00, 0x00, 0x00, 0x03, 0xFF, 0xC0, 0x03, 0xFF, 0x80, 0x00, 0x00, 0x00, 0x03, 0xFF, 0x80, 0x01, 0xFF, 0x80, 0x00,
    0x00, 0x00, 0x01, 0xFF, 0x80, 0x00, 0xFF, 0x00, 0x00, 0x00, 0x00, 0x00, 0xFF, 0x00, 0x00, 0x7C, 0x00, 0x00, 0x00,
    0x00, 0x00, 0x7C, 0x00, 0x00, 0x3C, 0x00, 0x00, 0x00, 0x00, 0x00, 0x3C, 0x00, 0x00, 0xFF, 0x00, 0x00, 0x00, 0x00,
    0x00, 0xFF, 0x00, 0x01, 0xFF, 0x80, 0x00, 0x00, 0x00, 0x01, 0xFF, 0x80, 0x03, 0xFF, 0x80, 0x00, 0x00, 0x00, 0x03,
    0xFF, 0x80, 0x03, 0xFF, 0xC0, 0x00, 0x00, 0x00, 0x03, 0xFF, 0xC0, 0x03, 0xFF, 0xC0, 0x00, 0x00, 0x00, 0x03, 0xFF,
    0xC0, 0x03, 0xFF, 0xC0, 0x00, 0x00, 0x00, 0x03, 0xFF, 0xC0, 0x03, 0xFF, 0xC0, 0x00, 0x00, 0x00, 0x03, 0xFF, 0xC0,
    0x03, 0xFF, 0x80, 0x00, 0x00, 0x00, 0x03, 0xFF, 0x80, 0x01, 0xFF, 0x80, 0x00, 0x00, 0x00, 0x01, 0xFF, 0x80, 0x00,
    0xFF, 0x00, 0x00, 0x00, 0x00, 0x00, 0xFF, 0x00, 0x00, 0x7C, 0x00, 0x00, 0x00, 0x00, 0x00, 0x7C, 0x00, 0x00, 0x3C,
    0x00, 0x00, 0x00, 0x00, 0x00, 0x3C, 0x00, 0x00, 0xFF, 0x00, 0x00, 0x00, 0x00, 0x00, 0xFF, 0x00, 0x01, 0xFF, 0x80,
    0x00, 0x00, 0x00, 0x01, 0xFF, 0x80, 0x03, 0xFF, 0x80, 0x00, 0x00, 0x00, 0x03, 0xFF, 0x80, 0x03, 0xFF, 0xC0, 0x00,
    0x00, 0x00, 0x03, 0xFF, 0xC0, 0x03, 0xFF, 0xC0, 0x00, 0x00, 0x00, 0x03, 0xFF, 0xC0, 0x03, 0xFF, 0xC0, 0x00, 0x00,
    0x00, 0x03, 0xFF, 0xC0, 0x03, 0xFF, 0xC0, 0x00, 0x00, 0x00, 0x03, 0xFF, 0xC0, 0x03, 0xFF, 0x80, 0x00, 0x00, 0x00,
    0x03, 0xFF, 0x80, 0x01, 0xFF, 0x80, 0x00, 0x00, 0x00, 0x01, 0xFF, 0x80, 0x00, 0xFF, 0x00, 0x00, 0x00, 0x00, 0x00,
    0xFF, 0x00, 0x00, 0x7C, 0x00, 0x00, 0x00, 0x00, 0x00, 0x7C, 0x00, 0x00, 0x3C, 0x00, 0x00, 0x00, 0x00, 0x00, 0x3C,
    0x00, 0x00, 0xFF, 0x00, 0x00, 0x00, 0x00, 0x00, 0xFF, 0x00, 0x01, 0xFF, 0x80, 0x00, 0x00, 0x00, 0x01, 0xFF, 0x80,
    0x03, 0xFF, 0x80, 0x00, 0x00, 0x00, 0x03, 0xFF, 0x80, 0x03, 0xFF, 0xC0, 0x00, 0x00, 0x00, 0x03, 0xFF, 0xC0, 0x03,
    0xFF, 0xC0, 0x00, 0x00, 0x00, 0x03, 0xFF, 0xC0, 0x03, 0xFF, 0xC0, 0x00, 0x00, 0x00, 0x03, 0xFF, 0xC0, 0x03, 0xFF,
    0xC0, 0x00, 0x00, 0x00, 0x03, 0xFF, 0xC0, 0x03, 0xFF, 0x80, 0x00, 0x00, 0x00, 0x03, 0xFF, 0x80, 0x01, 0xFF, 0x80,
    0x00, 0x00, 0x00, 0x01, 0xFF, 0x80, 0x00, 0xFF, 0x00, 0x00, 0x00, 0x00, 0x00, 0xFF, 0x00, 0x00, 0x7C, 0x00, 0x00,
    0x00, 0x00, 0x00, 0x7C, 0x00, 0x00, 0x00, 0x03, 0xC0, 0x3C, 0x03, 0xC0, 0x00, 0x00, 0x00, 0x00, 0x0F, 0xF0, 0xFF,
    0x0F, 0xF0, 0x00, 0x00, 0x00, 0x00, 0x1F, 0xF9, 0xFF, 0x9F, 0xF8, 0x00, 0x00, 0x00, 0x00, 0x3F, 0xFB, 0xFF, 0xBF,
    0xF8, 0x00, 0x00, 0x00, 0x00, 0x3F, 0xFF, 0xFF, 0xFF, 0xFC, 0x00, 0x00, 0x00, 0x00, 0x3F, 0xFF, 0xFF, 0xFF, 0xFC,
    0x00, 0x00, 0x00, 0x00, 0x3F, 0xFF, 0xFF, 0xFF, 0xFC, 0x00, 0x00, 0x00, 0x00, 0x3F, 0xFF, 0xFF, 0xFF, 0xFC, 0x00,
    0x00, 0x00, 0x00, 0x3F, 0xFB, 0xFF, 0xBF, 0xF8, 0x00, 0x00, 0x00, 0x00, 0x1F, 0xF9, 0xFF, 0x9F, 0xF8, 0x00, 0x00,
    0x00, 0x00, 0x0F, 0xF0, 0xFF, 0x0F, 0xF0, 0x00, 0x00, 0x00, 0x00, 0x07, 0xC0, 0x7C, 0x07, 0xC0, 0x00, 0x00, 0x00,
    0x3C, 0x03, 0xC0, 0x3C, 0x03, 0xC0, 0x00, 0x00, 0x00, 0xFF, 0x0F, 0xF0, 0xFF, 0x0F, 0xF0, 0x00, 0x00, 0x01, 0xFF,
    0x9F, 0xF9, 0xFF, 0x9F, 0xF8, 0x00, 0x00, 0x03, 0xFF, 0xBF, 0xFB, 0xFF, 0xBF, 0xF8, 0x00, 0x00, 0x03, 0xFF, 0xFF,
    0xFF, 0xFF, 0xFF, 0xFC, 0x00, 0x00, 0x03, 0xFF, 0xFF, 0xFF, 0xFF, 0xFF, 0xFC, 0x00, 0x00, 0x03, 0xFF, 0xFF, 0xFF,
    0xFF, 0xFF, 0xFC, 0x00, 0x00, 0x03, 0xFF, 0xFF, 0xFF, 0xFF, 0xFF, 0xFC, 0x00, 0x00, 0x03, 0xFF, 0xBF, 0xFB, 0xFF,
    0xBF, 0xF8, 0x00, 0x00, 0x01, 0xFF, 0x9F, 0xF9, 0xFF, 0x9F, 0xF8, 0x00, 0x00, 0x00, 0xFF, 0x0F, 0xF0, 0xFF, 0x0F,
    0xF0, 0x00, 0x00, 0x00, 0x7C, 0x07, 0xC0, 0x7C, 0x07, 0xC0, 0x00, 0x00, 0x00, 0x3C, 0x00, 0x00, 0x00, 0x00, 0x00,
    0x3C, 0x00, 0x00, 0xFF, 0x00, 0x00, 0x00, 0x00, 0x00, 0xFF, 0x00, 0x01, 0xFF, 0x80, 0x00, 0x00, 0x00, 0x01, 0xFF,
    0x80, 0x03, 0xFF, 0x80, 0x00, 0x00, 0x00, 0x03, 0xFF, 0x80, 0x03, 0xFF, 0xC0, 0x00, 0x00, 0x00, 0x03, 0xFF, 0xC0,
    0x03, 0xFF, 0xC0, 0x00, 0x00, 0x00, 0x03, 0xFF, 0xC0, 0x03, 0xFF, 0xC0, 0x00, 0x00, 0x00, 0x03, 0xFF, 0xC0, 0x03,
    0xFF, 0xC0, 0x00, 0x00, 0x00, 0x03, 0xFF, 0xC0, 0x03, 0xFF, 0x80, 0x00, 0x00, 0x00, 0x03, 0xFF, 0x80, 0x01, 0xFF,
    0x80, 0x00, 0x00, 0x00, 0x01, 0xFF, 0x80, 0x00, 0xFF, 0x00, 0x00, 0x00, 0x00, 0x00, 0xFF, 0x00, 0x00, 0x7C, 0x00,
    0x00, 0x00, 0x00, 0x00, 0x7C, 0x00, 0x00, 0x3C, 0x00, 0x00, 0x00, 0x00, 0x00, 0x3C, 0x00, 0x00, 0xFF, 0x00, 0x00,
    0x00, 0x00, 0x00, 0xFF, 0x00, 0x01, 0xFF, 0x80, 0x00, 0x00, 0x00, 0x01, 0xFF, 0x80, 0x03, 0xFF, 0x80, 0x00, 0x00,
    0x00, 0x03, 0xFF, 0x80, 0x03, 0xFF, 0xC0, 0x00, 0x00, 0x00, 0x03, 0xFF, 0xC0, 0x03, 0xFF, 0xC0, 0x00, 0x00, 0x00,
    0x03, 0xFF, 0xC0, 0x03, 0xFF, 0xC0, 0x00, 0x00, 0x00, 0x03, 0xFF, 0xC0, 0x03, 0xFF, 0xC0, 0x00, 0x00, 0x00, 0x03,
    0xFF, 0xC0, 0x03, 0xFF, 0x80, 0x00, 0x00, 0x00, 0x03, 0xFF, 0x80, 0x01, 0xFF, 0x80, 0x00, 0x00, 0x00, 0x01, 0xFF,
    0x80, 0x00, 0xFF, 0x00, 0x00, 0x00, 0x00, 0x00, 0xFF, 0x00, 0x00, 0x7C, 0x00, 0x00, 0x00, 0x00, 0x00, 0x7C, 0x00,
    0x00, 0x3C, 0x03, 0xC0, 0x3C, 0x03, 0xC0, 0x00, 0x00, 0x00, 0xFF, 0x0F, 0xF0, 0xFF, 0x0F, 0xF0, 0x00, 0x00, 0x01,
    0xFF, 0x9F, 0xF9, 0xFF, 0x9F, 0xF8, 0x00, 0x00, 0x03, 0xFF, 0xBF, 0xFB, 0xFF, 0xBF, 0xF8, 0x00, 0x00, 0x03, 0xFF,
    0xFF, 0xFF, 0xFF, 0xFF, 0xFC, 0x00, 0x00, 0x03, 0xFF, 0xFF, 0xFF, 0xFF, 0xFF, 0xFC, 0x00, 0x00, 0x03, 0xFF, 0xFF,
    0xFF, 0xFF, 0xFF, 0xFC, 0x00, 0x00, 0x03, 0xFF, 0xFF, 0xFF, 0xFF, 0xFF, 0xFC, 0x00, 0x00, 0x03, 0xFF, 0xBF, 0xFB,
    0xFF, 0xBF, 0xF8, 0x00, 0x00, 0x01, 0xFF, 0x9F, 0xF9, 0xFF, 0x9F, 0xF8, 0x00, 0x00, 0x00, 0xFF, 0x0F, 0xF0, 0xFF,
    0x0F, 0xF0, 0x00, 0x00, 0x00, 0x7C, 0x07, 0xC0, 0x7C, 0x07, 0xC0, 0x00, 0x00, 0x00, 0x3C, 0x00, 0x00, 0x00, 0x00,
    0x00, 0x00, 0x00, 0x00, 0xFF, 0x00, 0x00, 0x00, 0x00, 0x00, 0x00, 0x00, 0x01, 0xFF, 0x80, 0x00, 0x00, 0x00, 0x00,
    0x00, 0x00, 0x03, 0xFF, 0x80, 0x00, 0x00, 0x00, 0x00, 0x00, 0x00, 0x03, 0xFF, 0xC0, 0x00, 0x00, 0x00, 0x00, 0x00,
    0x00, 0x03, 0xFF, 0xC0, 0x00, 0x00, 0x00, 0x00, 0x00, 0x00, 0x03, 0xFF, 0xC0, 0x00, 0x00, 0x00, 0x00, 0x00, 0x00,
    0x03, 0xFF, 0xC0, 0x00, 0x00, 0x00, 0x00, 0x00, 0x00, 0x03, 0xFF, 0x80, 0x00, 0x00, 0x00, 0x00, 0x00, 0x00, 0x01,
    0xFF, 0x80, 0x00, 0x00, 0x00, 0x00, 0x00, 0x00, 0x00, 0xFF, 0x00, 0x00, 0x00, 0x00, 0x00, 0x00, 0x00, 0x00, 0x7C,
    0x00, 0x00, 0x00, 0x00, 0x00, 0x00, 0x00, 0x00, 0x3C, 0x00, 0x00, 0x00, 0x00, 0x00, 0x00, 0x00, 0x00, 0xFF, 0x00,
    0x00, 0x00, 0x00, 0x00, 0x00, 0x00, 0x01, 0xFF, 0x80, 0x00, 0x00, 0x00, 0x00, 0x00, 0x00, 0x03, 0xFF, 0x80, 0x00,
    0x00, 0x00, 0x00, 0x00, 0x00, 0x03, 0xFF, 0xC0, 0x00, 0x00, 0x00, 0x00, 0x00, 0x00, 0x03, 0xFF, 0xC0, 0x00, 0x00,
    0x00, 0x00, 0x00, 0x00, 0x03, 0xFF, 0xC0, 0x00, 0x00, 0x00, 0x00, 0x00, 0x00, 0x03, 0xFF, 0xC0, 0x00, 0x00, 0x00,
    0x00, 0x00, 0x00, 0x03, 0xFF, 0x80, 0x00, 0x00, 0x00, 0x00, 0x00, 0x00, 0x01, 0xFF, 0x80, 0x00, 0x00, 0x00, 0x00,
    0x00, 0x00, 0x00, 0xFF, 0x00, 0x00, 0x00, 0x00, 0x00, 0x00, 0x00, 0x00, 0x7C, 0x00, 0x00, 0x00, 0x00, 0x00, 0x00,
    0x00, 0x00, 0x3C, 0x00, 0x00, 0x00, 0x00, 0x00, 0x00, 0x00, 0x00, 0xFF, 0x00, 0x00, 0x00, 0x00, 0x00, 0x00, 0x00,
    0x01, 0xFF, 0x80, 0x00, 0x00, 0x00, 0x00, 0x00, 0x00, 0x03, 0xFF, 0x80, 0x00, 0x00, 0x00, 0x00, 0x00, 0x00, 0x03,
    0xFF, 0xC0, 0x00, 0x00, 0x00, 0x00, 0x00, 0x00, 0x03, 0xFF, 0xC0, 0x00, 0x00, 0x00, 0x00, 0x00, 0x00, 0x03, 0xFF,
    0xC0, 0x00, 0x00, 0x00, 0x00, 0x00, 0x00, 0x03, 0xFF, 0xC0, 0x00, 0x00, 0x00, 0x00, 0x00, 0x00, 0x03, 0xFF, 0x80,
    0x00, 0x00, 0x00, 0x00, 0x00, 0x00, 0x01, 0xFF, 0x80, 0x00, 0x00, 0x00, 0x00, 0x00, 0x00, 0x00, 0xFF, 0x00, 0x00,
    0x00, 0x00, 0x00, 0x00, 0x00, 0x00, 0x7C, 0x00, 0x00, 0x00, 0x00, 0x00, 0x00, 0x00, 0x00, 0x00, 0x03, 0xC0, 0x3C,
    0x03, 0xC0, 0x00, 0x00, 0x00, 0x00, 0x0F, 0xF0, 0xFF, 0x0F, 0xF0, 0x00, 0x00, 0x00, 0x00, 0x1F, 0xF9, 0xFF, 0x9F,
    0xF8, 0x00, 0x00, 0x00, 0x00, 0x3F, 0xFB, 0xFF, 0xBF, 0xF8, 0x00, 0x00, 0x00, 0x00, 0x3F, 0xFF, 0xFF, 0xFF, 0xFC,
    0x00, 0x00, 0x00, 0x00, 0x3F, 0xFF, 0xFF, 0xFF, 0xFC, 0x00, 0x00, 0x00, 0x00, 0x3F, 0xFF, 0xFF, 0xFF, 0xFC, 0x00,
    0x00, 0x00, 0x00, 0x3F, 0xFF, 0xFF, 0xFF, 0xFC, 0x00, 0x00, 0x00, 0x00, 0x3F, 0xFB, 0xFF, 0xBF, 0xF8, 0x00, 0x00,
    0x00, 0x00, 0x1F, 0xF9, 0xFF, 0x9F, 0xF8, 0x00, 0x00, 0x00, 0x00, 0x0F, 0xF0, 0xFF, 0x0F, 0xF0, 0x00, 0x00, 0x00,
    0x00, 0x07, 0xC0, 0x7C, 0x07, 0xC0, 0x00, 0x00, 0x00, 0x3C, 0x00, 0x00, 0x00, 0x00, 0x00, 0x3C, 0x00, 0x00, 0xFF,
    0x00, 0x00, 0x00, 0x00, 0x00, 0xFF, 0x00, 0x01, 0xFF, 0x80, 0x00, 0x00, 0x00, 0x01, 0xFF, 0x80, 0x03, 0xFF, 0x80,
    0x00, 0x00, 0x00, 0x03, 0xFF, 0x80, 0x03, 0xFF, 0xC0, 0x00, 0x00, 0x00, 0x03, 0xFF, 0xC0, 0x03, 0xFF, 0xC0, 0x00,
    0x00, 0x00, 0x03, 0xFF, 0xC0, 0x03, 0xFF, 0xC0, 0x00, 0x00, 0x00, 0x03, 0xFF, 0xC0, 0x03, 0xFF, 0xC0, 0x00, 0x00,
    0x00, 0x03, 0xFF, 0xC0, 0x03, 0xFF, 0x80, 0x00, 0x00, 0x00, 0x03, 0xFF, 0x80, 0x01, 0xFF, 0x80, 0x00, 0x00, 0x00,
    0x01, 0xFF, 0x80, 0x00, 0xFF, 0x00, 0x00, 0x00, 0x00, 0x00, 0xFF, 0x00, 0x00, 0x7C, 0x00, 0x00, 0x00, 0x00, 0x00,
    0x7C, 0x00, 0x00, 0x3C, 0x00, 0x00, 0x00, 0x00, 0x00, 0x3C, 0x00, 0x00, 0xFF, 0x00, 0x00, 0x00, 0x00, 0x00, 0xFF,
    0x00, 0x01, 0xFF, 0x80, 0x00, 0x00, 0x00, 0x01, 0xFF, 0x80, 0x03, 0xFF, 0x80, 0x00, 0x00, 0x00, 0x03, 0xFF, 0x80,
    0x03, 0xFF, 0xC0, 0x00, 0x00, 0x00, 0x03, 0xFF, 0xC0, 0x03, 0xFF, 0xC0, 0x00, 0x00, 0x00, 0x03, 0xFF, 0xC0, 0x03,
    0xFF, 0xC0, 0x00, 0x00, 0x00, 0x03, 0xFF, 0xC0, 0x03, 0xFF, 0xC0, 0x00, 0x00, 0x00, 0x03, 0xFF, 0xC0, 0x03, 0xFF,
    0x80, 0x00, 0x00, 0x00, 0x03, 0xFF, 0x80, 0x01, 0xFF, 0x80, 0x00, 0x00, 0x00, 0x01, 0xFF, 0x80, 0x00, 0xFF, 0x00,
    0x00, 0x00, 0x00, 0x00, 0xFF, 0x00, 0x00, 0x7C, 0x00, 0x00, 0x00, 0x00, 0x00, 0x7C, 0x00, 0x00, 0x3C, 0x00, 0x00,
    0x00, 0x00, 0x00, 0x3C, 0x00, 0x00, 0xFF, 0x00, 0x00, 0x00, 0x00, 0x00, 0xFF, 0x00, 0x01, 0xFF, 0x80, 0x00, 0x00,
    0x00, 0x01, 0xFF, 0x80, 0x03, 0xFF, 0x80, 0x00, 0x00, 0x00, 0x03, 0xFF, 0x80, 0x03, 0xFF, 0xC0, 0x00, 0x00, 0x00,
    0x03, 0xFF, 0xC0, 0x03, 0xFF, 0xC0, 0x00, 0x00, 0x00, 0x03, 0xFF, 0xC0, 0x03, 0xFF, 0xC0, 0x00, 0x00, 0x00, 0x03,
    0xFF, 0xC0, 0x03, 0xFF, 0xC0, 0x00, 0x00, 0x00, 0x03, 0xFF, 0xC0, 0x03, 0xFF, 0x80, 0x00, 0x00, 0x00, 0x03, 0xFF,
    0x80, 0x01, 0xFF, 0x80, 0x00, 0x00, 0x00, 0x01, 0xFF, 0x80, 0x00, 0xFF, 0x00, 0x00, 0x00, 0x00, 0x00, 0xFF, 0x00,
    0x00, 0x7C, 0x00, 0x00, 0x00, 0x00, 0x00, 0x7C, 0x00, 0x00, 0x3C, 0x00, 0x00, 0x00, 0x00, 0x00, 0x3C, 0x00, 0x00,
    0xFF, 0x00, 0x00, 0x00, 0x00, 0x00, 0xFF, 0x00, 0x01, 0xFF, 0x80, 0x00, 0x00, 0x00, 0x01, 0xFF, 0x80, 0x03, 0xFF,
    0x80, 0x00, 0x3C, 0x00, 0x03, 0xFF, 0x80, 0x03, 0xFF, 0xC0, 0x00, 0xFF, 0x00, 0x03, 0xFF, 0xC0, 0x03, 0xFF, 0xC0,
    0x01, 0xFF, 0x80, 0x03, 0xFF, 0xC0, 0x03, 0xFF, 0xC0, 0x03, 0xFF, 0x80, 0x03, 0xFF, 0xC0, 0x03, 0xFF, 0xC0, 0x03,
    0xFF, 0xC0, 0x03, 0xFF, 0xC0, 0x03, 0xFF, 0x80, 0x03, 0xFF, 0xC0, 0x03, 0xFF, 0x80, 0x01, 0xFF, 0x80, 0x03, 0xFF,
    0xC0, 0x01, 0xFF, 0x80, 0x00, 0xFF, 0x00, 0x03, 0xFF, 0xC0, 0x00, 0xFF, 0x00, 0x00, 0x7C, 0x00, 0x03, 0xFF, 0x80,
    0x00, 0x7C, 0x00, 0x00, 0x3C, 0x00, 0x01, 0xFF, 0x83, 0xC0, 0x00, 0x00, 0x00, 0xFF, 0x00, 0x00, 0xFF, 0x0F, 0xF0,
    0x00, 0x00, 0x01, 0xFF, 0x80, 0x00, 0x7C, 0x1F, 0xF8, 0x00, 0x00, 0x03, 0xFF, 0x80, 0x00, 0x00, 0x3F, 0xF8, 0x00,
    0x00, 0x03, 0xFF, 0xC0, 0x00, 0x00, 0x3F, 0xFC, 0x00, 0x00, 0x03, 0xFF, 0xC0, 0x00, 0x00, 0x3F, 0xFC, 0x00, 0x00,
    0x03, 0xFF, 0xC0, 0x00, 0x00, 0x3F, 0xFC, 0x00, 0x00, 0x03, 0xFF, 0xC0, 0x00, 0x00, 0x3F, 0xFC, 0x00, 0x00, 0x03,
    0xFF, 0x80, 0x00, 0x00, 0x3F, 0xF8, 0x00, 0x00, 0x01, 0xFF, 0x80, 0x00, 0x00, 0x1F, 0xF8, 0x00, 0x00, 0x00, 0xFF,
    0x00, 0x00, 0x00, 0x0F, 0xF0, 0x00, 0x00, 0x00, 0x7C, 0x00, 0x00, 0x00, 0x07, 0xC0, 0x00, 0x00, 0x00, 0x00, 0x03,
    0xC0, 0x3C, 0x00, 0x00, 0x3C, 0x00, 0x00, 0x00, 0x0F, 0xF0, 0xFF, 0x00, 0x00, 0xFF, 0x00, 0x00, 0x00, 0x1F, 0xF9,
    0xFF, 0x80, 0x01, 0xFF, 0x80, 0x00, 0x00, 0x3F, 0xFB, 0xFF, 0x80, 0x03, 0xFF, 0x80, 0x00, 0x00, 0x3F, 0xFF, 0xFF,
    0xC0, 0x03, 0xFF, 0xC0, 0x00, 0x00, 0x3F, 0xFF, 0xFF, 0xC0, 0x03, 0xFF, 0xC0, 0x00, 0x00, 0x3F, 0xFF, 0xFF, 0xC0,
    0x03, 0xFF, 0xC0, 0x00, 0x00, 0x3F, 0xFF, 0xFF, 0xC0, 0x03, 0xFF, 0xC0, 0x00, 0x00, 0x3F, 0xFB, 0xFF, 0x80, 0x03,
    0xFF, 0x80, 0x00, 0x00, 0x1F, 0xF9, 0xFF, 0x80, 0x01, 0xFF, 0x80, 0x00, 0x00, 0x0F, 0xF0, 0xFF, 0x00, 0x00, 0xFF,
    0x00, 0x00, 0x00, 0x07, 0xC0, 0x7C, 0x00, 0x00, 0x7C, 0x00, 0x00, 0x3C, 0x03, 0xC0, 0x3C, 0x03, 0xC0, 0x00, 0x00,
    0x00, 0xFF, 0x0F, 0xF0, 0xFF, 0x0F, 0xF0, 0x00, 0x00, 0x01, 0xFF, 0x9F, 0xF9, 0xFF, 0x9F, 0xF8, 0x00, 0x00, 0x03,
    0xFF, 0xBF, 0xFB, 0xFF, 0xBF, 0xF8, 0x00, 0x00, 0x03, 0xFF, 0xFF, 0xFF, 0xFF, 0xFF, 0xFC, 0x00, 0x00, 0x03, 0xFF,
    0xFF, 0xFF, 0xFF, 0xFF, 0xFC, 0x00, 0x00, 0x03, 0xFF, 0xFF, 0xFF, 0xFF, 0xFF, 0xFC, 0x00, 0x00, 0x03, 0xFF, 0xFF,
    0xFF, 0xFF, 0xFF, 0xFC, 0x00, 0x00, 0x03, 0xFF, 0xBF, 0xFB, 0xFF, 0xBF, 0xF8, 0x00, 0x00, 0x01, 0xFF, 0x9F, 0xF9,
    0xFF, 0x9F, 0xF8, 0x00, 0x00, 0x00, 0xFF, 0x0F, 0xF0, 0xFF, 0x0F, 0xF0, 0x00, 0x00, 0x00, 0x7C, 0x07, 0xC0, 0x7C,
    0x07, 0xC0, 0x00, 0x00, 0x00, 0x3C, 0x00, 0x00, 0x00, 0x00, 0x00, 0x3C, 0x00, 0x00, 0xFF, 0x00, 0x00, 0x00, 0x00,
    0x00, 0xFF, 0x00, 0x01, 0xFF, 0x80, 0x00, 0x00, 0x00, 0x01, 0xFF, 0x80, 0x03, 0xFF, 0x80, 0x00, 0x00, 0x00, 0x03,
    0xFF, 0x80, 0x03, 0xFF, 0xC0, 0x00, 0x00, 0x00, 0x03, 0xFF, 0xC0, 0x03, 0xFF, 0xC0, 0x00, 0x00, 0x00, 0x03, 0xFF,
    0xC0, 0x03, 0xFF, 0xC0, 0x00, 0x00, 0x00, 0x03, 0xFF, 0xC0, 0x03, 0xFF, 0xC0, 0x00, 0x00, 0x00, 0x03, 0xFF, 0xC0,
    0x03, 0xFF, 0x80, 0x00, 0x00, 0x00, 0x03, 0xFF, 0x80, 0x01, 0xFF, 0x80, 0x00, 0x00, 0x00, 0x01, 0xFF, 0x80, 0x00,
    0xFF, 0x00, 0x00, 0x00, 0x00, 0x00, 0xFF, 0x00, 0x00, 0x7C, 0x00, 0x00, 0x00, 0x00, 0x00, 0x7C, 0x00, 0x00, 0x3C,
    0x00, 0x00, 0x00, 0x00, 0x00, 0x3C, 0x00, 0x00, 0xFF, 0x00, 0x00, 0x00, 0x00, 0x00, 0xFF, 0x00, 0x01, 0xFF, 0x80,
    0x00, 0x00, 0x00, 0x01, 0xFF, 0x80, 0x03, 0xFF, 0x80, 0x00, 0x00, 0x00, 0x03, 0xFF, 0x80, 0x03, 0xFF, 0xC0, 0x00,
    0x00, 0x00, 0x03, 0xFF, 0xC0, 0x03, 0xFF, 0xC0, 0x00, 0x00, 0x00, 0x03, 0xFF, 0xC0, 0x03, 0xFF, 0xC0, 0x00, 0x00,
    0x00, 0x03, 0xFF, 0xC0, 0x03, 0xFF, 0xC0, 0x00, 0x00, 0x00, 0x03, 0xFF, 0xC0, 0x03, 0xFF, 0x80, 0x00, 0x00, 0x00,
    0x03, 0xFF, 0x80, 0x01, 0xFF, 0x80, 0x00, 0x00, 0x00, 0x01, 0xFF, 0x80, 0x00, 0xFF, 0x00, 0x00, 0x00, 0x00, 0x00,
    0xFF, 0x00, 0x00, 0x7C, 0x00, 0x00, 0x00, 0x00, 0x00, 0x7C, 0x00, 0x00, 0x3C, 0x03, 0xC0, 0x3C, 0x03, 0xC0, 0x00,
    0x00, 0x00, 0xFF, 0x0F, 0xF0, 0xFF, 0x0F, 0xF0, 0x00, 0x00, 0x01, 0xFF, 0x9F, 0xF9, 0xFF, 0x9F, 0xF8, 0x00, 0x00,
    0x03, 0xFF, 0xBF, 0xFB, 0xFF, 0xBF, 0xF8, 0x00, 0x00, 0x03, 0xFF, 0xFF, 0xFF, 0xFF, 0xFF, 0xFC, 0x00, 0x00, 0x03,
    0xFF, 0xFF, 0xFF, 0xFF, 0xFF, 0xFC, 0x00, 0x00, 0x03, 0xFF, 0xFF, 0xFF, 0xFF, 0xFF, 0xFC, 0x00, 0x00, 0x03, 0xFF,
    0xFF, 0xFF, 0xFF, 0xFF, 0xFC, 0x00, 0x00, 0x03, 0xFF, 0xBF, 0xFB, 0xFF, 0xBF, 0xF8, 0x00, 0x00, 0x01, 0xFF, 0x9F,
    0xF9, 0xFF, 0x9F, 0xF8, 0x00, 0x00, 0x00, 0xFF, 0x0F, 0xF0, 0xFF, 0x0F, 0xF0, 0x00, 0x00, 0x00, 0x7C, 0x07, 0xC0,
    0x7C, 0x07, 0xC0, 0x00, 0x00, 0x00, 0x3C, 0x00, 0x00, 0x3C, 0x00, 0x00, 0x00, 0x00, 0x00, 0xFF, 0x00, 0x00, 0xFF,
    0x00, 0x00, 0x00, 0x00, 0x01, 0xFF, 0x80, 0x01, 0xFF, 0x80, 0x00, 0x00, 0x00, 0x03, 0xFF, 0x80, 0x03, 0xFF, 0x80,
    0x00, 0x00, 0x00, 0x03, 0xFF, 0xC0, 0x03, 0xFF, 0xC0, 0x00, 0x00, 0x00, 0x03, 0xFF, 0xC0, 0x03, 0xFF, 0xC0, 0x00,
    0x00, 0x00, 0x03, 0xFF, 0xC0, 0x03, 0xFF, 0xC0, 0x00, 0x00, 0x00, 0x03, 0xFF, 0xC0, 0x03, 0xFF, 0xC0, 0x00, 0x00,
    0x00, 0x03, 0xFF, 0x80, 0x03, 0xFF, 0x80, 0x00, 0x00, 0x00, 0x01, 0xFF, 0x80, 0x01, 0xFF, 0x80, 0x00, 0x00, 0x00,
    0x00, 0xFF, 0x00, 0x00, 0xFF, 0x00, 0x00, 0x00, 0x00, 0x00, 0x7C, 0x00, 0x00, 0x7C, 0x00, 0x00, 0x00, 0x00, 0x00,
    0x3C, 0x00, 0x00, 0x00, 0x03, 0xC0, 0x00, 0x00, 0x00, 0xFF, 0x00, 0x00, 0x00, 0x0F, 0xF0, 0x00, 0x00, 0x01, 0xFF,
    0x80, 0x00, 0x00, 0x1F, 0xF8, 0x00, 0x00, 0x03, 0xFF, 0x80, 0x00, 0x00, 0x3F, 0xF8, 0x00, 0x00, 0x03, 0xFF, 0xC0,
    0x00, 0x00, 0x3F, 0xFC, 0x00, 0x00, 0x03, 0xFF, 0xC0, 0x00, 0x00, 0x3F, 0xFC, 0x00, 0x00, 0x03, 0xFF, 0xC0, 0x00,
    0x00, 0x3F, 0xFC, 0x00, 0x00, 0x03, 0xFF, 0xC0, 0x00, 0x00, 0x3F, 0xFC, 0x00, 0x00, 0x03, 0xFF, 0x80, 0x00, 0x00,
    0x3F, 0xF8, 0x00, 0x00, 0x01, 0xFF, 0x80, 0x00, 0x00, 0x1F, 0xF8, 0x00, 0x00, 0x00, 0xFF, 0x00, 0x00, 0x00, 0x0F,
    0xF0, 0x00, 0x00, 0x00, 0x7C, 0x00, 0x00, 0x00, 0x07, 0xC0, 0x00, 0x00, 0x00, 0x3C, 0x00, 0x00, 0x00, 0x00, 0x00,
    0x3C, 0x00, 0x00, 0xFF, 0x00, 0x00, 0x00, 0x00, 0x00, 0xFF, 0x00, 0x01, 0xFF, 0x80, 0x00, 0x00, 0x00, 0x01, 0xFF,
    0x80, 0x03, 0xFF, 0x80, 0x00, 0x00, 0x00, 0x03, 0xFF, 0x80, 0x03, 0xFF, 0xC0, 0x00, 0x00, 0x00, 0x03, 0xFF, 0xC0,
    0x03, 0xFF, 0xC0, 0x00, 0x00, 0x00, 0x03, 0xFF, 0xC0, 0x03, 0xFF, 0xC0, 0x00, 0x00, 0x00, 0x03, 0xFF, 0xC0, 0x03,
    0xFF, 0xC0, 0x00, 0x00, 0x00, 0x03, 0xFF, 0xC0, 0x03, 0xFF, 0x80, 0x00, 0x00, 0x00, 0x03, 0xFF, 0x80, 0x01, 0xFF,
    0x80, 0x00, 0x00, 0x00, 0x01, 0xFF, 0x80, 0x00, 0xFF, 0x00, 0x00, 0x00, 0x00, 0x00, 0xFF, 0x00, 0x00, 0x7C, 0x00,
    0x00, 0x00, 0x00, 0x00, 0x7C, 0x00, 0x00, 0x00, 0x03, 0xC0, 0x3C, 0x03, 0xC0, 0x00, 0x00, 0x00, 0x00, 0x0F, 0xF0,
    0xFF, 0x0F, 0xF0, 0x00, 0x00, 0x00, 0x00, 0x1F, 0xF9, 0xFF, 0x9F, 0xF8, 0x00, 0x00, 0x00, 0x00, 0x3F, 0xFB, 0xFF,
    0xBF, 0xF8, 0x00, 0x00, 0x00, 0x00, 0x3F, 0xFF, 0xFF, 0xFF, 0xFC, 0x00, 0x00, 0x00, 0x00, 0x3F, 0xFF, 0xFF, 0xFF,
    0xFC, 0x00, 0x00, 0x00, 0x00, 0x3F, 0xFF, 0xFF, 0xFF, 0xFC, 0x00, 0x00, 0x00, 0x00, 0x3F, 0xFF, 0xFF, 0xFF, 0xFC,
    0x00, 0x00, 0x00, 0x00, 0x3F, 0xFB, 0xFF, 0xBF, 0xF8, 0x00, 0x00, 0x00, 0x00, 0x1F, 0xF9, 0xFF, 0x9F, 0xF8, 0x00,
    0x00, 0x00, 0x00, 0x0F, 0xF0, 0xFF, 0x0F, 0xF0, 0x00, 0x00, 0x00, 0x00, 0x07, 0xC0, 0x7C, 0x07, 0xC0, 0x00, 0x00,
    0x00, 0x3C, 0x00, 0x00, 0x00, 0x00, 0x00, 0x3C, 0x00, 0x00, 0xFF, 0x00, 0x00, 0x00, 0x00, 0x00, 0xFF, 0x00, 0x01,
    0xFF, 0x80, 0x00, 0x00, 0x00, 0x01, 0xFF, 0x80, 0x03, 0xFF, 0x80, 0x00, 0x00, 0x00, 0x03, 0xFF, 0x80, 0x03, 0xFF,
    0xC0, 0x00, 0x00, 0x00, 0x03, 0xFF, 0xC0, 0x03, 0xFF, 0xC0, 0x00, 0x00, 0x00, 0x03, 0xFF, 0xC0, 0x03, 0xFF, 0xC0,
    0x00, 0x00, 0x00, 0x03, 0xFF, 0xC0, 0x03, 0xFF, 0xC0, 0x00, 0x00, 0x00, 0x03, 0xFF, 0xC0, 0x03, 0xFF, 0x80, 0x00,
    0x00, 0x00, 0x03, 0xFF, 0x80, 0x01, 0xFF, 0x80, 0x00, 0x00, 0x00, 0x01, 0xFF, 0x80, 0x00, 0xFF, 0x00, 0x00, 0x00,
    0x00, 0x00, 0xFF, 0x00, 0x00, 0x7C, 0x00, 0x00, 0x00, 0x00, 0x00, 0x7C, 0x00, 0x00, 0x3C, 0x00, 0x00, 0x00, 0x00,
    0x00, 0x00, 0x00, 0x00, 0xFF, 0x00, 0x00, 0x00, 0x00, 0x00, 0x00, 0x00, 0x01, 0xFF, 0x80, 0x00, 0x00, 0x00, 0x00,
    0x00, 0x00, 0x03, 0xFF, 0x80, 0x00, 0x00, 0x00, 0x00, 0x00, 0x00, 0x03, 0xFF, 0xC0, 0x00, 0x00, 0x00, 0x00, 0x00,
    0x00, 0x03, 0xFF, 0xC0, 0x00, 0x00, 0x00, 0x00, 0x00, 0x00, 0x03, 0xFF, 0xC0, 0x00, 0x00, 0x00, 0x00, 0x00, 0x00,
    0x03, 0xFF, 0xC0, 0x00, 0x00, 0x00, 0x00, 0x00, 0x00, 0x03, 0xFF, 0x80, 0x00, 0x00, 0x00, 0x00, 0x00, 0x00, 0x01,
    0xFF, 0x80, 0x00, 0x00, 0x00, 0x00, 0x00, 0x00, 0x00, 0xFF, 0x00, 0x00, 0x00, 0x00, 0x00, 0x00, 0x00, 0x00, 0x7C,
    0x00, 0x00, 0x00, 0x00, 0x00, 0x00, 0x00, 0x00, 0x00, 0x03, 0xC0, 0x3C, 0x03, 0xC0, 0x00, 0x00, 0x00, 0x00, 0x0F,
    0xF0, 0xFF, 0x0F, 0xF0, 0x00, 0x00, 0x00, 0x00, 0x1F, 0xF9, 0xFF, 0x9F, 0xF8, 0x00, 0x00, 0x00, 0x00, 0x3F, 0xFB,
    0xFF, 0xBF, 0xF8, 0x00, 0x00, 0x00, 0x00, 0x3F, 0xFF, 0xFF, 0xFF, 0xFC, 0x00, 0x00, 0x00, 0x00, 0x3F, 0xFF, 0xFF,
    0xFF, 0xFC, 0x00, 0x00, 0x00, 0x00, 0x3F, 0xFF, 0xFF, 0xFF, 0xFC, 0x00, 0x00, 0x00, 0x00, 0x3F, 0xFF, 0xFF, 0xFF,
    0xFC, 0x00, 0x00, 0x00, 0x00, 0x3F, 0xFB, 0xFF, 0xBF, 0xF8, 0x00, 0x00, 0x00, 0x00, 0x1F, 0xF9, 0xFF, 0x9F, 0xF8,
    0x00, 0x00, 0x00, 0x00, 0x0F, 0xF0, 0xFF, 0x0F, 0xF0, 0x00, 0x00, 0x00, 0x00, 0x07, 0xC0, 0x7C, 0x07, 0xC0, 0x00,
    0x00, 0x00, 0x00, 0x00, 0x00, 0x00, 0x00, 0x00, 0x3C, 0x00, 0x00, 0x00, 0x00, 0x00, 0x00, 0x00, 0x00, 0xFF, 0x00,
    0x00, 0x00, 0x00, 0x00, 0x00, 0x00, 0x01, 0xFF, 0x80, 0x00, 0x00, 0x00, 0x00, 0x00, 0x00, 0x03, 0xFF, 0x80, 0x00,
    0x00, 0x00, 0x00, 0x00, 0x00, 0x03, 0xFF, 0xC0, 0x00, 0x00, 0x00, 0x00, 0x00, 0x00, 0x03, 0xFF, 0xC0, 0x00, 0x00,
    0x00, 0x00, 0x00, 0x00, 0x03, 0xFF, 0xC0, 0x00, 0x00, 0x00, 0x00, 0x00, 0x00, 0x03, 0xFF, 0xC0, 0x00, 0x00, 0x00,
    0x00, 0x00, 0x00, 0x03, 0xFF, 0x80, 0x00, 0x00, 0x00, 0x00, 0x00, 0x00, 0x01, 0xFF, 0x80, 0x00, 0x00, 0x00, 0x00,
    0x00, 0x00, 0x00, 0xFF, 0x00, 0x00, 0x00, 0x00, 0x00, 0x00, 0x00, 0x00, 0x7C, 0x00, 0x00, 0x3C, 0x00, 0x00, 0x00,
    0x00, 0x00, 0x3C, 0x00, 0x00, 0xFF, 0x00, 0x00, 0x00, 0x00, 0x00, 0xFF, 0x00, 0x01, 0xFF, 0x80, 0x00, 0x00, 0x00,
    0x01, 0xFF, 0x80, 0x03, 0xFF, 0x80, 0x00, 0x00, 0x00, 0x03, 0xFF, 0x80, 0x03, 0xFF, 0xC0, 0x00, 0x00, 0x00, 0x03,
    0xFF, 0xC0, 0x03, 0xFF, 0xC0, 0x00, 0x00, 0x00, 0x03, 0xFF, 0xC0, 0x03, 0xFF, 0xC0, 0x00, 0x00, 0x00, 0x03, 0xFF,
    0xC0, 0x03, 0xFF, 0xC0, 0x00, 0x00, 0x00, 0x03, 0xFF, 0xC0, 0x03, 0xFF, 0x80, 0x00, 0x00, 0x00, 0x03, 0xFF, 0x80,
    0x01, 0xFF, 0x80, 0x00, 0x00, 0x00, 0x01, 0xFF, 0x80, 0x00, 0xFF, 0x00, 0x00, 0x00, 0x00, 0x00, 0xFF, 0x00, 0x00,
    0x7C, 0x00, 0x00, 0x00, 0x00, 0x00, 0x7C, 0x00, 0x00, 0x00, 0x03, 0xC0, 0x3C, 0x03, 0xC0, 0x00, 0x00, 0x00, 0x00,
    0x0F, 0xF0, 0xFF, 0x0F, 0xF0, 0x00, 0x00, 0x00, 0x00, 0x1F, 0xF9, 0xFF, 0x9F, 0xF8, 0x00, 0x00, 0x00, 0x00, 0x3F,
    0xFB, 0xFF, 0xBF, 0xF8, 0x00, 0x00, 0x00, 0x00, 0x3F, 0xFF, 0xFF, 0xFF, 0xFC, 0x00, 0x00, 0x00, 0x00, 0x3F, 0xFF,
    0xFF, 0xFF, 0xFC, 0x00, 0x00, 0x00, 0x00, 0x3F, 0xFF, 0xFF, 0xFF, 0xFC, 0x00, 0x00, 0x00, 0x00, 0x3F, 0xFF, 0xFF,
    0xFF, 0xFC, 0x00, 0x00, 0x00, 0x00, 0x3F, 0xFB, 0xFF, 0xBF, 0xF8, 0x00, 0x00, 0x00, 0x00, 0x1F, 0xF9, 0xFF, 0x9F,
    0xF8, 0x00, 0x00, 0x00, 0x00, 0x0F, 0xF0, 0xFF, 0x0F, 0xF0, 0x00, 0x00, 0x00, 0x00, 0x07, 0xC0, 0x7C, 0x07, 0xC0,
    0x00, 0x00, 0x00, 0x3C, 0x03, 0xC0, 0x3C, 0x03, 0xC0, 0x3C, 0x00, 0x00, 0xFF, 0x0F, 0xF0, 0xFF, 0x0F, 0xF0, 0xFF,
    0x00, 0x01, 0xFF, 0x9F, 0xF9, 0xFF, 0x9F, 0xF9, 0xFF, 0x80, 0x03, 0xFF, 0xBF, 0xFB, 0xFF, 0xBF, 0xFB, 0xFF, 0x80,
    0x03, 0xFF, 0xFF, 0xFF, 0xFF, 0xFF, 0xFF, 0xFF, 0xC0, 0x03, 0xFF, 0xFF, 0xFF, 0xFF, 0xFF, 0xFF, 0xFF, 0xC0, 0x03,
    0xFF, 0xFF, 0xFF, 0xFF, 0xFF, 0xFF, 0xFF, 0xC0, 0x03, 0xFF, 0xFF, 0xFF, 0xFF, 0xFF, 0xFF, 0xFF, 0xC0, 0x03, 0xFF,
    0xBF, 0xFB, 0xFF, 0xBF, 0xFB, 0xFF, 0x80, 0x01, 0xFF, 0x9F, 0xF9, 0xFF, 0x9F, 0xF9, 0xFF, 0x80, 0x00, 0xFF, 0x0F,
    0xF0, 0xFF, 0x0F, 0xF0, 0xFF, 0x00, 0x00, 0x7C, 0x07, 0xC0, 0x7C, 0x07, 0xC0, 0x7C, 0x00, 0x00, 0x00, 0x00, 0x00,
    0x3C, 0x00, 0x00, 0x00, 0x00, 0x00, 0x00, 0x00, 0x00, 0xFF, 0x00, 0x00, 0x00, 0x00, 0x00, 0x00, 0x00, 0x01, 0xFF,
    0x80, 0x00, 0x00, 0x00, 0x00, 0x00, 0x00, 0x03, 0xFF, 0x80, 0x00, 0x00, 0x00, 0x00, 0x00, 0x00, 0x03, 0xFF, 0xC0,
    0x00, 0x00, 0x00, 0x00, 0x00, 0x00, 0x03, 0xFF, 0xC0, 0x00, 0x00, 0x00, 0x00, 0x00, 0x00, 0x03, 0xFF, 0xC0, 0x00,
    0x00, 0x00, 0x00, 0x00, 0x00, 0x03, 0xFF, 0xC0, 0x00, 0x00, 0x00, 0x00, 0x00, 0x00, 0x03, 0xFF, 0x80, 0x00, 0x00,
    0x00, 0x00, 0x00, 0x00, 0x01, 0xFF, 0x80, 0x00, 0x00, 0x00, 0x00, 0x00, 0x00, 0x00, 0xFF, 0x00, 0x00, 0x00, 0x00,
    0x00, 0x00, 0x00, 0x00, 0x7C, 0x00, 0x00, 0x00, 0x00, 0x00, 0x00, 0x00, 0x00, 0x3C, 0x00, 0x00, 0x00, 0x00, 0x00,
    0x00, 0x00, 0x00, 0xFF, 0x00, 0x00, 0x00, 0x00, 0x00, 0x00, 0x00, 0x01, 0xFF, 0x80, 0x00, 0x00, 0x00, 0x00, 0x00,
    0x00, 0x03, 0xFF, 0x80, 0x00, 0x00, 0x00, 0x00, 0x00, 0x00, 0x03, 0xFF, 0xC0, 0x00, 0x00, 0x00, 0x00, 0x00, 0x00,
    0x03, 0xFF, 0xC0, 0x00, 0x00, 0x00, 0x00, 0x00, 0x00, 0x03, 0xFF, 0xC0, 0x00, 0x00, 0x00, 0x00, 0x00, 0x00, 0x03,
    0xFF, 0xC0, 0x00, 0x00, 0x00, 0x00, 0x00, 0x00, 0x03, 0xFF, 0x80, 0x00, 0x00, 0x00, 0x00, 0x00, 0x00, 0x01, 0xFF,
    0x80, 0x00, 0x00, 0x00, 0x00, 0x00, 0x00, 0x00, 0xFF, 0x00, 0x00, 0x00, 0x00, 0x00, 0x00, 0x00, 0x00, 0x7C, 0x00,
    0x00, 0x00, 0x00, 0x00, 0x00, 0x00, 0x00, 0x3C, 0x00, 0x00, 0x00, 0x00, 0x00, 0x00, 0x00, 0x00, 0xFF, 0x00, 0x00,
    0x00, 0x00, 0x00, 0x00, 0x00, 0x01, 0xFF, 0x80, 0x00, 0x00, 0x00, 0x00, 0x00, 0x00, 0x03, 0xFF, 0x80, 0x00, 0x00,
    0x00, 0x00, 0x00, 0x00, 0x03, 0xFF, 0xC0, 0x00, 0x00, 0x00, 0x00, 0x00, 0x00, 0x03, 0xFF, 0xC0, 0x00, 0x00, 0x00,
    0x00, 0x00, 0x00, 0x03, 0xFF, 0xC0, 0x00, 0x00, 0x00, 0x00, 0x00, 0x00, 0x03, 0xFF, 0xC0, 0x00, 0x00, 0x00, 0x00,
    0x00, 0x00, 0x03, 0xFF, 0x80, 0x00, 0x00, 0x00, 0x00, 0x00, 0x00, 0x01, 0xFF, 0x80, 0x00, 0x00, 0x00, 0x00, 0x00,
    0x00, 0x00, 0xFF, 0x00, 0x00, 0x00, 0x00, 0x00, 0x00, 0x00, 0x00, 0x7C, 0x00, 0x00, 0x00, 0x00, 0x00, 0x00, 0x00,
    0x00, 0x3C, 0x00, 0x00, 0x00, 0x00, 0x00, 0x00, 0x00, 0x00, 0xFF, 0x00, 0x00, 0x00, 0x00, 0x00, 0x00, 0x00, 0x01,
    0xFF, 0x80, 0x00, 0x00, 0x00, 0x00, 0x00, 0x00, 0x03, 0xFF, 0x80, 0x00, 0x00, 0x00, 0x00, 0x00, 0x00, 0x03, 0xFF,
    0xC0, 0x00, 0x00, 0x00, 0x00, 0x00, 0x00, 0x03, 0xFF, 0xC0, 0x00, 0x00, 0x00, 0x00, 0x00, 0x00, 0x03, 0xFF, 0xC0,
    0x00, 0x00, 0x00, 0x00, 0x00, 0x00, 0x03, 0xFF, 0xC0, 0x00, 0x00, 0x00, 0x00, 0x00, 0x00, 0x03, 0xFF, 0x80, 0x00,
    0x00, 0x00, 0x00, 0x00, 0x00, 0x01, 0xFF, 0x80, 0x00, 0x00, 0x00, 0x00, 0x00, 0x00, 0x00, 0xFF, 0x00, 0x00, 0x00,
    0x00, 0x00, 0x00, 0x00, 0x00, 0x7C, 0x00, 0x00, 0x00, 0x00, 0x00, 0x00, 0x00, 0x00, 0x3C, 0x00, 0x00, 0x00, 0x00,
    0x00, 0x00, 0x00, 0x00, 0xFF, 0x00, 0x00, 0x00, 0x00, 0x00, 0x00, 0x00, 0x01, 0xFF, 0x80, 0x00, 0x00, 0x00, 0x00,
    0x00, 0x00, 0x03, 0xFF, 0x80, 0x00, 0x00, 0x00, 0x00, 0x00, 0x00, 0x03, 0xFF, 0xC0, 0x00, 0x00, 0x00, 0x00, 0x00,
    0x00, 0x03, 0xFF, 0xC0, 0x00, 0x00, 0x00, 0x00, 0x00, 0x00, 0x03, 0xFF, 0xC0, 0x00, 0x00, 0x00, 0x00, 0x00, 0x00,
    0x03, 0xFF, 0xC0, 0x00, 0x00, 0x00, 0x00, 0x00, 0x00, 0x03, 0xFF, 0x80, 0x00, 0x00, 0x00, 0x00, 0x00, 0x00, 0x01,
    0xFF, 0x80, 0x00, 0x00, 0x00, 0x00, 0x00, 0x00, 0x00, 0xFF, 0x00, 0x00, 0x00, 0x00, 0x00, 0x00, 0x00, 0x00, 0x7C,
    0x00, 0x00, 0x00, 0x00, 0x00, 0x00, 0x00, 0x00, 0x3C, 0x00, 0x00, 0x00, 0x00, 0x00, 0x00, 0x00, 0x00, 0xFF, 0x00,
    0x00, 0x00, 0x00, 0x00, 0x00, 0x00, 0x01, 0xFF, 0x80, 0x00, 0x00, 0x00, 0x00, 0x00, 0x00, 0x03, 0xFF, 0x80, 0x00,
    0x00, 0x00, 0x00, 0x00, 0x00, 0x03, 0xFF, 0xC0, 0x00, 0x00, 0x00, 0x00, 0x00, 0x00, 0x03, 0xFF, 0xC0, 0x00, 0x00,
    0x00, 0x00, 0x00, 0x00, 0x03, 0xFF, 0xC0, 0x00, 0x00, 0x00, 0x00, 0x00, 0x00, 0x03, 0xFF, 0xC0, 0x00, 0x00, 0x00,
    0x00, 0x00, 0x00, 0x03, 0xFF, 0x80, 0x00, 0x00, 0x00, 0x00, 0x00, 0x00, 0x01, 0xFF, 0x80, 0x00, 0x00, 0x00, 0x00,
    0x00, 0x00, 0x00, 0xFF, 0x00, 0x00, 0x00, 0x00, 0x00, 0x00, 0x00, 0x00, 0x7C, 0x00, 0x00, 0x00, 0x00, 0x00, 0x3C,
    0x00, 0x00, 0x00, 0x00, 0x00, 0x3C, 0x00, 0x00, 0xFF, 0x00, 0x00, 0x00, 0x00, 0x00, 0xFF, 0x00, 0x01, 0xFF, 0x80,
    0x00, 0x00, 0x00, 0x01, 0xFF, 0x80, 0x03, 0xFF, 0x80, 0x00, 0x00, 0x00, 0x03, 0xFF, 0x80, 0x03, 0xFF, 0xC0, 0x00,
    0x00, 0x00, 0x03, 0xFF, 0xC0, 0x03, 0xFF, 0xC0, 0x00, 0x00, 0x00, 0x03, 0xFF, 0xC0, 0x03, 0xFF, 0xC0, 0x00, 0x00,
    0x00, 0x03, 0xFF, 0xC0, 0x03, 0xFF, 0xC0, 0x00, 0x00, 0x00, 0x03, 0xFF, 0xC0, 0x03, 0xFF, 0x80, 0x00, 0x00, 0x00,
    0x03, 0xFF, 0x80, 0x01, 0xFF, 0x80, 0x00, 0x00, 0x00, 0x01, 0xFF, 0x80, 0x00, 0xFF, 0x00, 0x00, 0x00, 0x00, 0x00,
    0xFF, 0x00, 0x00, 0x7C, 0x00, 0x00, 0x00, 0x00, 0x00, 0x7C, 0x00, 0x00, 0x3C, 0x00, 0x00, 0x00, 0x00, 0x00, 0x3C,
    0x00, 0x00, 0xFF, 0x00, 0x00, 0x00, 0x00, 0x00, 0xFF, 0x00, 0x01, 0xFF, 0x80, 0x00, 0x00, 0x00, 0x01, 0xFF, 0x80,
    0x03, 0xFF, 0x80, 0x00, 0x00, 0x00, 0x03, 0xFF, 0x80, 0x03, 0xFF, 0xC0, 0x00, 0x00, 0x00, 0x03, 0xFF, 0xC0, 0x03,
    0xFF, 0xC0, 0x00, 0x00, 0x00, 0x03, 0xFF, 0xC0, 0x03, 0xFF, 0xC0, 0x00, 0x00, 0x00, 0x03, 0xFF, 0xC0, 0x03, 0xFF,
    0xC0, 0x00, 0x00, 0x00, 0x03, 0xFF, 0xC0, 0x03, 0xFF, 0x80, 0x00, 0x00, 0x00, 0x03, 0xFF, 0x80, 0x01, 0xFF, 0x80,
    0x00, 0x00, 0x00, 0x01, 0xFF, 0x80, 0x00, 0xFF, 0x00, 0x00, 0x00, 0x00, 0x00, 0xFF, 0x00, 0x00, 0x7C, 0x00, 0x00,
    0x00, 0x00, 0x00, 0x7C, 0x00, 0x00, 0x3C, 0x00, 0x00, 0x00, 0x00, 0x00, 0x3C, 0x00, 0x00, 0xFF, 0x00, 0x00, 0x00,
    0x00, 0x00, 0xFF, 0x00, 0x01, 0xFF, 0x80, 0x00, 0x00, 0x00, 0x01, 0xFF, 0x80, 0x03, 0xFF, 0x80, 0x00, 0x00, 0x00,
    0x03, 0xFF, 0x80, 0x03, 0xFF, 0xC0, 0x00, 0x00, 0x00, 0x03, 0xFF, 0xC0, 0x03, 0xFF, 0xC0, 0x00, 0x00, 0x00, 0x03,
    0xFF, 0xC0, 0x03, 0xFF, 0xC0, 0x00, 0x00, 0x00, 0x03, 0xFF, 0xC0, 0x03, 0xFF, 0xC0, 0x00, 0x00, 0x00, 0x03, 0xFF,
    0xC0, 0x03, 0xFF, 0x80, 0x00, 0x00, 0x00, 0x03, 0xFF, 0x80, 0x01, 0xFF, 0x80, 0x00, 0x00, 0x00, 0x01, 0xFF, 0x80,
    0x00, 0xFF, 0x00, 0x00, 0x00, 0x00, 0x00, 0xFF, 0x00, 0x00, 0x7C, 0x00, 0x00, 0x00, 0x00, 0x00, 0x7C, 0x00, 0x00,
    0x3C, 0x00, 0x00, 0x00, 0x00, 0x00, 0x3C, 0x00, 0x00, 0xFF, 0x00, 0x00, 0x00, 0x00, 0x00, 0xFF, 0x00, 0x01, 0xFF,
    0x80, 0x00, 0x00, 0x00, 0x01, 0xFF, 0x80, 0x03, 0xFF, 0x80, 0x00, 0x00, 0x00, 0x03, 0xFF, 0x80, 0x03, 0xFF, 0xC0,
    0x00, 0x00, 0x00, 0x03, 0xFF, 0xC0, 0x03, 0xFF, 0xC0, 0x00, 0x00, 0x00, 0x03, 0xFF, 0xC0, 0x03, 0xFF, 0xC0, 0x00,
    0x00, 0x00, 0x03, 0xFF, 0xC0, 0x03, 0xFF, 0xC0, 0x00, 0x00, 0x00, 0x03, 0xFF, 0xC0, 0x03, 0xFF, 0x80, 0x00, 0x00,
    0x00, 0x03, 0xFF, 0x80, 0x01, 0xFF, 0x80, 0x00, 0x00, 0x00, 0x01, 0xFF, 0x80, 0x00, 0xFF, 0x00, 0x00, 0x00, 0x00,
    0x00, 0xFF, 0x00, 0x00, 0x7C, 0x00, 0x00, 0x00, 0x00, 0x00, 0x7C, 0x00, 0x00, 0x3C, 0x00, 0x00, 0x00, 0x00, 0x00,
    0x3C, 0x00, 0x00, 0xFF, 0x00, 0x00, 0x00, 0x00, 0x00, 0xFF, 0x00, 0x01, 0xFF, 0x80, 0x00, 0x00, 0x00, 0x01, 0xFF,
    0x80, 0x03, 0xFF, 0x80, 0x00, 0x00, 0x00, 0x03, 0xFF, 0x80, 0x03, 0xFF, 0xC0, 0x00, 0x00, 0x00, 0x03, 0xFF, 0xC0,
    0x03, 0xFF, 0xC0, 0x00, 0x00, 0x00, 0x03, 0xFF, 0xC0, 0x03, 0xFF, 0xC0, 0x00, 0x00, 0x00, 0x03, 0xFF, 0xC0, 0x03,
    0xFF, 0xC0, 0x00, 0x00, 0x00, 0x03, 0xFF, 0xC0, 0x03, 0xFF, 0x80, 0x00, 0x00, 0x00, 0x03, 0xFF, 0x80, 0x01, 0xFF,
    0x80, 0x00, 0x00, 0x00, 0x01, 0xFF, 0x80, 0x00, 0xFF, 0x00, 0x00, 0x00, 0x00, 0x00, 0xFF, 0x00, 0x00, 0x7C, 0x00,
    0x00, 0x00, 0x00, 0x00, 0x7C, 0x00, 0x00, 0x3C, 0x00, 0x00, 0x00, 0x00, 0x00, 0x3C, 0x00, 0x00, 0xFF, 0x00, 0x00,
    0x00, 0x00, 0x00, 0xFF, 0x00, 0x01, 0xFF, 0x80, 0x00, 0x00, 0x00, 0x01, 0xFF, 0x80, 0x03, 0xFF, 0x80, 0x00, 0x00,
    0x00, 0x03, 0xFF, 0x80, 0x03, 0xFF, 0xC0, 0x00, 0x00, 0x00, 0x03, 0xFF, 0xC0, 0x03, 0xFF, 0xC0, 0x00, 0x00, 0x00,
    0x03, 0xFF, 0xC0, 0x03, 0xFF, 0xC0, 0x00, 0x00, 0x00, 0x03, 0xFF, 0xC0, 0x03, 0xFF, 0xC0, 0x00, 0x00, 0x00, 0x03,
    0xFF, 0xC0, 0x03, 0xFF, 0x80, 0x00, 0x00, 0x00, 0x03, 0xFF, 0x80, 0x01, 0xFF, 0x80, 0x00, 0x00, 0x00, 0x01, 0xFF,
    0x80, 0x00, 0xFF, 0x00, 0x00, 0x00, 0x00, 0x00, 0xFF, 0x00, 0x00, 0x7C, 0x00, 0x00, 0x00, 0x00, 0x00, 0x7C, 0x00,
    0x00, 0x00, 0x03, 0xC0, 0x3C, 0x03, 0xC0, 0x00, 0x00, 0x00, 0x00, 0x0F, 0xF0, 0xFF, 0x0F, 0xF0, 0x00, 0x00, 0x00,
    0x00, 0x1F, 0xF9, 0xFF, 0x9F, 0xF8, 0x00, 0x00, 0x00, 0x00, 0x3F, 0xFB, 0xFF, 0xBF, 0xF8, 0x00, 0x00, 0x00, 0x00,
    0x3F, 0xFF, 0xFF, 0xFF, 0xFC, 0x00, 0x00, 0x00, 0x00, 0x3F, 0xFF, 0xFF, 0xFF, 0xFC, 0x00, 0x00, 0x00, 0x00, 0x3F,
    0xFF, 0xFF, 0xFF, 0xFC, 0x00, 0x00, 0x00, 0x00, 0x3F, 0xFF, 0xFF, 0xFF, 0xFC, 0x00, 0x00, 0x00, 0x00, 0x3F, 0xFB,
    0xFF, 0xBF, 0xF8, 0x00, 0x00, 0x00, 0x00, 0x1F, 0xF9, 0xFF, 0x9F, 0xF8, 0x00, 0x00, 0x00, 0x00, 0x0F, 0xF0, 0xFF,
    0x0F, 0xF0, 0x00, 0x00, 0x00, 0x00, 0x07, 0xC0, 0x7C, 0x07, 0xC0, 0x00, 0x00, 0x00, 0x3C, 0x00, 0x00, 0x00, 0x00,
    0x00, 0x3C, 0x00, 0x00, 0xFF, 0x00, 0x00, 0x00, 0x00, 0x00, 0xFF, 0x00, 0x01, 0xFF, 0x80, 0x00, 0x00, 0x00, 0x01,
    0xFF, 0x80, 0x03, 0xFF, 0x80, 0x00, 0x00, 0x00, 0x03, 0xFF, 0x80, 0x03, 0xFF, 0xC0, 0x00, 0x00, 0x00, 0x03, 0xFF,
    0xC0, 0x03, 0xFF, 0xC0, 0x00, 0x00, 0x00, 0x03, 0xFF, 0xC0, 0x03, 0xFF, 0xC0, 0x00, 0x00, 0x00, 0x03, 0xFF, 0xC0,
    0x03, 0xFF, 0xC0, 0x00, 0x00, 0x00, 0x03, 0xFF, 0xC0, 0x03, 0xFF, 0x80, 0x00, 0x00, 0x00, 0x03, 0xFF, 0x80, 0x01,
    0xFF, 0x80, 0x00, 0x00, 0x00, 0x01, 0xFF, 0x80, 0x00, 0xFF, 0x00, 0x00, 0x00, 0x00, 0x00, 0xFF, 0x00, 0x00, 0x7C,
    0x00, 0x00, 0x00, 0x00, 0x00, 0x7C, 0x00, 0x00, 0x3C, 0x00, 0x00, 0x00, 0x00, 0x00, 0x3C, 0x00, 0x00, 0xFF, 0x00,
    0x00, 0x00, 0x00, 0x00, 0xFF, 0x00, 0x01, 0xFF, 0x80, 0x00, 0x00, 0x00, 0x01, 0xFF, 0x80, 0x03, 0xFF, 0x80, 0x00,
    0x00, 0x00, 0x03, 0xFF, 0x80, 0x03, 0xFF, 0xC0, 0x00, 0x00, 0x00, 0x03, 0xFF, 0xC0, 0x03, 0xFF, 0xC0, 0x00, 0x00,
    0x00, 0x03, 0xFF, 0xC0, 0x03, 0xFF, 0xC0, 0x00, 0x00, 0x00, 0x03, 0xFF, 0xC0, 0x03, 0xFF, 0xC0, 0x00, 0x00, 0x00,
    0x03, 0xFF, 0xC0, 0x03, 0xFF, 0x80, 0x00, 0x00, 0x00, 0x03, 0xFF, 0x80, 0x01, 0xFF, 0x80, 0x00, 0x00, 0x00, 0x01,
    0xFF, 0x80, 0x00, 0xFF, 0x00, 0x00, 0x00, 0x00, 0x00, 0xFF, 0x00, 0x00, 0x7C, 0x00, 0x00, 0x00, 0x00, 0x00, 0x7C,
    0x00, 0x00, 0x3C, 0x00, 0x00, 0x00, 0x00, 0x00, 0x3C, 0x00, 0x00, 0xFF, 0x00, 0x00, 0x00, 0x00, 0x00, 0xFF, 0x00,
    0x01, 0xFF, 0x80, 0x00, 0x00, 0x00, 0x01, 0xFF, 0x80, 0x03, 0xFF, 0x80, 0x00, 0x00, 0x00, 0x03, 0xFF, 0x80, 0x03,
    0xFF, 0xC0, 0x00, 0x00, 0x00, 0x03, 0xFF, 0xC0, 0x03, 0xFF, 0xC0, 0x00, 0x00, 0x00, 0x03, 0xFF, 0xC0, 0x03, 0xFF,
    0xC0, 0x00, 0x00, 0x00, 0x03, 0xFF, 0xC0, 0x03, 0xFF, 0xC0, 0x00, 0x00, 0x00, 0x03, 0xFF, 0xC0, 0x03, 0xFF, 0x80,
    0x00, 0x00, 0x00, 0x03, 0xFF, 0x80, 0x01, 0xFF, 0x80, 0x00, 0x00, 0x00, 0x01, 0xFF, 0x80, 0x00, 0xFF, 0x00, 0x00,
    0x00, 0x00, 0x00, 0xFF, 0x00, 0x00, 0x7C, 0x00, 0x00, 0x00, 0x00, 0x00, 0x7C, 0x00, 0x00, 0x3C, 0x00, 0x00, 0x00,
    0x00, 0x00, 0x3C, 0x00, 0x00, 0xFF, 0x00, 0x00, 0x00, 0x00, 0x00, 0xFF, 0x00, 0x01, 0xFF, 0x80, 0x00, 0x00, 0x00,
    0x01, 0xFF, 0x80, 0x03, 0xFF, 0x80, 0x00, 0x00, 0x00, 0x03, 0xFF, 0x80, 0x03, 0xFF, 0xC0, 0x00, 0x00, 0x00, 0x03,
    0xFF, 0xC0, 0x03, 0xFF, 0xC0, 0x00, 0x00, 0x00, 0x03, 0xFF, 0xC0, 0x03, 0xFF, 0xC0, 0x00, 0x00, 0x00, 0x03, 0xFF,
    0xC0, 0x03, 0xFF, 0xC0, 0x00, 0x00, 0x00, 0x03, 0xFF, 0xC0, 0x03, 0xFF, 0x80, 0x00, 0x00, 0x00, 0x03, 0xFF, 0x80,
    0x01, 0xFF, 0x80, 0x00, 0x00, 0x00, 0x01, 0xFF, 0x80, 0x00, 0xFF, 0x00, 0x00, 0x00, 0x00, 0x00, 0xFF, 0x00, 0x00,
    0x7C, 0x00, 0x00, 0x00, 0x00, 0x00, 0x7C, 0x00, 0x00, 0x3C, 0x00, 0x00, 0x00, 0x00, 0x00, 0x3C, 0x00, 0x00, 0xFF,
    0x00, 0x00, 0x00, 0x00, 0x00, 0xFF, 0x00, 0x01, 0xFF, 0x80, 0x00, 0x00, 0x00, 0x01, 0xFF, 0x80, 0x03, 0xFF, 0x80,
    0x00, 0x00, 0x00, 0x03, 0xFF, 0x80, 0x03, 0xFF, 0xC0, 0x00, 0x00, 0x00, 0x03, 0xFF, 0xC0, 0x03, 0xFF, 0xC0, 0x00,
    0x00, 0x00, 0x03, 0xFF, 0xC0, 0x03, 0xFF, 0xC0, 0x00, 0x00, 0x00, 0x03, 0xFF, 0xC0, 0x03, 0xFF, 0xC0, 0x00, 0x00,
    0x00, 0x03, 0xFF, 0xC0, 0x03, 0xFF, 0x80, 0x00, 0x00, 0x00, 0x03, 0xFF, 0x80, 0x01, 0xFF, 0x80, 0x00, 0x00, 0x00,
    0x01, 0xFF, 0x80, 0x00, 0xFF, 0x00, 0x00, 0x00, 0x00, 0x00, 0xFF, 0x00, 0x00, 0x7C, 0x00, 0x00, 0x00, 0x00, 0x00,
    0x7C, 0x00, 0x00, 0x00, 0x03, 0xC0, 0x00, 0x03, 0xC0, 0x00, 0x00, 0x00, 0x00, 0x0F, 0xF0, 0x00, 0x0F, 0xF0, 0x00,
    0x00, 0x00, 0x00, 0x1F, 0xF8, 0x00, 0x1F, 0xF8, 0x00, 0x00, 0x00, 0x00, 0x3F, 0xF8, 0x00, 0x3F, 0xF8, 0x00, 0x00,
    0x00, 0x00, 0x3F, 0xFC, 0x00, 0x3F, 0xFC, 0x00, 0x00, 0x00, 0x00, 0x3F, 0xFC, 0x00, 0x3F, 0xFC, 0x00, 0x00, 0x00,
    0x00, 0x3F, 0xFC, 0x00, 0x3F, 0xFC, 0x00, 0x00, 0x00, 0x00, 0x3F, 0xFC, 0x00, 0x3F, 0xFC, 0x00, 0x00, 0x00, 0x00,
    0x3F, 0xF8, 0x00, 0x3F, 0xF8, 0x00, 0x00, 0x00, 0x00, 0x1F, 0xF8, 0x00, 0x1F, 0xF8, 0x00, 0x00, 0x00, 0x00, 0x0F,
    0xF0, 0x00, 0x0F, 0xF0, 0x00, 0x00, 0x00, 0x00, 0x07, 0xC0, 0x00, 0x07, 0xC0, 0x00, 0x00, 0x00, 0x00, 0x00, 0x00,
    0x3C, 0x00, 0x00, 0x00, 0x00, 0x00, 0x00, 0x00, 0x00, 0xFF, 0x00, 0x00, 0x00, 0x00, 0x00, 0x00, 0x00, 0x01, 0xFF,
    0x80, 0x00, 0x00, 0x00, 0x00, 0x00, 0x00, 0x03, 0xFF, 0x80, 0x00, 0x00, 0x00, 0x00, 0x00, 0x00, 0x03, 0xFF, 0xC0,
    0x00, 0x00, 0x00, 0x00, 0x00, 0x00, 0x03, 0xFF, 0xC0, 0x00, 0x00, 0x00, 0x00, 0x00, 0x00, 0x03, 0xFF, 0xC0, 0x00,
    0x00, 0x00, 0x00, 0x00, 0x00, 0x03, 0xFF, 0xC0, 0x00, 0x00, 0x00, 0x00, 0x00, 0x00, 0x03, 0xFF, 0x80, 0x00, 0x00,
    0x00, 0x00, 0x00, 0x00, 0x01, 0xFF, 0x80, 0x00, 0x00, 0x00, 0x00, 0x00, 0x00, 0x00, 0xFF, 0x00, 0x00, 0x00, 0x00,
    0x00, 0x00, 0x00, 0x00, 0x7C, 0x00, 0x00, 0x00, 0x00, 0x00, 0x3C, 0x00, 0x00, 0x00, 0x00, 0x00, 0x3C, 0x00, 0x00,
    0xFF, 0x00, 0x00, 0x00, 0x00, 0x00, 0xFF, 0x00, 0x01, 0xFF, 0x80, 0x00, 0x00, 0x00, 0x01, 0xFF, 0x80, 0x03, 0xFF,
    0x80, 0x00, 0x00, 0x00, 0x03, 0xFF, 0x80, 0x03, 0xFF, 0xC0, 0x00, 0x00, 0x00, 0x03, 0xFF, 0xC0, 0x03, 0xFF, 0xC0,
    0x00, 0x00, 0x00, 0x03, 0xFF, 0xC0, 0x03, 0xFF, 0xC0, 0x00, 0x00, 0x00, 0x03, 0xFF, 0xC0, 0x03, 0xFF, 0xC0, 0x00,
    0x00, 0x00, 0x03, 0xFF, 0xC0, 0x03, 0xFF, 0x80, 0x00, 0x00, 0x00, 0x03, 0xFF, 0x80, 0x01, 0xFF, 0x80, 0x00, 0x00,
    0x00, 0x01, 0xFF, 0x80, 0x00, 0xFF, 0x00, 0x00, 0x00, 0x00, 0x00, 0xFF, 0x00, 0x00, 0x7C, 0x00, 0x00, 0x00, 0x00,
    0x00, 0x7C, 0x00, 0x00, 0x3C, 0x00, 0x00, 0x00, 0x00, 0x00, 0x3C, 0x00, 0x00, 0xFF, 0x00, 0x00, 0x00, 0x00, 0x00,
    0xFF, 0x00, 0x01, 0xFF, 0x80, 0x00, 0x00, 0x00, 0x01, 0xFF, 0x80, 0x03, 0xFF, 0x80, 0x00, 0x00, 0x00, 0x03, 0xFF,
    0x80, 0x03, 0xFF, 0xC0, 0x00, 0x00, 0x00, 0x03, 0xFF, 0xC0, 0x03, 0xFF, 0xC0, 0x00, 0x00, 0x00, 0x03, 0xFF, 0xC0,
    0x03, 0xFF, 0xC0, 0x00, 0x00, 0x00, 0x03, 0xFF, 0xC0, 0x03, 0xFF, 0xC0, 0x00, 0x00, 0x00, 0x03, 0xFF, 0xC0, 0x03,
    0xFF, 0x80, 0x00, 0x00, 0x00, 0x03, 0xFF, 0x80, 0x01, 0xFF, 0x80, 0x00, 0x00, 0x00, 0x01, 0xFF, 0x80, 0x00, 0xFF,
    0x00, 0x00, 0x00, 0x00, 0x00, 0xFF, 0x00, 0x00, 0x7C, 0x00, 0x00, 0x00, 0x00, 0x00, 0x7C, 0x00, 0x00, 0x3C, 0x00,
    0x00, 0x00, 0x00, 0x00, 0x3C, 0x00, 0x00, 0xFF, 0x00, 0x00, 0x00, 0x00, 0x00, 0xFF, 0x00, 0x01, 0xFF, 0x80, 0x00,
    0x00, 0x00, 0x01, 0xFF, 0x80, 0x03, 0xFF, 0x80, 0x00, 0x00, 0x00, 0x03, 0xFF, 0x80, 0x03, 0xFF, 0xC0, 0x00, 0x00,
    0x00, 0x03, 0xFF, 0xC0, 0x03, 0xFF, 0xC0, 0x00, 0x00, 0x00, 0x03, 0xFF, 0xC0, 0x03, 0xFF, 0xC0, 0x00, 0x00, 0x00,
    0x03, 0xFF, 0xC0, 0x03, 0xFF, 0xC0, 0x00, 0x00, 0x00, 0x03, 0xFF, 0xC0, 0x03, 0xFF, 0x80, 0x00, 0x00, 0x00, 0x03,
    0xFF, 0x80, 0x01, 0xFF, 0x80, 0x00, 0x00, 0x00, 0x01, 0xFF, 0x80, 0x00, 0xFF, 0x00, 0x00, 0x00, 0x00, 0x00, 0xFF,
    0x00, 0x00, 0x7C, 0x00, 0x00, 0x00, 0x00, 0x00, 0x7C, 0x00, 0x00, 0x3C, 0x00, 0x00, 0x3C, 0x00, 0x00, 0x3C, 0x00,
    0x00, 0xFF, 0x00, 0x00, 0xFF, 0x00, 0x00, 0xFF, 0x00, 0x01, 0xFF, 0x80, 0x01, 0xFF, 0x80, 0x01, 0xFF, 0x80, 0x03,
    0xFF, 0x80, 0x03, 0xFF, 0x80, 0x03, 0xFF, 0x80, 0x03, 0xFF, 0xC0, 0x03, 0xFF, 0xC0, 0x03, 0xFF, 0xC0, 0x03, 0xFF,
    0xC0, 0x03, 0xFF, 0xC0, 0x03, 0xFF, 0xC0, 0x03, 0xFF, 0xC0, 0x03, 0xFF, 0xC0, 0x03, 0xFF, 0xC0, 0x03, 0xFF, 0xC0,
    0x03, 0xFF, 0xC0, 0x03, 0xFF, 0xC0, 0x03, 0xFF, 0x80, 0x03, 0xFF, 0x80, 0x03, 0xFF, 0x80, 0x01, 0xFF, 0x80, 0x01,
    0xFF, 0x80, 0x01, 0xFF, 0x80, 0x00, 0xFF, 0x00, 0x00, 0xFF, 0x00, 0x00, 0xFF, 0x00, 0x00, 0x7C, 0x00, 0x00, 0x7C,
    0x00, 0x00, 0x7C, 0x00, 0x00, 0x3C, 0x00, 0x00, 0x3C, 0x00, 0x00, 0x3C, 0x00, 0x00, 0xFF, 0x00, 0x00, 0xFF, 0x00,
    0x00, 0xFF, 0x00, 0x01, 0xFF, 0x80, 0x01, 0xFF, 0x80, 0x01, 0xFF, 0x80, 0x03, 0xFF, 0x80, 0x03, 0xFF, 0x80, 0x03,
    0xFF, 0x80, 0x03, 0xFF, 0xC0, 0x03, 0xFF, 0xC0, 0x03, 0xFF, 0xC0, 0x03, 0xFF, 0xC0, 0x03, 0xFF, 0xC0, 0x03, 0xFF,
    0xC0, 0x03, 0xFF, 0xC0, 0x03, 0xFF, 0xC0, 0x03, 0xFF, 0xC0, 0x03, 0xFF, 0xC0, 0x03, 0xFF, 0xC0, 0x03, 0xFF, 0xC0,
    0x03, 0xFF, 0x80, 0x03, 0xFF, 0x80, 0x03, 0xFF, 0x80, 0x01, 0xFF, 0x80, 0x01, 0xFF, 0x80, 0x01, 0xFF, 0x80, 0x00,
    0xFF, 0x00, 0x00, 0xFF, 0x00, 0x00, 0xFF, 0x00, 0x00, 0x7C, 0x00, 0x00, 0x7C, 0x00, 0x00, 0x7C, 0x00, 0x00, 0x3C,
    0x00, 0x00, 0x3C, 0x00, 0x00, 0x3C, 0x00, 0x00, 0xFF, 0x00, 0x00, 0xFF, 0x00, 0x00, 0xFF, 0x00, 0x01, 0xFF, 0x80,
    0x01, 0xFF, 0x80, 0x01, 0xFF, 0x80, 0x03, 0xFF, 0x80, 0x03, 0xFF, 0x80, 0x03, 0xFF, 0x80, 0x03, 0xFF, 0xC0, 0x03,
    0xFF, 0xC0, 0x03, 0xFF, 0xC0, 0x03, 0xFF, 0xC0, 0x03, 0xFF, 0xC0, 0x03, 0xFF, 0xC0, 0x03, 0xFF, 0xC0, 0x03, 0xFF,
    0xC0, 0x03, 0xFF, 0xC0, 0x03, 0xFF, 0xC0, 0x03, 0xFF, 0xC0, 0x03, 0xFF, 0xC0, 0x03, 0xFF, 0x80, 0x03, 0xFF, 0x80,
    0x03, 0xFF, 0x80, 0x01, 0xFF, 0x80, 0x01, 0xFF, 0x80, 0x01, 0xFF, 0x80, 0x00, 0xFF, 0x00, 0x00, 0xFF, 0x00, 0x00,
    0xFF, 0x00, 0x00, 0x7C, 0x00, 0x00, 0x7C, 0x00, 0x00, 0x7C, 0x00, 0x00, 0x00, 0x03, 0xC0, 0x00, 0x03, 0xC0, 0x00,
    0x00, 0x00, 0x00, 0x0F, 0xF0, 0x00, 0x0F, 0xF0, 0x00, 0x00, 0x00, 0x00, 0x1F, 0xF8, 0x00, 0x1F, 0xF8, 0x00, 0x00,
    0x00, 0x00, 0x3F, 0xF8, 0x00, 0x3F, 0xF8, 0x00, 0x00, 0x00, 0x00, 0x3F, 0xFC, 0x00, 0x3F, 0xFC, 0x00, 0x00, 0x00,
    0x00, 0x3F, 0xFC, 0x00, 0x3F, 0xFC, 0x00, 0x00, 0x00, 0x00, 0x3F, 0xFC, 0x00, 0x3F, 0xFC, 0x00, 0x00, 0x00, 0x00,
    0x3F, 0xFC, 0x00, 0x3F, 0xFC, 0x00, 0x00, 0x00, 0x00, 0x3F, 0xF8, 0x00, 0x3F, 0xF8, 0x00, 0x00, 0x00, 0x00, 0x1F,
    0xF8, 0x00, 0x1F, 0xF8, 0x00, 0x00, 0x00, 0x00, 0x0F, 0xF0, 0x00, 0x0F, 0xF0, 0x00, 0x00, 0x00, 0x00, 0x07, 0xC0,
    0x00, 0x07, 0xC0, 0x00, 0x00, 0x00, 0x3C, 0x00, 0x00, 0x00, 0x00, 0x00, 0x3C, 0x00, 0x00, 0xFF, 0x00, 0x00, 0x00,
    0x00, 0x00, 0xFF, 0x00, 0x01, 0xFF, 0x80, 0x00, 0x00, 0x00, 0x01, 0xFF, 0x80, 0x03, 0xFF, 0x80, 0x00, 0x00, 0x00,
    0x03, 0xFF, 0x80, 0x03, 0xFF, 0xC0, 0x00, 0x00, 0x00, 0x03, 0xFF, 0xC0, 0x03, 0xFF, 0xC0, 0x00, 0x00, 0x00, 0x03,
    0xFF, 0xC0, 0x03, 0xFF, 0xC0, 0x00, 0x00, 0x00, 0x03, 0xFF, 0xC0, 0x03, 0xFF, 0xC0, 0x00, 0x00, 0x00, 0x03, 0xFF,
    0xC0, 0x03, 0xFF, 0x80, 0x00, 0x00, 0x00, 0x03, 0xFF, 0x80, 0x01, 0xFF, 0x80, 0x00, 0x00, 0x00, 0x01, 0xFF, 0x80,
    0x00, 0xFF, 0x00, 0x00, 0x00, 0x00, 0x00, 0xFF, 0x00, 0x00, 0x7C, 0x00, 0x00, 0x00, 0x00, 0x00, 0x7C, 0x00, 0x00,
    0x3C, 0x00, 0x00, 0x00, 0x00, 0x00, 0x3C, 0x00, 0x00, 0xFF, 0x00, 0x00, 0x00, 0x00, 0x00, 0xFF, 0x00, 0x01, 0xFF,
    0x80, 0x00, 0x00, 0x00, 0x01, 0xFF, 0x80, 0x03, 0xFF, 0x80, 0x00, 0x00, 0x00, 0x03, 0xFF, 0x80, 0x03, 0xFF, 0xC0,
    0x00, 0x00, 0x00, 0x03, 0xFF, 0xC0, 0x03, 0xFF, 0xC0, 0x00, 0x00, 0x00, 0x03, 0xFF, 0xC0, 0x03, 0xFF, 0xC0, 0x00,
    0x00, 0x00, 0x03, 0xFF, 0xC0, 0x03, 0xFF, 0xC0, 0x00, 0x00, 0x00, 0x03, 0xFF, 0xC0, 0x03, 0xFF, 0x80, 0x00, 0x00,
    0x00, 0x03, 0xFF, 0x80, 0x01, 0xFF, 0x80, 0x00, 0x00, 0x00, 0x01, 0xFF, 0x80, 0x00, 0xFF, 0x00, 0x00, 0x00, 0x00,
    0x00, 0xFF, 0x00, 0x00, 0x7C, 0x00, 0x00, 0x00, 0x00, 0x00, 0x7C, 0x00, 0x00, 0x00, 0x03, 0xC0, 0x00, 0x03, 0xC0,
    0x00, 0x00, 0x00, 0x00, 0x0F, 0xF0, 0x00, 0x0F, 0xF0, 0x00, 0x00, 0x00, 0x00, 0x1F, 0xF8, 0x00, 0x1F, 0xF8, 0x00,
    0x00, 0x00, 0x00, 0x3F, 0xF8, 0x00, 0x3F, 0xF8, 0x00, 0x00, 0x00, 0x00, 0x3F, 0xFC, 0x00, 0x3F, 0xFC, 0x00, 0x00,
    0x00, 0x00, 0x3F, 0xFC, 0x00, 0x3F, 0xFC, 0x00, 0x00, 0x00, 0x00, 0x3F, 0xFC, 0x00, 0x3F, 0xFC, 0x00, 0x00, 0x00,
    0x00, 0x3F, 0xFC, 0x00, 0x3F, 0xFC, 0x00, 0x00, 0x00, 0x00, 0x3F, 0xF8, 0x00, 0x3F, 0xF8, 0x00, 0x00, 0x00, 0x00,
    0x1F, 0xF8, 0x00, 0x1F, 0xF8, 0x00, 0x00, 0x00, 0x00, 0x0F, 0xF0, 0x00, 0x0F, 0xF0, 0x00, 0x00, 0x00, 0x00, 0x07,
    0xC0, 0x00, 0x07, 0xC0, 0x00, 0x00, 0x00, 0x00, 0x00, 0x00, 0x3C, 0x00, 0x00, 0x00, 0x00, 0x00, 0x00, 0x00, 0x00,
    0xFF, 0x00, 0x00, 0x00, 0x00, 0x00, 0x00, 0x00, 0x01, 0xFF, 0x80, 0x00, 0x00, 0x00, 0x00, 0x00, 0x00, 0x03, 0xFF,
    0x80, 0x00, 0x00, 0x00, 0x00, 0x00, 0x00, 0x03, 0xFF, 0xC0, 0x00, 0x00, 0x00, 0x00, 0x00, 0x00, 0x03, 0xFF, 0xC0,
    0x00, 0x00, 0x00, 0x00, 0x00, 0x00, 0x03, 0xFF, 0xC0, 0x00, 0x00, 0x00, 0x00, 0x00, 0x00, 0x03, 0xFF, 0xC0, 0x00,
    0x00, 0x00, 0x00, 0x00, 0x00, 0x03, 0xFF, 0x80, 0x00, 0x00, 0x00, 0x00, 0x00, 0x00, 0x01, 0xFF, 0x80, 0x00, 0x00,
    0x00, 0x00, 0x00, 0x00, 0x00, 0xFF, 0x00, 0x00, 0x00, 0x00, 0x00, 0x00, 0x00, 0x00, 0x7C, 0x00, 0x00, 0x00, 0x00,
    0x00, 0x00, 0x03, 0xC0, 0x00, 0x03, 0xC0, 0x00, 0x00, 0x00, 0x00, 0x0F, 0xF0, 0x00, 0x0F, 0xF0, 0x00, 0x00, 0x00,
    0x00, 0x1F, 0xF8, 0x00, 0x1F, 0xF8, 0x00, 0x00, 0x00, 0x00, 0x3F, 0xF8, 0x00, 0x3F, 0xF8, 0x00, 0x00, 0x00, 0x00,
    0x3F, 0xFC, 0x00, 0x3F, 0xFC, 0x00, 0x00, 0x00, 0x00, 0x3F, 0xFC, 0x00, 0x3F, 0xFC, 0x00, 0x00, 0x00, 0x00, 0x3F,
    0xFC, 0x00, 0x3F, 0xFC, 0x00, 0x00, 0x00, 0x00, 0x3F, 0xFC, 0x00, 0x3F, 0xFC, 0x00, 0x00, 0x00, 0x00, 0x3F, 0xF8,
    0x00, 0x3F, 0xF8, 0x00, 0x00, 0x00, 0x00, 0x1F, 0xF8, 0x00, 0x1F, 0xF8, 0x00, 0x00, 0x00, 0x00, 0x0F, 0xF0, 0x00,
    0x0F, 0xF0, 0x00, 0x00, 0x00, 0x00, 0x07, 0xC0, 0x00, 0x07, 0xC0, 0x00, 0x00, 0x00, 0x3C, 0x00, 0x00, 0x00, 0x00,
    0x00, 0x3C, 0x00, 0x00, 0xFF, 0x00, 0x00, 0x00, 0x00, 0x00, 0xFF, 0x00, 0x01, 0xFF, 0x80, 0x00, 0x00, 0x00, 0x01,
    0xFF, 0x80, 0x03, 0xFF, 0x80, 0x00, 0x00, 0x00, 0x03, 0xFF, 0x80, 0x03, 0xFF, 0xC0, 0x00, 0x00, 0x00, 0x03, 0xFF,
    0xC0, 0x03, 0xFF, 0xC0, 0x00, 0x00, 0x00, 0x03, 0xFF, 0xC0, 0x03, 0xFF, 0xC0, 0x00, 0x00, 0x00, 0x03, 0xFF, 0xC0,
    0x03, 0xFF, 0xC0, 0x00, 0x00, 0x00, 0x03, 0xFF, 0xC0, 0x03, 0xFF, 0x80, 0x00, 0x00, 0x00, 0x03, 0xFF, 0x80, 0x01,
    0xFF, 0x80, 0x00, 0x00, 0x00, 0x01, 0xFF, 0x80, 0x00, 0xFF, 0x00, 0x00, 0x00, 0x00, 0x00, 0xFF, 0x00, 0x00, 0x7C,
    0x00, 0x00, 0x00, 0x00, 0x00, 0x7C, 0x00, 0x00, 0x3C, 0x00, 0x00, 0x00, 0x00, 0x00, 0x3C, 0x00, 0x00, 0xFF, 0x00,
    0x00, 0x00, 0x00, 0x00, 0xFF, 0x00, 0x01, 0xFF, 0x80, 0x00, 0x00, 0x00, 0x01, 0xFF, 0x80, 0x03, 0xFF, 0x80, 0x00,
    0x00, 0x00, 0x03, 0xFF, 0x80, 0x03, 0xFF, 0xC0, 0x00, 0x00, 0x00, 0x03, 0xFF, 0xC0, 0x03, 0xFF, 0xC0, 0x00, 0x00,
    0x00, 0x03, 0xFF, 0xC0, 0x03, 0xFF, 0xC0, 0x00, 0x00, 0x00, 0x03, 0xFF, 0xC0, 0x03, 0xFF, 0xC0, 0x00, 0x00, 0x00,
    0x03, 0xFF, 0xC0, 0x03, 0xFF, 0x80, 0x00, 0x00, 0x00, 0x03, 0xFF, 0x80, 0x01, 0xFF, 0x80, 0x00, 0x00, 0x00, 0x01,
    0xFF, 0x80, 0x00, 0xFF, 0x00, 0x00, 0x00, 0x00, 0x00, 0xFF, 0x00, 0x00, 0x7C, 0x00, 0x00, 0x00, 0x00, 0x00, 0x7C,
    0x00, 0x00, 0x3C, 0x00, 0x00, 0x00, 0x00, 0x00, 0x3C, 0x00, 0x00, 0xFF, 0x00, 0x00, 0x00, 0x00, 0x00, 0xFF, 0x00,
    0x01, 0xFF, 0x80, 0x00, 0x00, 0x00, 0x01, 0xFF, 0x80, 0x03, 0xFF, 0x80, 0x00, 0x00, 0x00, 0x03, 0xFF, 0x80, 0x03,
    0xFF, 0xC0, 0x00, 0x00, 0x00, 0x03, 0xFF, 0xC0, 0x03, 0xFF, 0xC0, 0x00, 0x00, 0x00, 0x03, 0xFF, 0xC0, 0x03, 0xFF,
    0xC0, 0x00, 0x00, 0x00, 0x03, 0xFF, 0xC0, 0x03, 0xFF, 0xC0, 0x00, 0x00, 0x00, 0x03, 0xFF, 0xC0, 0x03, 0xFF, 0x80,
    0x00, 0x00, 0x00, 0x03, 0xFF, 0x80, 0x01, 0xFF, 0x80, 0x00, 0x00, 0x00, 0x01, 0xFF, 0x80, 0x00, 0xFF, 0x00, 0x00,
    0x00, 0x00, 0x00, 0xFF, 0x00, 0x00, 0x7C, 0x00, 0x00, 0x00, 0x00, 0x00, 0x7C, 0x00, 0x00, 0x3C, 0x00, 0x00, 0x00,
    0x00, 0x00, 0x3C, 0x00, 0x00, 0xFF, 0x00, 0x00, 0x00, 0x00, 0x00, 0xFF, 0x00, 0x01, 0xFF, 0x80, 0x00, 0x00, 0x00,
    0x01, 0xFF, 0x80, 0x03, 0xFF, 0x80, 0x00, 0x00, 0x00, 0x03, 0xFF, 0x80, 0x03, 0xFF, 0xC0, 0x00, 0x00, 0x00, 0x03,
    0xFF, 0xC0, 0x03, 0xFF, 0xC0, 0x00, 0x00, 0x00, 0x03, 0xFF, 0xC0, 0x03, 0xFF, 0xC0, 0x00, 0x00, 0x00, 0x03, 0xFF,
    0xC0, 0x03, 0xFF, 0xC0, 0x00, 0x00, 0x00, 0x03, 0xFF, 0xC0, 0x03, 0xFF, 0x80, 0x00, 0x00, 0x00, 0x03, 0xFF, 0x80,
    0x01, 0xFF, 0x80, 0x00, 0x00, 0x00, 0x01, 0xFF, 0x80, 0x00, 0xFF, 0x00, 0x00, 0x00, 0x00, 0x00, 0xFF, 0x00, 0x00,
    0x7C, 0x00, 0x00, 0x00, 0x00, 0x00, 0x7C, 0x00, 0x00, 0x00, 0x03, 0xC0, 0x00, 0x03, 0xC0, 0x00, 0x00, 0x00, 0x00,
    0x0F, 0xF0, 0x00, 0x0F, 0xF0, 0x00, 0x00, 0x00, 0x00, 0x1F, 0xF8, 0x00, 0x1F, 0xF8, 0x00, 0x00, 0x00, 0x00, 0x3F,
    0xF8, 0x00, 0x3F, 0xF8, 0x00, 0x00, 0x00, 0x00, 0x3F, 0xFC, 0x00, 0x3F, 0xFC, 0x00, 0x00, 0x00, 0x00, 0x3F, 0xFC,
    0x00, 0x3F, 0xFC, 0x00, 0x00, 0x00, 0x00, 0x3F, 0xFC, 0x00, 0x3F, 0xFC, 0x00, 0x00, 0x00, 0x00, 0x3F, 0xFC, 0x00,
    0x3F, 0xFC, 0x00, 0x00, 0x00, 0x00, 0x3F, 0xF8, 0x00, 0x3F, 0xF8, 0x00, 0x00, 0x00, 0x00, 0x1F, 0xF8, 0x00, 0x1F,
    0xF8, 0x00, 0x00, 0x00, 0x00, 0x0F, 0xF0, 0x00, 0x0F, 0xF0, 0x00, 0x00, 0x00, 0x00, 0x07, 0xC0, 0x00, 0x07, 0xC0,
    0x00, 0x00, 0x00, 0x00, 0x00, 0x00, 0x3C, 0x00, 0x00, 0x00, 0x00, 0x00, 0x00, 0x00, 0x00, 0xFF, 0x00, 0x00, 0x00,
    0x00, 0x00, 0x00, 0x00, 0x01, 0xFF, 0x80, 0x00, 0x00, 0x00, 0x00, 0x00, 0x00, 0x03, 0xFF, 0x80, 0x00, 0x00, 0x00,
    0x00, 0x00, 0x00, 0x03, 0xFF, 0xC0, 0x00, 0x00, 0x00, 0x00, 0x00, 0x00, 0x03, 0xFF, 0xC0, 0x00, 0x00, 0x00, 0x00,
    0x00, 0x00, 0x03, 0xFF, 0xC0, 0x00, 0x00, 0x00, 0x00, 0x00, 0x00, 0x03, 0xFF, 0xC0, 0x00, 0x00, 0x00, 0x00, 0x00,
    0x00, 0x03, 0xFF, 0x80, 0x00, 0x00, 0x00, 0x00, 0x00, 0x00, 0x01, 0xFF, 0x80, 0x00, 0x00, 0x00, 0x00, 0x00, 0x00,
    0x00, 0xFF, 0x00, 0x00, 0x00, 0x00, 0x00, 0x00, 0x00, 0x00, 0x7C, 0x00, 0x00, 0x00, 0x00, 0x00, 0x00, 0x00, 0x00,
    0x3C, 0x00, 0x00, 0x00, 0x00, 0x00, 0x00, 0x00, 0x00, 0xFF, 0x00, 0x00, 0x00, 0x00, 0x00, 0x00, 0x00, 0x01, 0xFF,
    0x80, 0x00, 0x00, 0x00, 0x00, 0x00, 0x00, 0x03, 0xFF, 0x80, 0x00, 0x00, 0x00, 0x00, 0x00, 0x00, 0x03, 0xFF, 0xC0,
    0x00, 0x00, 0x00, 0x00, 0x00, 0x00, 0x03, 0xFF, 0xC0, 0x00, 0x00, 0x00, 0x00, 0x00, 0x00, 0x03, 0xFF, 0xC0, 0x00,
    0x00, 0x00, 0x00, 0x00, 0x00, 0x03, 0xFF, 0xC0, 0x00, 0x00, 0x00, 0x00, 0x00, 0x00, 0x03, 0xFF, 0x80, 0x00, 0x00,
    0x00, 0x00, 0x00, 0x00, 0x01, 0xFF, 0x80, 0x00, 0x00, 0x00, 0x00, 0x00, 0x00, 0x00, 0xFF, 0x00, 0x00, 0x00, 0x00,
    0x00, 0x00, 0x00, 0x00, 0x7C, 0x00, 0x00, 0x00, 0x00, 0x00, 0x00, 0x00, 0x00, 0x3C, 0x00, 0x00, 0x00, 0x00, 0x00,
    0x00, 0x00, 0x00, 0xFF, 0x00, 0x00, 0x00, 0x00, 0x00, 0x00, 0x00, 0x01, 0xFF, 0x80, 0x00, 0x00, 0x00, 0x00, 0x00,
    0x00, 0x03, 0xFF, 0x80, 0x00, 0x00, 0x00, 0x00, 0x00, 0x00, 0x03, 0xFF, 0xC0, 0x00, 0x00, 0x00, 0x00, 0x00, 0x00,
    0x03, 0xFF, 0xC0, 0x00, 0x00, 0x00, 0x00, 0x00, 0x00, 0x03, 0xFF, 0xC0, 0x00, 0x00, 0x00, 0x00, 0x00, 0x00, 0x03,
    0xFF, 0xC0, 0x00, 0x00, 0x00, 0x00, 0x00, 0x00, 0x03, 0xFF, 0x80, 0x00, 0x00, 0x00, 0x00, 0x00, 0x00, 0x01, 0xFF,
    0x80, 0x00, 0x00, 0x00, 0x00, 0x00, 0x00, 0x00, 0xFF, 0x00, 0x00, 0x00, 0x00, 0x00, 0x00, 0x00, 0x00, 0x7C, 0x00,
    0x00, 0x00, 0x00, 0x00, 0x00, 0x00, 0x00, 0x3C, 0x00, 0x00, 0x00, 0x00, 0x00, 0x00, 0x00, 0x00, 0xFF, 0x00, 0x00,
    0x00, 0x00, 0x00, 0x00, 0x00, 0x01, 0xFF, 0x80, 0x00, 0x00, 0x00, 0x00, 0x00, 0x00, 0x03, 0xFF, 0x80, 0x00, 0x00,
    0x00, 0x00, 0x00, 0x00, 0x03, 0xFF, 0xC0, 0x00, 0x00, 0x00, 0x00, 0x00, 0x00, 0x03, 0xFF, 0xC0, 0x00, 0x00, 0x00,
    0x00, 0x00, 0x00, 0x03, 0xFF, 0xC0, 0x00, 0x00, 0x00, 0x00, 0x00, 0x00, 0x03, 0xFF, 0xC0, 0x00, 0x00, 0x00, 0x00,
    0x00, 0x00, 0x03, 0xFF, 0x80, 0x00, 0x00, 0x00, 0x00, 0x00, 0x00, 0x01, 0xFF, 0x80, 0x00, 0x00, 0x00, 0x00, 0x00,
    0x00, 0x00, 0xFF, 0x00, 0x00, 0x00, 0x00, 0x00, 0x00, 0x00, 0x00, 0x7C, 0x00, 0x00, 0x00, 0x00, 0x00, 0x3C, 0x03,
    0xC0, 0x3C, 0x03, 0xC0, 0x3C, 0x00, 0x00, 0xFF, 0x0F, 0xF0, 0xFF, 0x0F, 0xF0, 0xFF, 0x00, 0x01, 0xFF, 0x9F, 0xF9,
    0xFF, 0x9F, 0xF9, 0xFF, 0x80, 0x03, 0xFF, 0xBF, 0xFB, 0xFF, 0xBF, 0xFB, 0xFF, 0x80, 0x03, 0xFF, 0xFF, 0xFF, 0xFF,
    0xFF, 0xFF, 0xFF, 0xC0, 0x03, 0xFF, 0xFF, 0xFF, 0xFF, 0xFF, 0xFF, 0xFF, 0xC0, 0x03, 0xFF, 0xFF, 0xFF, 0xFF, 0xFF,
    0xFF, 0xFF, 0xC0, 0x03, 0xFF, 0xFF, 0xFF, 0xFF, 0xFF, 0xFF, 0xFF, 0xC0, 0x03, 0xFF, 0xBF, 0xFB, 0xFF, 0xBF, 0xFB,
    0xFF, 0x80, 0x01, 0xFF, 0x9F, 0xF9, 0xFF, 0x9F, 0xF9, 0xFF, 0x80, 0x00, 0xFF, 0x0F, 0xF0, 0xFF, 0x0F, 0xF0, 0xFF,
    0x00, 0x00, 0x7C, 0x07, 0xC0, 0x7C, 0x07, 0xC0, 0x7C, 0x00, 0x00, 0x00, 0x00, 0x00, 0x00, 0x00, 0x00, 0x3C, 0x00,
    0x00, 0x00, 0x00, 0x00, 0x00, 0x00, 0x00, 0xFF, 0x00, 0x00, 0x00, 0x00, 0x00, 0x00, 0x00, 0x01, 0xFF, 0x80, 0x00,
    0x00, 0x00, 0x00, 0x00, 0x00, 0x03, 0xFF, 0x80, 0x00, 0x00, 0x00, 0x00, 0x00, 0x00, 0x03, 0xFF, 0xC0, 0x00, 0x00,
    0x00, 0x00, 0x00, 0x00, 0x03, 0xFF, 0xC0, 0x00, 0x00, 0x00, 0x00, 0x00, 0x00, 0x03, 0xFF, 0xC0, 0x00, 0x00, 0x00,
    0x00, 0x00, 0x00, 0x03, 0xFF, 0xC0, 0x00, 0x00, 0x00, 0x00, 0x00, 0x00, 0x03, 0xFF, 0x80, 0x00, 0x00, 0x00, 0x00,
    0x00, 0x00, 0x01, 0xFF, 0x80, 0x00, 0x00, 0x00, 0x00, 0x00, 0x00, 0x00, 0xFF, 0x00, 0x00, 0x00, 0x00, 0x00, 0x00,
    0x00, 0x00, 0x7C, 0x00, 0x00, 0x00, 0x00, 0x00, 0x00, 0x03, 0xC0, 0x00, 0x00, 0x00, 0x00, 0x00, 0x00, 0x00, 0x0F,
    0xF0, 0x00, 0x00, 0x00, 0x00, 0x00, 0x00, 0x00, 0x1F, 0xF8, 0x00, 0x00, 0x00, 0x00, 0x00, 0x00, 0x00, 0x3F, 0xF8,
    0x00, 0x00, 0x00, 0x00, 0x00, 0x00, 0x00, 0x3F, 0xFC, 0x00, 0x00, 0x00, 0x00, 0x00, 0x00, 0x00, 0x3F, 0xFC, 0x00,
    0x00, 0x00, 0x00, 0x00, 0x00, 0x00, 0x3F, 0xFC, 0x00, 0x00, 0x00, 0x00, 0x00, 0x00, 0x00, 0x3F, 0xFC, 0x00, 0x00,
    0x00, 0x00, 0x00, 0x00, 0x00, 0x3F, 0xF8, 0x00, 0x00, 0x00, 0x00, 0x00, 0x00, 0x00, 0x1F, 0xF8, 0x00, 0x00, 0x00,
    0x00, 0x00, 0x00, 0x00, 0x0F, 0xF0, 0x00, 0x00, 0x00, 0x00, 0x00, 0x00, 0x00, 0x07, 0xC0, 0x00, 0x00, 0x00, 0x00,
    0x00, 0x00, 0x3C, 0x00, 0x00, 0x00, 0x00, 0x00, 0x00, 0x00, 0x00, 0xFF, 0x00, 0x00, 0x00, 0x00, 0x00, 0x00, 0x00,
    0x01, 0xFF, 0x80, 0x00, 0x00, 0x00, 0x00, 0x00, 0x00, 0x03, 0xFF, 0x80, 0x00, 0x00, 0x00, 0x00, 0x00, 0x00, 0x03,
    0xFF, 0xC0, 0x00, 0x00, 0x00, 0x00, 0x00, 0x00, 0x03, 0xFF, 0xC0, 0x00, 0x00, 0x00, 0x00, 0x00, 0x00, 0x03, 0xFF,
    0xC0, 0x00, 0x00, 0x00, 0x00, 0x00, 0x00, 0x03, 0xFF, 0xC0, 0x00, 0x00, 0x00, 0x00, 0x00, 0x00, 0x03, 0xFF, 0x80,
    0x00, 0x00, 0x00, 0x00, 0x00, 0x00, 0x01, 0xFF, 0x80, 0x00, 0x00, 0x00, 0x00, 0x00, 0x00, 0x00, 0xFF, 0x00, 0x00,
    0x00, 0x00, 0x00, 0x00, 0x00, 0x00, 0x7C, 0x00, 0x00, 0x00, 0x00, 0x00, 0x00, 0x03, 0xC0, 0x00, 0x00, 0x00, 0x00,
    0x00, 0x00, 0x00, 0x0F, 0xF0, 0x00, 0x00, 0x00, 0x00, 0x00, 0x00, 0x00, 0x1F, 0xF8, 0x00, 0x00, 0x00, 0x00, 0x00,
    0x00, 0x00, 0x3F, 0xF8, 0x00, 0x00, 0x00, 0x00, 0x00, 0x00, 0x00, 0x3F, 0xFC, 0x00, 0x00, 0x00, 0x00, 0x00, 0x00,
    0x00, 0x3F, 0xFC, 0x00, 0x00, 0x00, 0x00, 0x00, 0x00, 0x00, 0x3F, 0xFC, 0x00, 0x00, 0x00, 0x00, 0x00, 0x00, 0x00,
    0x3F, 0xFC, 0x00, 0x00, 0x00, 0x00, 0x00, 0x00, 0x00, 0x3F, 0xF8, 0x00, 0x00, 0x00, 0x00, 0x00, 0x00, 0x00, 0x1F,
    0xF8, 0x00, 0x00, 0x00, 0x00, 0x00, 0x00, 0x00, 0x0F, 0xF0, 0x00, 0x00, 0x00, 0x00, 0x00, 0x00, 0x00, 0x07, 0xC0,
    0x00, 0x00, 0x00, 0x00, 0x00, 0x00, 0x3C, 0x00, 0x00, 0x00, 0x00, 0x00, 0x00, 0x00, 0x00, 0xFF, 0x00, 0x00, 0x00,
    0x00, 0x00, 0x00, 0x00, 0x01, 0xFF, 0x80, 0x00, 0x00, 0x00, 0x00, 0x00, 0x00, 0x03, 0xFF, 0x80, 0x00, 0x00, 0x00,
    0x00, 0x00, 0x00, 0x03, 0xFF, 0xC0, 0x00, 0x00, 0x00, 0x00, 0x00, 0x00, 0x03, 0xFF, 0xC0, 0x00, 0x00, 0x00, 0x00,
    0x00, 0x00, 0x03, 0xFF, 0xC0, 0x00, 0x00, 0x00, 0x00, 0x00, 0x00, 0x03, 0xFF, 0xC0, 0x00, 0x00, 0x00, 0x00, 0x00,
    0x00, 0x03, 0xFF, 0x80, 0x00, 0x00, 0x00, 0x00, 0x00, 0x00, 0x01, 0xFF, 0x80, 0x00, 0x00, 0x00, 0x00, 0x00, 0x00,
    0x00, 0xFF, 0x00, 0x00, 0x00, 0x00, 0x00, 0x00, 0x00, 0x00, 0x7C, 0x00, 0x00, 0x00, 0x00, 0x00, 0x00, 0x00, 0x00,
    0x3C, 0x03, 0xC0, 0x3C, 0x03, 0xC0, 0x3C, 0x00, 0x00, 0xFF, 0x0F, 0xF0, 0xFF, 0x0F, 0xF0, 0xFF, 0x00, 0x01, 0xFF,
    0x9F, 0xF9, 0xFF, 0x9F, 0xF9, 0xFF, 0x80, 0x03, 0xFF, 0xBF, 0xFB, 0xFF, 0xBF, 0xFB, 0xFF, 0x80, 0x03, 0xFF, 0xFF,
    0xFF, 0xFF, 0xFF, 0xFF, 0xFF, 0xC0, 0x03, 0xFF, 0xFF, 0xFF, 0xFF, 0xFF, 0xFF, 0xFF, 0xC0, 0x03, 0xFF, 0xFF, 0xFF,
    0xFF, 0xFF, 0xFF, 0xFF, 0xC0, 0x03, 0xFF, 0xFF, 0xFF, 0xFF, 0xFF, 0xFF, 0xFF, 0xC0, 0x03, 0xFF, 0xBF, 0xFB, 0xFF,
    0xBF, 0xFB, 0xFF, 0x80, 0x01, 0xFF, 0x9F, 0xF9, 0xFF, 0x9F, 0xF9, 0xFF, 0x80, 0x00, 0xFF, 0x0F, 0xF0, 0xFF, 0x0F,
    0xF0, 0xFF, 0x00, 0x00, 0x7C, 0x07, 0xC0, 0x7C, 0x07, 0xC0, 0x7C, 0x00,
};
inline constexpr freeink::ui::FontGlyph kNDot120Glyphs[] = {
    {0, 72, 84, 72, 0, -84},       // U+0030
    {756, 72, 84, 72, 0, -84},     // U+0031
    {1512, 72, 84, 72, 0, -84},    // U+0032
    {2268, 72, 84, 72, 0, -84},    // U+0033
    {3024, 72, 84, 72, 0, -84},    // U+0034
    {3780, 72, 84, 72, 0, -84},    // U+0035
    {4536, 72, 84, 72, 0, -84},    // U+0036
    {5292, 72, 84, 72, 0, -84},    // U+0037
    {6048, 72, 84, 72, 0, -84},    // U+0038
    {6804, 72, 84, 72, 0, -84},    // U+0039
    {7560, 24, 60, 24, 0, -60},    // U+003A
    {7740, 0, 0, 72, 0, 0},        // U+003B
    {7740, 0, 0, 72, 0, 0},        // U+003C
    {7740, 0, 0, 72, 0, 0},        // U+003D
    {7740, 0, 0, 72, 0, 0},        // U+003E
    {7740, 0, 0, 72, 0, 0},        // U+003F
    {7740, 0, 0, 72, 0, 0},        // U+0040
    {7740, 72, 84, 72, 0, -84},    // U+0041
    {8496, 72, 84, 72, 0, -84},    // U+0042
    {9252, 72, 84, 72, 0, -84},    // U+0043
    {10008, 72, 84, 72, 0, -84},   // U+0044
    {10764, 72, 84, 72, 0, -84},   // U+0045
    {11520, 72, 84, 72, 0, -84},   // U+0046
    {12276, 72, 84, 72, 0, -84},   // U+0047
    {13032, 72, 84, 72, 0, -84},   // U+0048
    {13788, 48, 84, 72, 12, -84},  // U+0049
    {14292, 72, 84, 72, 0, -84},   // U+004A
    {15048, 72, 84, 72, 0, -84},   // U+004B
    {15804, 72, 84, 72, 0, -84},   // U+004C
    {16560, 72, 84, 72, 0, -84},   // U+004D
    {17316, 72, 84, 72, 0, -84},   // U+004E
    {18072, 72, 84, 72, 0, -84},   // U+004F
    {18828, 72, 84, 72, 0, -84},   // U+0050
    {19584, 72, 84, 72, 0, -84},   // U+0051
    {20340, 72, 84, 72, 0, -84},   // U+0052
    {21096, 72, 84, 72, 0, -84},   // U+0053
    {21852, 72, 84, 72, 0, -84},   // U+0054
    {22608, 72, 84, 72, 0, -84},   // U+0055
    {23364, 72, 84, 72, 0, -84},   // U+0056
    {24120, 72, 84, 72, 0, -84},   // U+0057
    {24876, 72, 84, 72, 0, -84},   // U+0058
    {25632, 72, 84, 72, 0, -84},   // U+0059
    {26388, 72, 84, 72, 0, -84},   // U+005A
};
inline constexpr freeink::ui::BitmapFont kNDot120 = {kNDot120Bitmap, kNDot120Glyphs, 48, 90, 114, 90, 72, 84, 1};

}  // namespace platform::fonts::generated
